asin,quarter,brand_grouped_50,nest_id,share,price_observed,mc,elas_own,price_nomerger,price_merger,merger_effect_pct,model_fit_pct
B0000535K8,2019Q1,Sensodyne,10,0.000999690096070218,5.66662973843486,2.41208487225034,-1.75519478412439,5.66662973843486,5.66662973843486,,
B0000535K8,2019Q2,Sensodyne,10,0.000778828330659356,6.62095038262158,3.36013270219772,-2.93554212027615,6.62095038262158,6.62095038262158,,
B0000535K8,2019Q3,Sensodyne,10,0.00130056769780009,6.26883903551287,3.01394351191387,-2.68870408887793,6.26883903551287,6.26883903551287,,
B0000535K8,2019Q4,Sensodyne,10,0.00145607035731967,6.01334692284387,2.75247342378166,-1.8617368545225,6.01334692284387,6.01334692284387,,
B0000535K8,2020Q2,Sensodyne,10,0.000378413765179122,5.82741890211961,2.55510083473635,-2.67091569697121,6.56648091056956,6.56651825194759,0.00056866651320074,12.6831340297013
B0000535K8,2020Q3,Sensodyne,10,0.00100468854655057,5.95300813849209,2.66273296366852,-2.63897854254561,6.22952117683621,6.2295280310864,0.000110028523811918,4.64504475991454
B0000535K8,2020Q4,Sensodyne,10,0.000376287845150026,5.65938437071439,2.37605389553659,-2.63983292906052,6.17158647279899,6.17159664686884,0.000164853395503057,9.05067128511357
B0000535K8,2021Q2,Sensodyne,10,0.000416020102091333,4.5710006929852,1.27722378291038,-2.13490317472125,6.17234341206233,6.17234579475398,3.86027071121802e-05,35.0327031064829
B0000535K8,2021Q3,Sensodyne,10,0.00122522993481777,4.97110718679403,1.68545902988206,-2.22288809362618,6.17058240128111,6.17058843045579,9.77083569657839e-05,24.1290561355875
B0000535K8,2021Q4,Sensodyne,10,0.000408409978272589,5.06924168287002,1.77674420188131,-2.37038621444979,6.16505921990317,6.16506515512929,9.62720048834327e-05,21.617108451591
B0000535K8,2022Q1,Sensodyne,10,0.000697700379549007,5.29793137754245,2.01308045262337,-2.42192702745872,6.1614148786234,6.16141657353318,2.75084508008963e-05,16.2985349272545
B0000535K8,2022Q2,Sensodyne,10,0.000372106869092803,5.57941150175687,2.29673770496936,-2.59421976197186,6.16134328458238,6.16134454995311,2.05372541591888e-05,10.4300076811505
B0000535K8,2022Q3,Sensodyne,10,0.000769876280881662,5.45913653624466,2.18343581065159,-2.46250692542787,6.15774090668752,6.15774349512728,4.20355418792246e-05,12.7970230135183
B0006PKIQA,2018Q1,Other,7,0.00163363991309036,10.4697928895692,7.20722077361848,-4.73911768823107,10.4697928895692,10.4697928895692,,
B0006PKIQA,2018Q2,Other,7,0.00142509013695116,10.4425961227206,7.18483485884572,-4.72748239228509,10.4425961227206,10.4425961227206,,
B0006PKIQA,2018Q4,Other,7,0.00309134937400175,10.3399526743417,7.08788086081342,-4.27493195549261,10.3399526743417,10.3399526743417,,
B0006PKIQA,2019Q1,Other,7,0.000999690096070218,10.2762715463845,7.01514725642748,-4.74266470237111,10.2762715463845,10.2762715463845,,
B0006PKIQA,2019Q2,Other,7,0.000778828330659356,10.2377807728624,6.97952868566615,-4.74950669280003,10.2377807728624,10.2377807728624,,
B0006PKIQA,2020Q2,Other,7,0.000378413765179122,10.0593508260295,6.79580368021251,-4.74298976059903,10.3536045459118,10.3536073268986,2.68600837346e-05,2.92520368320095
B0006PKIQA,2020Q3,Other,7,0.000334896182183523,10.0765841675793,6.82628533642554,-4.73237553974219,10.3427962119527,10.3427975094265,1.25447096560066e-05,2.64190064231999
B0006PKIQA,2022Q3,Other,7,0.000384938140440831,8.81523070227818,5.55609438392977,-4.14933528923107,10.3489959096285,10.3489974693396,1.50711348240483e-05,17.399054192252
B000FGDID0,2018Q2,JASON,5,0.00285018027390232,2.90479913791043,-0.334311977754896,-1.05972570262295,2.90479913791043,2.90479913791043,,
B000FGDID0,2020Q1,JASON,5,0.000374185678417344,3.30212135004822,0.0683881938490543,-1.49598395286594,2.90134184150511,2.90134345887223,5.57454865493046e-05,-12.1369825239807
B000FGDID0,2020Q3,JASON,5,0.00100468854655057,4.19223918551247,0.961566445925555,-1.57846695064504,2.89817256829572,2.89817298270693,1.42990522638326e-05,-30.8681386137884
B000FGDID0,2021Q1,JASON,5,0.000701353261117326,6.29369732882966,3.06163383425844,-2.65049984528645,2.90440955758423,2.90441076179258,4.14613821366851e-05,-53.8520743841893
B000FGDIRQ,2018Q1,JASON,5,0.00490091973927107,5.41556195749875,2.17441431327623,-1.6708778963378,5.41556195749875,5.41556195749875,,
B000FGDIRQ,2018Q2,JASON,5,0.00142509013695116,4.94708112565633,1.707970009991,-2.08228174949853,4.94708112565633,4.94708112565633,,
B000FGDIRQ,2018Q3,JASON,5,0.00499845048035109,3.47672037097358,0.235255027213968,-1.07257675226017,3.47672037097358,3.47672037097358,,
B000FGDIRQ,2018Q4,JASON,5,0.00206089958266784,3.11218172212008,-0.119741987860087,-0.962950243073398,3.11218172212008,3.11218172212008,,
B000FGDIRQ,2019Q1,JASON,5,0.00299907028821066,3.1099392446186,-0.125025682332277,-0.961351765736106,3.1099392446186,3.1099392446186,,
B000FGDIRQ,2019Q2,JASON,5,0.000778828330659356,3.84065735460015,0.612880430731738,-1.18987694787694,3.84065735460015,3.84065735460015,,
B000FGDIRQ,2019Q3,JASON,5,0.00130056769780009,3.79921657596527,0.567649228051271,-1.38785148681409,3.79921657596527,3.79921657596527,,
B000FGDIRQ,2019Q4,JASON,5,0.00145607035731967,4.82224033333037,1.59227423568539,-1.49296933390302,4.82224033333037,4.82224033333037,,
B000FGDIRQ,2020Q1,JASON,5,0.00149674271366938,4.54760549880671,1.31387234260754,-1.73326834348303,4.06636326628392,4.06636488365105,3.97742902081571e-05,-10.5822858926954
B000FGDIRQ,2020Q2,JASON,5,0.00151365506071649,4.30586376224803,1.07448673475454,-1.47679569580175,4.06175161641745,4.0617520973813,1.18412914414431e-05,-5.66928445360948
B000FGDIRQ,2020Q3,JASON,5,0.000334896182183523,4.80664523595715,1.57597249637024,-2.13179213445318,4.06319399166854,4.06319440607975,1.01991489994872e-05,-15.4671458653918
B000FGDIRQ,2020Q4,JASON,5,0.0015051513806001,4.27827745107168,1.04815258441406,-1.32449289971215,4.06112839499799,4.06112924597375,2.09541702585001e-05,-5.07559894329749
B000FGDIRQ,2021Q1,JASON,5,0.000701353261117326,4.70010078471995,1.46803729014873,-1.97937964790046,4.06943097603781,4.06943218024616,2.9591565812891e-05,-13.4181932124541
B000FGDIRQ,2021Q2,JASON,5,0.000416020102091333,3.81747139240506,0.590866019953549,-1.18312311291561,4.0572245739473,4.05722462175812,1.17841203968171e-06,6.28041980432528
B000FGDIRQ,2021Q4,JASON,5,0.000816819956545178,4.43801077966925,1.2074701998822,-1.74535680053847,4.06298857309423,4.06298932854716,1.85935283066525e-05,-8.45021496658113
B000FGDIRQ,2022Q2,JASON,5,0.000744213738185607,4.30313190011851,1.07546678764449,-1.33320271780617,4.05857588973279,4.05857595381268,1.57887618227266e-06,-5.68320823024493
B000FGDIRQ,2022Q3,JASON,5,0.00115481442132249,4.14080829290506,0.910571487754172,-1.4552124496168,4.06163854845333,4.06163885522088,7.55280284411772e-06,-1.91193197279448
B000MGWIE8,2019Q2,Other,7,0.000778828330659356,6.55056279769366,3.29231071049741,-3.03893417328513,6.55056279769366,6.55056279769366,,
B000MGWIE8,2020Q4,Other,7,0.000376287845150026,3.37648033237387,0.126760692607024,-1.58201340343711,6.53991326912154,6.53991695606375,5.63760107619956e-05,93.6903613315523
B000MGWIE8,2021Q1,Other,7,0.000350676630558663,3.3423789993664,0.0954823548852262,-1.56459367487262,6.5410363701929,6.54103846945522,3.20937263939719e-05,95.7000828061441
B000MGWIE8,2021Q3,Other,7,0.000408409978272589,5.00907751363876,1.76526721095033,-2.32897919352032,6.53449714448626,6.53449882706976,2.57492422717234e-05,30.4531385125818
B000MGWIE8,2021Q4,Other,7,0.00122522993481777,4.16711335379246,0.921970080632163,-1.84700342957559,6.53324898123332,6.53325066902323,2.58338525120595e-05,56.7812083411976
B000MGWIE8,2022Q1,Other,7,0.000348850189774503,3.80040495082914,0.537580087674574,-1.793168412796,6.55227284600391,6.55227398828779,1.74333991289941e-05,72.4098898160385
B000MGWIE8,2022Q2,Other,7,0.00111632060727841,3.24798784056274,-0.0124590045462472,-1.49208176679334,6.54637218515163,6.54637289393803,1.08271630654381e-05,101.551644134352
B000WSV82Y,2018Q3,Other,7,0.000999690096070218,15.5128576980118,12.2550264418421,-7.13588903104256,15.5128576980118,15.5128576980118,,
B000WSV82Y,2019Q2,Other,7,0.000778828330659356,15.3274203570855,12.0691682698892,-7.1106900200778,15.3274203570855,15.3274203570855,,
B000WSV82Y,2019Q3,Other,7,0.000650283848900045,14.0524834067777,10.7954504279002,-6.5438442557257,14.0524834067777,14.0524834067777,,
B000WSV82Y,2020Q2,Other,7,0.000378413765179122,14.5506000421822,11.2870528963652,-6.86061637616452,14.9652304386182,14.965233219605,1.85829871817915e-05,2.84959504227169
B000WSV82Y,2020Q3,Other,7,0.000334896182183523,12.8929592649146,9.64266043376084,-6.05506033051196,14.954422100756,14.9544233982298,8.67618784988e-06,15.9890688472505
B000WSV82Y,2020Q4,Other,7,0.000376287845150026,14.2785058123268,11.02878617256,-6.69003973148405,14.9541509418269,14.9541546287691,2.46549752097563e-05,4.73192941420368
B000WSV82Y,2021Q4,Other,7,0.000408409978272589,14.8606373554644,11.6154940823041,-6.92129315463827,14.9474866536599,14.9474883414498,1.12914628618707e-05,0.584436480804795
B000YDYWNE,2019Q3,JASON,5,0.000650283848900045,3.01585953198177,-0.215707815932229,-1.27013349267741,3.01585953198177,3.01585953198177,,
B000YDYWNE,2020Q1,JASON,5,0.000748371356834689,4.02335636726822,0.789623211069054,-1.72630575882242,3.01994600467039,3.01994762203751,5.35561603770467e-05,-24.9395940512226
B000YDYWNE,2020Q2,JASON,5,0.000378413765179122,3.02067397545926,-0.210703052034231,-1.33965641326054,3.01533435344906,3.01533483441291,1.59505975175645e-05,-0.17675330372392
B000YDYWNE,2020Q3,JASON,5,0.000334896182183523,2.994185009795,-0.236487729791915,-1.32794906626961,3.01677672718498,3.01677714159619,1.37368869765573e-05,0.754533595194773
B000YDYWNE,2021Q1,JASON,5,0.000701353261117326,4.70010078471995,1.46803729014873,-1.97937964790046,3.02301371559226,3.0230149198006,3.98346966930747e-05,-35.6819128298602
B000YDYWNE,2021Q3,JASON,5,0.000408409978272589,4.15142125447293,0.924840446920367,-1.2866317325001,3.01142420932421,3.01142439515007,6.17069697859482e-06,-27.4603994498167
B000YDYWNE,2021Q4,JASON,5,0.000816819956545178,4.43801077966925,1.2074701998822,-1.74535680053847,3.01657131171614,3.01657206716907,2.5043430155688e-05,-32.0287350137107
B000YDYWNE,2022Q3,JASON,5,0.000384938140440831,4.20720285809149,0.976966052940602,-1.83074867542775,3.015221287164,3.01522159393155,1.0173964809796e-05,-28.3319180074112
B0013HOU28,2018Q1,Orajel,6,0.00163363991309036,2.87226703108657,-0.358273548700483,-0.889097957492891,2.87226703108657,2.87226703108657,,
B0013HOU28,2018Q3,Orajel,6,0.000999690096070218,2.85191849537239,-0.379805990305785,-1.12142533071195,2.85191849537239,2.85191849537239,,
B0013HOU28,2020Q3,Orajel,6,0.000334896182183523,3.43563536380324,0.199534746629654,-1.58109477366892,2.86702057183167,2.86702119143875,2.16115325883092e-05,-16.550480832606
B0013HOU28,2021Q2,Orajel,6,0.000416020102091333,3.29103180525285,0.0617384125971086,-1.38626172420953,2.86047046240953,2.86047062458775,5.66963462376417e-06,-13.0828629482667
B0013HOU28,2021Q3,Orajel,6,0.000408409978272589,2.72807682436792,-0.501142751878052,-1.14913798786257,2.86011100439029,2.8601113909325,1.35149372362844e-05,4.83984048342085
B0013HOU28,2022Q2,Orajel,6,0.000372106869092803,3.40868801472027,0.179820523646759,-1.43586775913784,2.85995581133182,2.85995590320412,3.21236762808603e-06,-16.0980444425092
B0013TXFFY,2018Q1,Colgate,3,0.00163363991309036,9.92328366642755,6.64989274817566,-4.3142380527912,9.92328366642755,9.92328366642755,,
B0013TXFFY,2018Q3,Colgate,3,0.000999690096070218,16.3812619457376,13.0901980258578,-7.56021602384366,16.3812619457376,16.3812619457376,,
B0013TXFFY,2019Q1,Colgate,3,0.00199938019214044,11.177418731649,7.87962675231998,-5.03764830798776,11.177418731649,11.177418731649,,
B0013TXFFY,2019Q3,Colgate,3,0.000650283848900045,10.3122938835506,7.02285884955719,-4.84206604611252,10.3122938835506,10.3122938835506,,
B0013TXFFY,2020Q3,Colgate,3,0.000334896182183523,11.619935076174,8.33862828342831,-5.49745230109534,11.9367576556911,11.9426959230276,0.0497477414534552,2.77764759215717
B0013TXFFY,2021Q4,Colgate,3,0.000408409978272589,10.5372873442875,7.2420421311864,-4.98500579651302,12.0191755845538,12.0235116446914,0.0360761859830805,14.1044298389525
B0014CQA16,2021Q1,Colgate,3,0.000701353261117326,2.963442477383,-0.338236798779559,-1.39389895595445,2.96610558526577,2.97210448093802,0.202248217394853,0.292295316043156
B0014CQA16,2021Q2,Colgate,3,0.000832040204182666,3.39348124469084,0.1108615013034,-1.58450054130408,3.39602951199273,3.39939183816792,0.09900756643338,0.174174926893245
B0014CQA16,2022Q1,Colgate,3,0.000348850189774503,3.1684469521719,-0.139912868064649,-1.50205166951283,3.17430919443459,3.17627413689877,0.0619014199255229,0.247035372377225
B0014CQA16,2022Q3,Colgate,3,0.000384938140440831,3.08584418048394,-0.214371206954505,-1.46085693675049,3.09413995545417,3.09758955442885,0.111488136423752,0.380621096139211
B00169Z2SY,2018Q3,Orajel,6,0.000999690096070218,2.8420502652846,-0.389674220393575,-1.11754496624582,2.8420502652846,2.8420502652846,,
B00169Z2SY,2020Q1,Orajel,6,0.000748371356834689,2.76522284110584,-0.464874823793593,-1.0875505212772,2.84040294146468,2.84040369080855,2.63816047758648e-05,2.71879895483025
B00169Z2SY,2020Q2,Orajel,6,0.000756827530358244,2.80057231338648,-0.433256804535786,-1.20163717279618,2.84317218353956,2.84317281465805,2.21976881318688e-05,1.52113555746964
B00169Z2SY,2020Q3,Orajel,6,0.000334896182183523,2.7279089758728,-0.508191641300787,-1.25539592188341,2.84638611941044,2.84638673901753,2.17682021764238e-05,4.343171425169
B00169Z2SY,2021Q1,Orajel,6,0.000350676630558663,2.71922359270487,-0.512839901866352,-1.22112038882284,2.84388829572445,2.84388903833434,2.61124844549509e-05,4.58459708734209
B00169Z2SY,2022Q2,Orajel,6,0.000372106869092803,2.48357111670167,-0.745296374371841,-1.04617368283572,2.83932135842627,2.83932145029856,3.23571315336106e-06,14.3241452279954
B0016GCZQO,2018Q2,APAGARD,1,0.00142509013695116,15.9025820954573,12.6681001992053,-6.25108204954583,15.9025820954573,15.9025820954573,,
B0016GCZQO,2018Q3,APAGARD,1,0.000999690096070218,15.5627269578925,12.3342364281296,-4.82043444588805,15.5627269578925,15.5627269578925,,
B0016GCZQO,2018Q4,APAGARD,1,0.00103044979133392,14.7582414239201,11.516274965864,-6.54223542164657,14.7582414239201,14.7582414239201,,
B0016GCZQO,2019Q4,APAGARD,1,0.000728035178659833,14.4236801995128,11.1937141018678,-5.6728637455768,14.4236801995128,14.4236801995128,,
B0016GCZQO,2020Q3,APAGARD,1,0.000334896182183523,15.8058420228601,12.5740851649042,-7.0979989646695,15.1619147964705,15.1619152882842,3.24374390218473e-06,-4.07397931501925
B0016GCZQO,2022Q1,APAGARD,1,0.000348850189774503,13.132517254072,9.90387527721793,-5.5320055189331,15.1556294906453,15.1556295658764,4.96390616511625e-07,15.4053657243594
B0016GCZQO,2022Q3,APAGARD,1,0.000384938140440831,13.8123748219977,10.5796453770762,-6.20256957729816,15.1580680639242,15.1580683196661,1.68716669299844e-06,9.74266565315924
B0016GCZSC,2018Q2,APAGARD,1,0.00142509013695116,17.0223212279598,13.7878393317078,-6.69123580252409,17.0223212279598,17.0223212279598,,
B0016GCZSC,2018Q4,APAGARD,1,0.00309134937400175,15.6155498118012,12.3735833537451,-5.86948278281749,15.6155498118012,15.6155498118012,,
B0016GCZSC,2019Q1,APAGARD,1,0.00199938019214044,15.9037535836902,12.6655417105811,-6.24871072417039,15.9037535836902,15.9037535836902,,
B0016GCZSC,2019Q2,APAGARD,1,0.00155765666131871,15.8373556452615,12.6070609154025,-4.90275871698945,15.8373556452615,15.8373556452615,,
B0016GCZSC,2019Q3,APAGARD,1,0.00325141924450022,15.2520593684333,12.0141630184735,-5.13795088447998,15.2520593684333,15.2520593684333,,
B0016GCZSC,2020Q1,APAGARD,1,0.00112255703525203,16.183788742251,12.9536910773516,-5.68766275379721,15.9199615475767,15.9199623353235,4.9481703951451e-06,-1.63018938969901
B0016GCZSC,2020Q2,APAGARD,1,0.000378413765179122,19.340415321225,16.1114866683228,-8.14687345193194,15.9217897291943,15.9217903025273,3.60093280258039e-06,-17.6760682845625
B0016GCZSC,2020Q3,APAGARD,1,0.000669792364367046,16.7627284308004,13.5309715728445,-7.05954531328041,15.923471039121,15.9234715309346,3.08860851948641e-06,-5.00668434336545
B0016GCZSC,2020Q4,APAGARD,1,0.000376287845150026,16.6004133641169,13.3715053278203,-6.99269774230557,15.9194362462713,15.9194369948565,4.70233484279789e-06,-4.10216513482987
B0016GCZSC,2021Q1,APAGARD,1,0.000350676630558663,16.5439182299658,13.3152585437108,-6.9690313096751,15.9195256207257,15.9195260345497,2.59947413613689e-06,-3.774149429034
B0016GCZSC,2021Q2,APAGARD,1,0.000832040204182666,15.3495189915863,12.1188799086268,-6.03650311311543,15.9197870183708,15.9197872049537,1.17201883292944e-06,3.71521878750742
B0016GCZSC,2021Q3,APAGARD,1,0.000408409978272589,14.7962055043848,11.5669859281388,-6.23255242280403,15.91814917575,15.918149498733,2.02902381478097e-06,7.58264674017781
B0016GCZSC,2022Q2,APAGARD,1,0.00111632060727841,14.9250497743276,11.6913637972206,-6.0462391441618,15.9209801617021,15.9209803113409,9.39883926017949e-07,6.67287916671702
B0016GCZSC,2022Q3,APAGARD,1,0.00153975256176332,14.7490630400048,11.5163335950833,-5.38672990183581,15.9196243063736,15.9196245621155,1.60645672758856e-06,7.93651446831378
B0016GHKLO,2020Q3,APAGARD,1,0.000334896182183523,15.3446610438472,12.1129041858913,-6.89089439492722,15.3467375571559,15.3467380489696,3.20467904843345e-06,0.0135356859067848
B0016GHKLO,2020Q4,APAGARD,1,0.000376287845150026,15.2287150380879,11.9998070017913,-6.41488852893496,15.2296055811692,15.2296063297544,4.91532887669607e-06,0.00585270434323437
B0016GHKLO,2021Q1,APAGARD,1,0.000350676630558663,15.0407054971488,11.8120458108938,-6.33581150923333,15.0419337642437,15.0419341780677,2.75113529826729e-06,0.00816903780933576
B0016GHKLO,2021Q2,APAGARD,1,0.000416020102091333,14.644172250748,11.4135331677885,-6.37221596102723,14.643682521449,14.6436827080319,1.27415287612436e-06,-0.00334291831424194
B0016GHKLO,2021Q3,APAGARD,1,0.000408409978272589,14.4713985807215,11.2421790044755,-6.0957351706767,14.4706905167447,14.4706908397278,2.23198082548022e-06,-0.00489061917390288
B0016GHKLO,2021Q4,APAGARD,1,0.000408409978272589,14.1176608405803,10.8884412643343,-5.94673149478825,14.1163064288027,14.1163067089861,1.98482080999863e-06,-0.00959175609528407
B0016GHKLO,2022Q1,APAGARD,1,0.000348850189774503,13.4961989028306,10.2675569259765,-5.68520454766032,13.4951049973649,13.495105072596,5.57469696628257e-07,-0.00810472817168728
B0016GHKLO,2022Q2,APAGARD,1,0.000744213738185607,13.4395801471841,10.2058941700771,-5.76655214943154,13.4372366680213,13.43723681766,1.11361241062919e-06,-0.017436032215512
B001G8Z3U2,2020Q2,Orajel,6,0.000756827530358244,3.87234018528693,0.638511067364663,-1.66149893366853,3.87135747133275,3.87135810245125,1.63022531251005e-05,-0.0253614813960801
B001G8Z3U2,2020Q3,Orajel,6,0.000334896182183523,3.55441301015669,0.318312392983104,-1.63575677821595,3.55437273305117,3.55437335265825,1.74322484367879e-05,-0.00111572567181861
B001G8Z3U2,2022Q1,Orajel,6,0.000348850189774503,3.86664994938806,0.640261383369463,-1.19844521832023,3.86664908853393,3.86664912556181,9.57621901891681e-07,-2.13059433429308e-05
B001G8Z3U2,2022Q2,Orajel,6,0.000372106869092803,4.18240274861218,0.95353525753867,-1.76178554227543,4.18253083715081,4.1825309290231,2.19657184221439e-06,0.00306475532436679
B002OTJT2A,2020Q3,Arm & Hammer,2,0.000334896182183523,3.0533437308892,-0.180583548059287,-1.39241846783141,3.05293520731216,3.05293568107166,1.55181642260827e-05,-0.0133640314848971
B002OTJT2A,2021Q2,Arm & Hammer,2,0.000416020102091333,2.76299839048598,-0.466295002169761,-1.16384135415214,2.76269875873877,2.76269890119574,5.15644222464009e-06,-0.0108392857293804
B002OTJT2A,2021Q3,Arm & Hammer,2,0.000816819956545178,2.78057184500697,-0.461906581818122,-1.25421968139441,2.77888329502433,2.77888483876357,5.55525031739736e-05,-0.0606711977766072
B002OTJT2A,2021Q4,Arm & Hammer,2,0.000408409978272589,3.14079554330845,-0.089745036478603,-1.3666826416694,3.14019183901427,3.1401923422681,1.60262129748886e-05,-0.0192053583886631
B002OTJT2A,2022Q2,Arm & Hammer,2,0.000372106869092803,3.40868801472027,0.170169148692123,-1.57382765207118,3.40666815341038,3.40666842996812,8.11812968078275e-06,-0.0592481548159607
B0037LGIH8,2018Q1,Crest,4,0.00653455965236143,2.97,-0.319754327437825,-1.24540112061415,2.97,2.97,,
B0037LGIH8,2018Q2,Crest,4,0.00142509013695116,2.9471084803343,-0.324781947195329,-1.35527634209298,2.9471084803343,2.9471084803343,,
B0037LGIH8,2018Q3,Crest,4,0.00199938019214044,2.94215780171487,-0.342205455604489,-1.34701806869575,2.94215780171487,2.94215780171487,,
B003QYQYGG,2020Q2,Orajel,6,0.000378413765179122,2.78831443888547,-0.445514679036797,-1.26320663105923,2.78733172493129,2.78733235604979,2.26423891206523e-05,-0.0352213804149071
B003QYQYGG,2020Q3,Orajel,6,0.000334896182183523,2.77417600792717,-0.461924609246417,-1.27668821714415,2.77413573082165,2.77413635042873,2.23351394606505e-05,-0.00142952351701586
B003QYQYGG,2021Q2,Orajel,6,0.000832040204182666,2.67028032369115,-0.559013068964591,-0.975839672005129,2.67049716198834,2.67049732416656,6.07295997343682e-06,0.00812650542654225
B003QYQYGG,2021Q3,Orajel,6,0.000408409978272589,2.61629804849202,-0.612921527753951,-1.10205381616754,2.61622924643379,2.616229632976,1.47747834701464e-05,-0.00261497408764466
B004N1ZWIM,2019Q2,Other,7,0.000778828330659356,4.76788075993308,1.50962867273683,-2.2119131169326,4.76788075993308,4.76788075993308,,
B004N1ZWIM,2019Q3,Other,7,0.000650283848900045,4.75292736177725,1.49589438289971,-2.21330390607303,4.75292736177725,4.75292736177725,,
B004N1ZWIM,2020Q2,Other,7,0.000378413765179122,4.49228437375993,1.22873722794294,-2.11811469297889,4.76144358667592,4.76144636766277,5.84063803144742e-05,5.99165082858622
B004N1ZWIM,2020Q3,Other,7,0.000334896182183523,4.44122724492975,1.19092841377599,-2.08578173226247,4.75063525260052,4.75063655007428,2.73115843695151e-05,6.96675238804225
B004N1ZWIM,2021Q2,Other,7,0.000416020102091333,4.53391346626727,1.28431626685643,-2.12005511275281,4.75181568048022,4.75181658889206,1.91171523791468e-05,4.80607149311534
B004N1ZWIM,2021Q4,Other,7,0.000816819956545178,4.4178618512425,1.1727185780822,-2.00787409820755,4.74369980128155,4.74370148907145,3.55796103436667e-05,7.37550536437244
B004N1ZWIM,2022Q1,Other,7,0.000348850189774503,4.39512146866661,1.13229660551204,-2.07377716058787,4.76272366863672,4.7627248109206,2.39838369308481e-05,8.36389494294252
B004N1ZWIM,2022Q3,Other,7,0.000769876280881662,4.28469620141644,1.02555988306802,-1.98980423649208,4.75683495179162,4.75683651150275,3.2788842573219e-05,11.0192248853075
B004YDVX7I,2020Q4,Other,7,0.000376287845150026,5.18871553901522,1.93899589924837,-2.43111664257003,5.18659846210406,5.18660214904626,7.10859387800241e-05,-0.0407305035912464
B004YDVX7I,2021Q1,Other,7,0.00140270652223465,5.13926730596327,1.8923706614821,-2.26857999046782,5.14109632829985,5.14109842756217,4.08329698599085e-05,0.0356300127991593
B004YDVX7I,2021Q2,Other,7,0.000832040204182666,5.04386283363884,1.794265634228,-2.31107435736149,5.04331978737663,5.04332069578847,1.80121800904036e-05,-0.0107484653776857
B004YDVX7I,2021Q3,Other,7,0.000816819956545178,4.97548691372851,1.73167661104007,-2.25339804000694,4.97386304843105,4.97386473101455,3.38285047821533e-05,-0.0326034967448208
B004YDVX7I,2021Q4,Other,7,0.000408409978272589,4.89568130532894,1.65053803216864,-2.2801475263377,4.89147630607311,4.89147799386301,3.45047138874123e-05,-0.085857538589218
B004YDVX7I,2022Q1,Other,7,0.000348850189774503,4.778641304915,1.51581644176044,-2.25473568078222,4.77577858340425,4.77577972568813,2.39182754854288e-05,-0.0598826956090592
B004YDVX7I,2022Q2,Other,7,0.000372106869092803,4.71451649089036,1.45406964578137,-2.22115544063513,4.70813112779835,4.70813183658474,1.50545167759616e-05,-0.135425431599523
B0051B5IV4,2019Q2,Other,7,0.000778828330659356,9.74128045985118,6.48302837265493,-4.51917048889588,9.74128045985118,9.74128045985118,,
B0051B5IV4,2019Q3,Other,7,0.000650283848900045,10.6917084698321,7.43467549095456,-4.97882637744013,10.6917084698321,10.6917084698321,,
B0051B5IV4,2020Q1,Other,7,0.000374185678417344,12.4752666067218,9.23301872886191,-5.80052901527214,10.2006911295638,10.2006937096686,2.52934310795292e-05,-18.2326596196964
B0051B5IV4,2020Q3,Other,7,0.000669792364367046,9.61329047191429,6.36299164076053,-4.44401524457674,10.2067256559542,10.206726953428,1.27119489524539e-05,6.17308384935862
B0051B5IV4,2021Q1,Other,7,0.000350676630558663,9.43230683719501,6.18541019271384,-4.41533638756426,10.2075775968993,10.2075796961617,2.05657247694224e-05,8.21933459489952
B0051B5IV4,2022Q1,Other,7,0.000348850189774503,8.73772571830244,5.47490085514788,-4.12277479912156,10.2188140701424,10.2188152124263,1.1178243112052e-05,16.9505148350162
B0051B5IV4,2022Q2,Other,7,0.000372106869092803,8.53453465339737,5.27408780828838,-4.02088488083804,10.2129134100682,10.2129141188546,6.94009986300043e-06,19.6657408238317
B005PLQIQ4,2018Q1,Crest,4,0.00163363991309036,6.92,3.63024567256218,-3.20108348069078,6.92,6.92,,
B005PLQIQ4,2018Q2,Crest,4,0.00427527041085349,6.81732793970486,3.54543751217523,-2.90140373897103,6.81732793970486,6.81732793970486,,
B005PLQIQ4,2018Q3,Crest,4,0.00599814057642131,6.83789510009393,3.55353184277457,-2.86845114345448,6.83789510009393,6.83789510009393,,
B005PLQIQ4,2018Q4,Crest,4,0.00309134937400175,7.16562160957832,3.88972384734033,-3.17189616857408,7.16562160957832,7.16562160957832,,
B005PLQIQ4,2019Q1,Crest,4,0.00499845048035109,6.82798294298206,3.56025257329333,-2.80795097611566,6.82798294298206,6.82798294298206,,
B005PLQIQ4,2019Q2,Crest,4,0.00155765666131871,6.80595293198565,3.51664473186754,-3.1522749754929,6.80595293198565,6.80595293198565,,
B005PLQIQ4,2019Q3,Crest,4,0.00650283848900045,6.77397859950029,3.49107544955561,-2.79869252046603,6.77397859950029,6.77397859950029,,
B005PLQIQ4,2019Q4,Crest,4,0.00509624625061883,6.40257170233609,3.12723286273862,-2.68762627608678,6.40257170233609,6.40257170233609,,
B005PLQIQ4,2020Q1,Crest,4,0.00449022814100813,5.6723378706161,2.39433176449806,-2.43354749190709,6.80951126248527,6.80951826256082,0.000102798501704164,20.0478253919879
B005PLQIQ4,2020Q2,Crest,4,0.00151365506071649,6.3311101362157,3.06004794291467,-2.90272119087344,6.80477324227286,6.80477659089148,4.92098487415087e-05,7.48157028522178
B005PLQIQ4,2020Q3,Crest,4,0.00167448091091762,6.25191503895576,2.99171346931845,-2.81585084305037,6.79803232500494,6.79803424730135,2.82772473355399e-05,8.73523080436498
B005PLQIQ4,2020Q4,Crest,4,0.00225772707090016,6.21905699916276,2.9482557373348,-2.7937885351406,6.83333462733121,6.83334597823176,0.000166110708328725,9.87752611290911
B005PLQIQ4,2021Q1,Crest,4,0.00385744293614529,5.78076874156027,2.49677305414112,-2.54237249893585,6.8149506671403,6.81495517746193,6.618274801373e-05,17.8901195003093
B005PLQIQ4,2021Q2,Crest,4,0.002496120612548,6.45257381960128,3.17688900276522,-2.89821441649885,6.80556865924887,6.80557022601283,2.30217934445551e-05,5.4706294926721
B005PLQIQ4,2021Q3,Crest,4,0.00204204989136295,7.55537109214754,4.29818160387727,-3.33636717444435,6.79701533819694,6.79701856765757,4.75129223769943e-05,-10.0372637589985
B005PLQIQ4,2021Q4,Crest,4,0.000408409978272589,6.74056120899149,3.4739404331133,-3.17811583753988,6.80629564312441,6.80630013937377,6.60601536728187e-05,0.975273843587199
B005PLQIQ4,2022Q1,Crest,4,0.00139540075909801,7.85164549160121,4.59800663856265,-3.53213018976321,6.80251129241222,6.80251254268031,1.8379507668188e-05,-13.3619500529302
B005PLQIQ4,2022Q2,Crest,4,0.00111632060727841,8.04920241080665,4.78507199993155,-3.71072770092942,6.80313999921278,6.80314094939429,1.39668080234477e-05,-15.480558169831
B005PLQIQ4,2022Q3,Crest,4,0.00192469070220416,7.96437466559581,4.69633992449212,-3.59874275298716,6.80715272096387,6.80715502816014,3.38937050702696e-05,-14.5299497578207
B008VPSTOA,2018Q1,Sensodyne,10,0.00163363991309036,6.57,3.32885235577748,-2.58215005627871,6.57,6.57,,
B008VPSTOA,2018Q3,Sensodyne,10,0.000999690096070218,6.32019083331343,3.07219889595512,-2.66107258487922,6.32019083331343,6.32019083331343,,
B008VPSTOA,2018Q4,Sensodyne,10,0.00103044979133392,6.57672132833796,3.30424862518537,-2.86051954425566,6.57672132833796,6.57672132833796,,
B008VPSTOA,2020Q3,Sensodyne,10,0.000334896182183523,14.4392008190376,11.148925644214,-6.72533958309935,6.57996252639874,6.57996938064894,0.000104168529287584,-54.4298229305498
B008VPSTOA,2020Q4,Sensodyne,10,0.000376287845150026,11.8939858035882,8.6106553284104,-5.5479771871595,6.5220278121014,6.52203798617126,0.000155995499418555,-45.1652449071894
B008VPSTOA,2021Q1,Sensodyne,10,0.000701353261117326,12.2353097947728,8.97691006046235,-5.15272422928979,6.50450888057712,6.5045128299005,6.07167036683569e-05,-46.8381844105053
B008VPSTOA,2021Q2,Sensodyne,10,0.000416020102091333,11.0241781419055,7.73040123183067,-5.14888412726892,6.52278475709548,6.52278713978713,3.6528748642768e-05,-40.8319871483891
B009088IN4,2018Q4,Other,7,0.00103044979133392,17.7118587869461,14.4597869734178,-8.07333159336236,17.7118587869461,17.7118587869461,,
B009088IN4,2019Q4,Other,7,0.000728035178659833,17.3103406797355,14.0542606091131,-8.03087814472374,17.3103406797355,17.3103406797355,,
B009088IN4,2020Q2,Other,7,0.000378413765179122,17.4859916338583,14.2224444880413,-8.24465521758184,17.5157058503152,17.515708631302,1.58771040935882e-05,0.169947453172647
B009088IN4,2021Q1,Other,7,0.000350676630558663,16.9857057058196,13.7388090613384,-7.95114130253062,17.5057494569287,17.505751556191,1.19918448471377e-05,3.06166761262816
B009088IN4,2021Q2,Other,7,0.000416020102091333,16.6799802163902,13.4303830169794,-7.79954835959571,17.5060779425724,17.5060788509843,5.18912259091819e-06,4.95263557796259
B009088IN4,2022Q2,Other,7,0.000744213738185607,16.2996758310823,13.0392289859733,-7.58356779266059,17.5110852705693,17.5110859793557,4.04764401496471e-06,7.43211190717878
B00C7PZ20O,2018Q1,Arm & Hammer,2,0.00980183947854214,5.43026218729419,2.17307269902392,-1.66716189121006,5.43026218729419,5.43026218729419,,
B00C7PZ20O,2018Q4,Arm & Hammer,2,0.00309134937400175,5.35711555709277,2.12185118484584,-1.65585094159467,5.35711555709277,5.35711555709277,,
B00C7PZ20O,2019Q1,Arm & Hammer,2,0.00299907028821066,5.36451487532699,2.12954994837611,-1.65829151056155,5.36451487532699,5.36451487532699,,
B00C7PZ20O,2019Q2,Arm & Hammer,2,0.00311531332263742,5.35256656733358,2.11722442309328,-1.65440510731221,5.35256656733358,5.35256656733358,,
B00C7PZ20O,2019Q3,Arm & Hammer,2,0.00390170309340027,5.29018687993862,2.05229052997882,-1.63383453581036,5.29018687993862,5.29018687993862,,
B00C7PZ20O,2019Q4,Arm & Hammer,2,0.00364017589329916,5.25249214743725,2.01544568919943,-1.62261870974091,5.25249214743725,5.25249214743725,,
B00C7PZ20O,2020Q1,Arm & Hammer,2,0.0033676711057561,5.23334333308826,1.99718196620439,-1.61714535827597,5.33746400321026,5.33746565758687,3.09955555096218e-05,1.98959475561811
B00C7PZ20O,2020Q2,Arm & Hammer,2,0.00113524129553737,5.27532645811656,2.04639780521439,-1.63376990488008,5.33003857399373,5.3300388405718,5.00142856222098e-06,1.03713737698761
B00C7PZ20O,2020Q3,Arm & Hammer,2,0.00234427327528466,5.21335665915826,1.97942938020977,-1.7214205675436,5.33509116751889,5.33509164127839,8.8800637948034e-06,2.33505954184585
B00C7PZ20O,2020Q4,Arm & Hammer,2,0.00301030276120021,5.04557560551008,1.81057423218843,-1.55968267807236,5.33565664017321,5.33565809609144,2.72865803059834e-05,5.7492447494905
B00C7PZ20O,2021Q1,Arm & Hammer,2,0.00175338315279331,4.9238511357229,1.69292304107881,-1.5239742239653,5.33180164433554,5.33180208869605,8.33415314837502e-06,8.2852007854876
B00C7PZ20O,2021Q2,Arm & Hammer,2,0.000832040204182666,4.92039028923554,1.6910968965798,-1.79813033237936,5.3305661724136,5.33056631487056,2.67245466690329e-06,8.33624979978462
B00C7PZ20O,2021Q3,Arm & Hammer,2,0.00449250976099848,4.96083998803094,1.71836156120585,-1.6586276712302,5.34236228840826,5.34236383214749,2.88961913891008e-05,7.69071054573536
B00C7PZ20O,2021Q4,Arm & Hammer,2,0.00122522993481777,4.85738189688663,1.62684131709958,-1.70693328004436,5.33150928727784,5.33150979053167,9.43923764134263e-06,9.76097625654964
B00C7PZ20O,2022Q1,Arm & Hammer,2,0.00139540075909801,4.81569981309283,1.58592995001913,-1.49103497068049,5.3306734517434,5.33067357810351,2.37043417935942e-06,10.6936433955159
B00C7PZ20O,2022Q2,Arm & Hammer,2,0.00372106869092803,4.72846741906522,1.48994855303707,-1.53238227275426,5.33807141577517,5.33807169233291,5.18085500780019e-06,12.8922168483125
B00DDZOPN2,2018Q1,Other,7,0.00163363991309036,14.949750970829,11.6871788548783,-6.76695613827186,14.949750970829,14.949750970829,,
B00DDZOPN2,2018Q2,Other,7,0.00142509013695116,14.9080491313887,11.6502878675138,-6.74904391050984,14.9080491313887,14.9080491313887,,
B00DDZOPN2,2019Q3,Other,7,0.000650283848900045,15.5417808823759,12.2847479034984,-7.2373679873431,15.5417808823759,15.5417808823759,,
B00DDZOPN2,2020Q2,Other,7,0.000756827530358244,15.5490108649479,12.2854637191309,-7.24580377480492,15.1327536013709,15.1327563823577,1.83772691052452e-05,-2.67704798848999
B00DDZOPN2,2020Q3,Other,7,0.000669792364367046,15.3537307367791,12.1034319056253,-7.09769601310983,15.1219452679515,15.1219465654252,8.58007174563281e-06,-1.50962769458141
B00DDZOPN2,2020Q4,Other,7,0.000376287845150026,15.1853895704936,11.9356699307268,-7.11495032463139,15.1216741049015,15.1216777918437,2.43818388226068e-05,-0.419559724524166
B00DPIUVOO,2020Q2,Other,7,0.000378413765179122,6.1284827771337,2.86493563131671,-2.88958319106818,6.12361769039414,6.12362047138099,4.54141161223588e-05,-0.0793394699721284
B00DPIUVOO,2020Q3,Other,7,0.000334896182183523,6.09740768408993,2.84710885293617,-2.86359171919219,6.09498257841316,6.09498387588691,2.12875711851455e-05,-0.0397514538734267
B00DPIUVOO,2021Q3,Other,7,0.000408409978272589,5.75560498593569,2.51179468324725,-2.67607842399477,5.75398112063823,5.75398280322174,2.92420754705945e-05,-0.0281843996924658
B00DPIUVOO,2022Q2,Other,7,0.000372106869092803,5.62988822481368,2.36944137970469,-2.65241555202429,5.62350286172167,5.62350357050806,1.26040016280534e-05,-0.113406413247774
B00DPIUVOO,2022Q3,Other,7,0.000769876280881662,5.54649730365566,2.28736098530724,-2.57578211236015,5.54143440991849,5.54143596962962,2.8146342777587e-05,-0.0912527988196632
B00EF39784,2018Q1,Sensodyne,10,0.00163363991309036,21.4780322706019,18.2368846263794,-8.44132454129233,21.4780322706019,21.4780322706019,,
B00EF39784,2018Q2,Sensodyne,10,0.00142509013695116,21.4222400460382,18.1644787821633,-8.42078219807488,21.4222400460382,21.4222400460382,,
B00EF39784,2018Q3,Sensodyne,10,0.000999690096070218,21.7838552389596,18.5358633016013,-9.1719414014881,21.7838552389596,21.7838552389596,,
B00EF39784,2018Q4,Sensodyne,10,0.00103044979133392,20.5712563243783,17.2987836212257,-8.94738849770422,20.5712563243783,20.5712563243783,,
B00EF39784,2019Q2,Sensodyne,10,0.000778828330659356,31.8176157562507,28.5567980758268,-14.1070308372033,31.8176157562507,31.8176157562507,,
B00EF39784,2019Q3,Sensodyne,10,0.000650283848900045,27.163605701361,23.908710177762,-12.3037997035903,27.163605701361,27.163605701361,,
B00EF39784,2020Q2,Sensodyne,10,0.000378413765179122,40.813606931946,37.5412888645627,-18.7063441354623,24.4654087275649,24.4654460689429,0.000152629283443279,-40.0556630298874
B00EF39784,2020Q3,Sensodyne,10,0.000334896182183523,33.7139445407816,30.423669365958,-15.7029276456623,24.1284490020985,24.1284558563487,2.84073385503574e-05,-28.4318219508192
B00EF39784,2021Q3,Sensodyne,10,0.000408409978272589,29.9723490570188,26.6867009001068,-13.9987697921062,24.069510220395,24.0695162495697,2.504901273886e-05,-19.6942615215768
B00EF39784,2022Q3,Sensodyne,10,0.000384938140440831,27.8441276191768,24.5684268935837,-12.9208357807076,24.0566687159748,24.0566713044145,1.07597597571865e-05,-13.6023522322666
B00H88H4Q0,2018Q2,Sensodyne,10,0.00142509013695116,9.93538431104557,6.67762304717069,-3.90546026735228,9.93538431104557,9.93538431104557,,
B00H88H4Q0,2018Q4,Sensodyne,10,0.00103044979133392,9.68786495072537,6.41539224757278,-4.21369944842451,9.68786495072537,9.68786495072537,,
B00H88H4Q0,2019Q2,Sensodyne,10,0.000778828330659356,9.10746341291392,5.84664573249006,-4.03799166470975,9.10746341291392,9.10746341291392,,
B00H88H4Q0,2019Q3,Sensodyne,10,0.000650283848900045,9.60210760666453,6.34721208306553,-4.34929037122645,9.60210760666453,9.60210760666453,,
B00H88H4Q0,2020Q1,Sensodyne,10,0.000374185678417344,10.4046428571429,7.14152848679071,-4.71369071562429,9.57964891230695,9.57965399668735,5.3074809415907e-05,-7.92904544425748
B00H88H4Q0,2020Q2,Sensodyne,10,0.000756827530358244,10.4671022714476,7.19478420406434,-4.60205524745666,10.003540561573,10.003577902951,0.00037328161770389,-4.42839246694846
B00H88H4Q0,2020Q3,Sensodyne,10,0.000669792364367046,9.8454028335854,6.55512765876183,-4.47508609449087,9.66658082788953,9.66658768213972,7.09066660868528e-05,-1.81622991428746
B00H88H4Q0,2020Q4,Sensodyne,10,0.000376287845150026,9.76699395579335,6.48366348061555,-4.55583692032985,9.60864612373421,9.60865629780407,0.000105884530721613,-1.62115036321245
B00H88H4Q0,2021Q1,Sensodyne,10,0.000350676630558663,9.17211503242093,5.91371529811048,-4.11891714413103,9.59112718547796,9.59113113480134,4.11768429711299e-05,4.56836946439621
B00H88H4Q0,2021Q2,Sensodyne,10,0.000416020102091333,8.97510886573971,5.68133195566489,-4.19185856618697,9.6094030642557,9.60940544694735,2.47954179006494e-05,7.06728565297867
B00H88H4Q0,2021Q3,Sensodyne,10,0.000408409978272589,9.37001511223871,6.08436695532674,-4.37632313220606,9.60764205346289,9.60764808263757,6.27539477864095e-05,2.53610018289592
B00H88H4Q0,2021Q4,Sensodyne,10,0.000408409978272589,9.13951510630362,5.84701762531491,-4.27365313592077,9.60211887078849,9.6021248060146,6.18116292340868e-05,5.06164379981076
B00H88H4Q0,2022Q1,Sensodyne,10,0.00104655056932351,8.75344834022428,5.4685974153052,-3.9146906420448,9.59847452870339,9.59847622361317,1.76581161460266e-05,9.65365705656567
B00H88H4Q0,2022Q2,Sensodyne,10,0.000372106869092803,9.84229113572281,6.5596173389353,-4.5763009520507,9.5984029364611,9.59840420183183,1.31831382703913e-05,-2.47794878781615
B00I8YJZ4M,2018Q1,Tom's of Maine,11,0.00163363991309036,3.78,0.506609081748112,-1.67494324241116,3.78,3.78,,
B00I8YJZ4M,2018Q3,Tom's of Maine,11,0.000999690096070218,3.74005920327383,0.448995283394018,-1.71348322344725,3.74005920327383,3.74005920327383,,
B00I8YJZ4M,2019Q1,Tom's of Maine,11,0.000999690096070218,4.41094789573621,1.11315591640718,-2.02084641126216,4.41094789573621,4.41094789573621,,
B00I8YJZ4M,2019Q2,Tom's of Maine,11,0.00155765666131871,4.52412407486493,1.23481587474682,-2.01850904377756,4.52412407486493,4.52412407486493,,
B00I8YJZ4M,2022Q3,Tom's of Maine,11,0.000384938140440831,5.02881820031193,1.72860281287348,-2.32183905094698,4.1344052026894,4.13785480166408,0.0834364027124051,-17.7171526819678
B00I98BAAE,2019Q4,Other,7,0.000728035178659833,9.51635738313421,6.26027731251185,-4.41497414404213,9.51635738313421,9.51635738313421,,
B00I98BAAE,2020Q2,Other,7,0.000756827530358244,9.65233350365015,6.38878635783316,-4.49796550686625,9.51895937169235,9.5189621526792,2.92152402588397e-05,-1.38175241168895
B00I98BAAE,2021Q2,Other,7,0.000416020102091333,9.2532630661242,6.00366586671336,-4.32682004606811,9.50933146508877,9.50933237350061,9.55284657640537e-06,2.76734061861779
B00I98BAAE,2022Q1,Other,7,0.000348850189774503,8.13754135257264,4.87471648941807,-3.83958612307116,9.52023945106876,9.52024059335263,1.19984784418894e-05,16.9916093924716
B00I98BAAE,2022Q2,Other,7,0.000372106869092803,8.10738076684095,4.84693392173196,-3.81963939130661,9.51433879138002,9.51433950016641,7.44966527548261e-06,17.3540477965448
B00I98BAAE,2022Q3,Other,7,0.000384938140440831,6.67438896029634,3.41525264194792,-3.1416395761321,9.51435073332002,9.51435229303114,1.63932481594684e-05,42.5501622639732
B00IAH1A40,2021Q2,Colgate,3,0.000416020102091333,2.41742075949367,-0.865198983893769,-1.1409358479031,2.41996902679556,2.42333135297075,0.138940876430808,0.244499988422175
B00IAH1A40,2022Q1,Colgate,3,0.000697700379549007,1.98718390432953,-1.32117591590702,-0.936217472747155,1.99304614659222,1.9950110890564,0.09858991311079,0.393883259109518
B00IAH1A40,2022Q2,Colgate,3,0.00186053434546402,1.35298837183121,-1.9296854249563,-0.618334138826652,1.35577267697452,1.35792936402676,0.159074385320908,0.365191031824286
B00IAH1A40,2022Q3,Colgate,3,0.00153975256176332,1.34782434988495,-1.9523910375535,-0.623521642844319,1.35612012485518,1.35956972382986,0.254372670344889,0.871432093203217
B00ISUV79C,2020Q4,SENSODYNE PRONAMEL,9,0.000376287845150026,5.43217187887577,2.14884140369797,-2.55694169187017,5.43576924964094,5.43577942371079,0.00018716890636019,0.0664107269700232
B00ISUV79C,2021Q1,SENSODYNE PRONAMEL,9,0.000701353261117326,5.33621751167918,2.07781777736873,-2.44524612568075,5.34722668618092,5.34723063550431,7.38574145791945e-05,0.206384462421561
B00ISUV79C,2021Q2,SENSODYNE PRONAMEL,9,0.000832040204182666,5.3071660774208,2.01338916734598,-2.45928429097116,5.30107395545364,5.30107633814529,4.49473383780456e-05,-0.114745594667176
B00ISUV79C,2021Q3,SENSODYNE PRONAMEL,9,0.000408409978272589,5.1150766091225,1.82942845221053,-2.3985962308332,5.11535222862746,5.11535825780214,0.000117864311408669,0.0055062455787791
B00ISUV79C,2021Q4,SENSODYNE PRONAMEL,9,0.000408409978272589,5.06924168287002,1.77674420188131,-2.37710300800373,5.05714479572959,5.0571507309557,0.000117363183256128,-0.238515988597965
B00ISUV79C,2022Q1,SENSODYNE PRONAMEL,9,0.00104655056932351,5.46839257470142,2.18354164978234,-2.50132668349753,5.46029790281165,5.46029959772143,3.10406100673091e-05,-0.147995537435153
B00ISUV79C,2022Q3,SENSODYNE PRONAMEL,9,0.000384938140440831,5.1716020120032,1.89590128641012,-2.42700898274879,5.16898356649911,5.16898615493886,5.00763781400396e-05,-0.0505811750066032
B00IUU15GA,2019Q3,Orajel,6,0.000650283848900045,2.4202022762424,-0.807159464727366,-0.749901148519896,2.4202022762424,2.4202022762424,,
B00IUU15GA,2019Q4,Orajel,6,0.000728035178659833,2.37668379538337,-0.850929060073552,-0.736359626082513,2.37668379538337,2.37668379538337,,
B00IUU15GA,2020Q1,Orajel,6,0.000748371356834689,2.40107142857143,-0.829026236328004,-0.944331301242391,2.40103289962537,2.40103364896925,3.12092299368433e-05,-0.00157344765882028
B00IUU15GA,2020Q2,Orajel,6,0.000756827530358244,2.40187972710576,-0.831949390816507,-1.0305707697245,2.4038021415653,2.40380277268379,2.62550101263931e-05,0.0800641912387379
B00IUU15GA,2020Q3,Orajel,6,0.00167448091091762,2.37446158644802,-0.861639030725566,-0.933183953735661,2.40701607759499,2.40701669720207,2.57417094351082e-05,1.37105232360284
B00IUU15GA,2020Q4,Orajel,6,0.00112886353545008,3.88126002167774,0.652351985381189,-1.202034860717,2.40193881523769,2.40193975932144,3.93050705109118e-05,-38.114433305008
B00IUU15GA,2021Q1,Orajel,6,0.00140270652223465,3.34572896394173,0.113665469370507,-1.22208678628215,2.40451825609224,2.40451899870213,3.08839364082884e-05,-28.131685960919
B00IUU15GA,2021Q4,Orajel,6,0.000408409978272589,2.18899072669387,-1.03759008085869,-0.678424269297712,2.39743646238142,2.39743659349557,5.46893108703831e-06,9.52246458880732
B00J4YVQ6U,2021Q2,Colgate,3,0.000416020102091333,3.32857859793446,0.0459588545470195,-1.57096965020764,3.33112686523635,3.33448919141154,0.100936599271321,0.177571095384188
B00J4YVQ6U,2021Q3,Colgate,3,0.00122522993481777,3.03829291810876,-0.263841731863245,-1.41828390769354,3.05386626004134,3.05958571769617,0.187285793410954,0.700814574542852
B00J4YVQ6U,2022Q2,Colgate,3,0.000372106869092803,3.2378264600977,-0.0448473366898052,-1.53150963681674,3.24061076524101,3.24276745229326,0.0665518696469234,0.152602131598112
B00JUJ140M,2018Q1,Tom's of Maine,11,0.00326727982618071,7.54985047830112,4.27645956004923,-3.08947374013866,7.54985047830112,7.54985047830112,,
B00JUJ140M,2018Q2,Tom's of Maine,11,0.00285018027390232,8.21071621824693,4.90537625296744,-3.60466420151471,8.21071621824693,8.21071621824693,,
B00JUJ140M,2018Q3,Tom's of Maine,11,0.00199938019214044,7.47475544809587,4.18369152821606,-3.28353488566879,7.47475544809587,7.47475544809587,,
B00JUJ140M,2018Q4,Tom's of Maine,11,0.00103044979133392,12.7880702629516,9.5190154643404,-5.56212177682952,12.7880702629516,12.7880702629516,,
B00JUJ140M,2019Q1,Tom's of Maine,11,0.00399876038428087,10.9051691870752,7.60737720774618,-4.3791132546871,10.9051691870752,10.9051691870752,,
B00JUJ140M,2019Q2,Tom's of Maine,11,0.00155765666131871,9.77710489001003,6.48779668989192,-4.36220897479171,9.77710489001003,9.77710489001003,,
B00JUJ140M,2019Q3,Tom's of Maine,11,0.000650283848900045,8.74599264274713,5.45655760875372,-3.96151169577769,8.74599264274713,8.74599264274713,,
B00JUJ14VQ,2018Q1,Tom's of Maine,11,0.00163363991309036,8.98,5.70660908174811,-3.97909796742123,8.98,8.98,,
B00JUJ14VQ,2018Q2,Tom's of Maine,11,0.00142509013695116,13.1079444664245,9.80260450114501,-6.00358859885794,13.1079444664245,13.1079444664245,,
B00JUJ14VQ,2018Q4,Tom's of Maine,11,0.00103044979133392,10.4164239002718,7.1473691016606,-4.53058335003367,10.4164239002718,10.4164239002718,,
B00JUJ14VQ,2019Q2,Tom's of Maine,11,0.000778828330659356,11.3883123263841,8.09900412626599,-5.25666927587405,11.3883123263841,11.3883123263841,,
B00JUJ14VQ,2019Q3,Tom's of Maine,11,0.000650283848900045,12.0342523905208,8.74481735652739,-5.45093433556953,12.0342523905208,12.0342523905208,,
B00JUJ1BCS,2018Q2,Tom's of Maine,11,0.00285018027390232,8.91091183687787,5.60557187159838,-3.91206370399993,8.91091183687787,8.91091183687787,,
B00JUJ1BCS,2018Q3,Tom's of Maine,11,0.000999690096070218,8.87005729884806,5.57899337896825,-4.06375769647922,8.87005729884806,8.87005729884806,,
B00JUJ1BCS,2018Q4,Tom's of Maine,11,0.00103044979133392,11.2018766479014,7.9328218492902,-4.87221298941077,11.2018766479014,11.2018766479014,,
B00JUJ1BCS,2019Q1,Tom's of Maine,11,0.000999690096070218,11.1698168317418,7.87202485241277,-5.11737721515608,11.1698168317418,11.1698168317418,,
B00JUJ1BCS,2019Q2,Tom's of Maine,11,0.00233648499197807,10.7798993957987,7.49059119568059,-4.64340774756522,10.7798993957987,10.7798993957987,,
B00JUJ1BCS,2019Q3,Tom's of Maine,11,0.00130056769780009,11.0227076479902,7.73327261399679,-4.72763759856735,11.0227076479902,11.0227076479902,,
B00JUJ1BCS,2019Q4,Tom's of Maine,11,0.00145607035731967,9.27633461282758,5.98640152341014,-4.03348176933241,9.27633461282758,9.27633461282758,,
B00JUJ1BCS,2020Q1,Tom's of Maine,11,0.00261929974892141,6.58898745350242,3.29721068468162,-2.75260480141176,10.1673643384095,10.1819415810155,0.143372875416488,54.5296853707506
B00JUJ1BI2,2018Q2,Tom's of Maine,11,0.00285018027390232,8.91683462273565,5.61149465745616,-3.91466392224975,8.91683462273565,8.91683462273565,,
B00JUJ1BI2,2020Q4,Tom's of Maine,11,0.000376287845150026,11.4266198818754,8.14956598911496,-5.13125578096552,8.88871916076539,8.90548846203851,0.188658241641093,-22.0636675228503
B00JUJ1BI2,2021Q1,Tom's of Maine,11,0.000350676630558663,9.42286508860923,6.12118581244667,-4.38134598020494,8.91583704263704,8.92183593830929,0.0672835948387487,-5.31716357592347
B00JUJ1BI2,2022Q3,Tom's of Maine,11,0.000384938140440831,9.76340863661312,6.46319324917467,-4.50783117222953,8.92000582100334,8.92345541997802,0.0386726090083586,-8.60307345413411
B00JUJ1E0W,2018Q1,Tom's of Maine,11,0.00163363991309036,7.468452261226,4.19506134297411,-3.30932107042615,7.468452261226,7.468452261226,,
B00JUJ1E0W,2018Q2,Tom's of Maine,11,0.00285018027390232,8.36998654263294,5.06464657735345,-3.67458697334331,8.36998654263294,8.36998654263294,,
B00JUJ1E0W,2018Q3,Tom's of Maine,11,0.00499845048035109,7.43117788276424,4.14011396288443,-2.84393394884044,7.43117788276424,7.43117788276424,,
B00JUJ1E0W,2019Q1,Tom's of Maine,11,0.00299907028821066,8.10126935604279,4.80347737671376,-3.40596128699588,8.10126935604279,8.10126935604279,,
B00JUJ1E0W,2019Q2,Tom's of Maine,11,0.00155765666131871,8.23438315234598,4.94507495222787,-3.67389943067292,8.23438315234598,8.23438315234598,,
B00JUJ1E0W,2019Q3,Tom's of Maine,11,0.00195085154670013,7.15587158942885,3.86643655543544,-2.89704066738117,7.15587158942885,7.15587158942885,,
B00JUJ1E0W,2019Q4,Tom's of Maine,11,0.00364017589329916,7.33502037643508,4.04508728701764,-2.72518222155756,7.33502037643508,7.33502037643508,,
B00JUJ1E0W,2020Q1,Tom's of Maine,11,0.00261929974892141,7.65740636260057,4.36562959377977,-3.19894576652309,7.71882445613776,7.73340169874381,0.188853143232941,0.992442251914505
B00JUJ1E0W,2020Q2,Tom's of Maine,11,0.000756827530358244,7.74047069949872,4.46311947748269,-2.8288941520331,7.70769781244058,7.71720403051502,0.123334078550556,-0.300584678722571
B00JUJ1E0W,2020Q3,Tom's of Maine,11,0.000669792364367046,7.08494157951816,3.80363478677247,-3.04011596867299,7.71324185453474,7.71918012187122,0.0769879571841792,8.95192338898856
B00JUJ1E0W,2020Q4,Tom's of Maine,11,0.000376287845150026,7.6095776335957,4.33252374083526,-3.41716882391692,7.71435279329188,7.731122094565,0.217377941124186,1.59725633697048
B00JUJ1E0W,2021Q1,Tom's of Maine,11,0.00140270652223465,7.52035682410363,4.21867754794107,-3.22524171661809,7.74147067707389,7.74746957274614,0.0774903880991856,3.0199730405688
B00JUJ1E0W,2021Q2,Tom's of Maine,11,0.00208010051045667,7.39733078101124,4.1147110376238,-2.75191054881257,7.72229630348626,7.72565862966144,0.043540496803587,4.438463796874
B00JUJ1E0W,2021Q3,Tom's of Maine,11,0.00122522993481777,7.24867896580062,3.94654431582862,-2.84980324640786,7.75483628432685,7.76055574198168,0.0737534287653155,7.06165604237821
B00JUJ1E0W,2021Q4,Tom's of Maine,11,0.00204204989136295,7.10631355548587,3.81106834238477,-2.64373190721627,7.79565978515086,7.79999584528837,0.0556214644689223,9.7614928526057
B00JUJ1E0W,2022Q1,Tom's of Maine,11,0.00174425094887252,6.95771407060443,3.64935425036788,-2.86832195663575,7.75135035425939,7.75331529672357,0.025349679402691,11.4348077262972
B00JUJ1E0W,2022Q2,Tom's of Maine,11,0.000372106869092803,6.8643146142171,3.58164081742959,-2.98700828198828,7.7225863935401,7.72474308059235,0.02792700453377,12.5348052170156
B00JUJ1E0W,2022Q3,Tom's of Maine,11,0.00153975256176332,7.38938971112651,4.08917432368806,-3.07263016985296,7.74563945545879,7.74908905443347,0.0445360127400239,4.86778147274249
B00JUJ1EFC,2018Q4,Tom's of Maine,11,0.00103044979133392,8.486559349928,5.2175045513168,-3.69119621647244,8.486559349928,8.486559349928,,
B00JUJ1EFC,2019Q2,Tom's of Maine,11,0.000778828330659356,8.36638501957189,5.07707681945378,-3.8617942520444,8.36638501957189,8.36638501957189,,
B00JUJ1EFC,2021Q1,Tom's of Maine,11,0.000701353261117326,10.8507336753455,7.54905439918294,-4.91468578208838,8.45163307478155,8.4576319704538,0.0709791305321695,-22.0547455729117
B00KS6X5OO,2020Q2,Other,7,0.000756827530358244,2.12427187184169,-1.1392752739753,-0.989905871273183,2.11940678510213,2.11940956608898,0.000131215341487512,-0.228892818153947
B00KS6X5OO,2020Q3,Other,7,0.000334896182183523,2.20585522852542,-1.04444360262834,-1.03595972147711,2.20343012284865,2.2034314203224,5.8884270558329e-05,-0.109880656340111
B00KS6X5OO,2020Q4,Other,7,0.00112886353545008,1.61560128150462,-1.63411835826223,-0.729622898339268,1.61348420459345,1.61348789153566,0.000228508106696216,-0.130811357551675
B00KS6X5OO,2021Q2,Other,7,0.000832040204182666,1.55358763990987,-1.69600955950097,-0.711846589594736,1.55304459364766,1.5530455020595,5.84923219788524e-05,-0.0348958653147102
B00KS6X5OO,2022Q1,Other,7,0.000348850189774503,1.75276387227386,-1.5100609908807,-0.827017344603179,1.74990115076311,1.74990229304699,6.52770516582953e-05,-0.163260965845835
B00KS6X5OO,2022Q3,Other,7,0.000384938140440831,1.53636877953991,-1.7227675388085,-0.723169864694558,1.53130588580275,1.53130744551387,0.000101854968309049,-0.329434839697451
B00MOZJX4S,2020Q4,Sensodyne,10,0.000752575690300052,5.46818895278485,2.18485847760705,-2.49295387204146,5.47178632355002,5.47179649761988,0.000185936899857151,0.0659733024256148
B00MOZJX4S,2021Q2,Sensodyne,10,0.001248060306274,4.56818793058235,1.27441102050753,-2.04268575007895,4.56209580861519,4.56209819130684,5.22280055080169e-05,-0.133307547063521
B00MOZJX4S,2021Q3,Sensodyne,10,0.00122522993481777,4.51114985384149,1.22550169692952,-2.01721285055107,4.51142547334645,4.51143150252113,0.00013364234242884,0.00624339001735752
B00MOZJX4S,2022Q1,Sensodyne,10,0.000697700379549007,4.63801438180957,1.35316345689049,-2.1202487507978,4.6299197099198,4.62992140482958,3.66077575337211e-05,-0.174492278672833
B00MOZJX4S,2022Q2,Sensodyne,10,0.000372106869092803,4.55346043069149,1.27078663390398,-2.11719050135254,4.5474712922603,4.54747255763103,2.78258102039391e-05,-0.131501594262218
B00MOZJX4S,2022Q3,Sensodyne,10,0.000384938140440831,5.4318612041657,2.15616047857263,-2.5206100030329,5.42924275866161,5.42924534710137,4.76758891194408e-05,-0.0481576565750208
B00NIAULVC,2019Q2,Other,7,0.000778828330659356,7.06719944691652,3.80894735972027,-3.2786120173091,7.06719944691652,7.06719944691652,,
B00NIAULVC,2019Q3,Other,7,0.000650283848900045,6.63854680591792,3.38151382704038,-3.09138357433104,6.63854680591792,6.63854680591792,,
B00NIAULVC,2021Q1,Other,7,0.000350676630558663,8.44092323568803,5.19402659120686,-3.95126199247493,6.84395626376007,6.84395836302238,3.06732280759814e-05,-18.9193151990024
B00NIAULVC,2021Q3,Other,7,0.000408409978272589,6.92685687496553,3.68304657227709,-3.22065400153266,6.83741703096695,6.83741871355045,2.46084667876153e-05,-1.29117957869637
B00NIAULVC,2022Q3,Other,7,0.000384938140440831,5.47189309599474,2.21275677764632,-2.57562392737414,6.84930401614356,6.84930557585468,2.27718191661928e-05,25.1725034772365
B00QJA4GB4,2018Q3,Other,7,0.000999690096070218,15.8401021041821,12.5822708480124,-7.28642091974543,15.8401021041821,15.8401021041821,,
B00QJA4GB4,2019Q1,Other,7,0.000999690096070218,15.6492935263512,12.3881692363942,-7.22240081818226,15.6492935263512,15.6492935263512,,
B00QJA4GB4,2019Q2,Other,7,0.000778828330659356,15.5918993546567,12.3336472674604,-7.23338699874325,15.5918993546567,15.5918993546567,,
B00QJA4GB4,2020Q2,Other,7,0.000378413765179122,15.4809541242287,12.2174069784117,-7.29927886653714,15.6933778428588,15.6933806238457,1.77207665451497e-05,1.37217963384135
B00QJA4GB4,2020Q4,Other,7,0.000752575690300052,15.2687318196795,12.0190121799127,-7.02476139384716,15.6822983462557,15.6823020331979,2.35102159526078e-05,2.70860879870438
B00QJA4GB4,2021Q1,Other,7,0.000350676630558663,15.1510453892986,11.9041487448174,-7.09232250091874,15.6834214495914,15.6834235488537,1.33852317936545e-05,3.51380479614412
B00QJA4GB4,2021Q2,Other,7,0.000416020102091333,15.857906835443,12.6083096360322,-7.41514735871601,15.6837499374911,15.683750845903,5.79205767351308e-06,-1.09822810379238
B00QJA4GB4,2021Q4,Other,7,0.000408409978272589,15.2900046649887,12.0448613918284,-7.12126957214658,15.675634057339,15.6756357451289,1.07669641934978e-05,2.52211224646173
B00QJA4GB4,2022Q1,Other,7,0.000348850189774503,14.9645518542376,11.701726991083,-7.06081642452663,15.6946579239665,15.6946590662504,7.27816994744472e-06,4.87891130402305
B00QJA4GB4,2022Q2,Other,7,0.000372106869092803,14.6513448863755,11.3908980412665,-6.90270454454361,15.6887572636472,15.6887579724336,4.51779818787305e-06,7.08066798033518
B00QJA4GB4,2022Q3,Other,7,0.000384938140440831,14.335506916661,11.0763705983126,-6.7477331844469,15.6887692067512,15.6887707664623,9.94157734201238e-06,9.43994417266498
B00T69D4WM,2020Q1,Tom's of Maine,11,0.000374185678417344,5.45492796968282,2.16315120086202,-2.55585115805019,5.44484736364383,5.45942460624988,0.26772545918155,0.0824325562510442
B00T69D4WM,2021Q2,Tom's of Maine,11,0.000832040204182666,9.7399675055702,6.45734776218276,-4.23696043029315,9.7425157728721,9.74587809904728,0.0345118884440959,0.0606839137163195
B00T69D4WM,2021Q3,Tom's of Maine,11,0.000408409978272589,10.601457717327,7.299323067355,-4.76060158420943,10.6170310592596,10.6227505169144,0.0538705936047796,0.200847847108943
B00T69D4WM,2022Q2,Tom's of Maine,11,0.000372106869092803,10.4823563760947,7.19968257930719,-4.5614000916126,10.485140681238,10.4872973682903,0.0205689853652275,0.0471362737372916
B00USCCC5G,2020Q1,Other,7,0.000374185678417344,6.71301875142305,3.47077087356316,-3.12130083269841,6.71261006625554,6.71261264636032,3.84366849245467e-05,-0.006049514797557
B00USCCC5G,2022Q1,Other,7,0.000697700379549007,6.08249916113488,2.81967429798031,-2.83851291078931,6.07963643962413,6.07963758190801,1.87886872759017e-05,-0.0470461096839681
B00USCCC5G,2022Q2,Other,7,0.000744213738185607,6.02783406449467,2.76738721938568,-2.80450290820102,6.02144870140266,6.02144941018905,1.17710276464158e-05,-0.105919543194244
B00WQ1BZU0,2018Q1,Other,7,0.00163363991309036,13.9,10.6374278840493,-6.29178977666696,13.9,13.9,,
B00WQ1BZU0,2022Q1,Other,7,0.000348850189774503,8.79905079598786,5.53622593283329,-4.15171018722902,13.897390014328,13.8973911566119,8.21941297592611e-06,57.9419357704899
B00WQ1BZU0,2022Q2,Other,7,0.000372106869092803,7.68876995801565,4.42832311290666,-3.6224188115658,13.8914893522329,13.8914900610193,5.10230667016428e-06,80.6724630451092
B00WQ1BZU0,2022Q3,Other,7,0.000384938140440831,6.23913850698938,2.98000218864096,-2.93676688175172,13.8915012984245,13.8915028581356,1.12278082202382e-05,122.650977255492
B012T95DI8,2019Q3,Other,7,0.000650283848900045,2.0185887766642,-1.23844420221334,-0.939999727341813,2.0185887766642,2.0185887766642,,
B012T95DI8,2019Q4,Other,7,0.000728035178659833,1.88595151374551,-1.37012855687685,-0.874959486584691,1.88595151374551,1.88595151374551,,
B012T95DI8,2020Q1,Other,7,0.000374185678417344,1.89,-1.35224787785989,-0.8787788016456,1.93755281304044,1.93755539314522,0.00013316306854331,2.51615836747181
B012T95DI8,2020Q2,Other,7,0.00151365506071649,1.95884550298275,-1.30470164283424,-0.89125909032198,1.954395679532,1.95439846051885,0.000142293952046153,-0.227023645158553
B012T95DI8,2020Q3,Other,7,0.00133958472873409,1.65053499074074,-1.59976384041302,-0.738702050242116,1.9435873452736,1.94358864274735,6.67566475770163e-05,17.7550705468592
B015LW1HL2,2020Q1,hello,12,0.000374185678417344,3.83007679845709,0.58904805368682,-1.77732804393984,3.82888555834159,3.88532145896162,1.47395109517115,1.44239041177401
B015LW1HL2,2020Q4,hello,12,0.00225772707090016,4.64753953571065,1.4051957320721,-1.88110512226085,4.64722521993516,4.69918953321528,1.11817936125019,1.11134068054219
B015LW1HL2,2021Q1,hello,12,0.000350676630558663,3.76725768572654,0.535194191155318,-1.69176053868164,3.7664542045838,3.8455354707178,2.09962107166366,2.07784525300303
B015ZRTHVA,2018Q3,Other,7,0.000999690096070218,6.89789283136782,3.64006157519816,-3.17301935922311,6.89789283136782,6.89789283136782,,
B015ZRTHVA,2018Q4,Other,7,0.00103044979133392,6.88664184422433,3.63457003069605,-3.13903491677136,6.88664184422433,6.88664184422433,,
B015ZRTHVA,2019Q1,Other,7,0.00199938019214044,6.87723695534229,3.61611266538527,-3.06744544171777,6.87723695534229,6.87723695534229,,
B015ZRTHVA,2019Q2,Other,7,0.00155765666131871,6.81459598373186,3.55634389653561,-3.07226299186926,6.81459598373186,6.81459598373186,,
B015ZRTHVA,2019Q3,Other,7,0.00130056769780009,6.79194983785095,3.53491685897341,-3.08585467777529,6.79194983785095,6.79194983785095,,
B015ZRTHVA,2019Q4,Other,7,0.000728035178659833,6.74550626456594,3.48942619394358,-3.12947849135153,6.74550626456594,6.74550626456594,,
B015ZRTHVA,2020Q1,Other,7,0.00112255703525203,6.72213154856775,3.47988367070786,-2.96365418471986,6.82041106259453,6.82041364269931,3.78291683127729e-05,1.46206740260084
B015ZRTHVA,2020Q2,Other,7,0.000378413765179122,6.80027681566211,3.53672966984512,-3.20633447065641,6.83725392916588,6.83725671015273,4.06740320058393e-05,0.543799840698434
B015ZRTHVA,2020Q3,Other,7,0.000334896182183523,6.73315635257324,3.48285752141948,-3.16216526337337,6.82644559538576,6.82644689285952,1.90065787088222e-05,1.38553949145444
B015ZRTHVA,2020Q4,Other,7,0.000376287845150026,6.68227985663743,3.43256021687058,-3.130910077384,6.82617443278252,6.82617811972472,5.40118369936537e-05,2.15343065801652
B015ZRTHVA,2021Q2,Other,7,0.000832040204182666,6.50261440916292,3.25301720975208,-2.9794675058568,6.82762602254533,6.82762693095717,1.3304944387729e-05,4.99818229013047
B015ZRTHVA,2021Q3,Other,7,0.000408409978272589,6.37767792720127,3.13386762451284,-2.96531230650402,6.82075830652223,6.82075998910573,2.46685694532746e-05,6.94738848468157
B015ZRTHVA,2021Q4,Other,7,0.000816819956545178,6.21677261520803,2.97162934204773,-2.82546107796729,6.81951014321515,6.81951183100505,2.47494302336141e-05,9.69537174839801
B015ZRTHVA,2022Q1,Other,7,0.000348850189774503,6.15669319959511,2.89386833644054,-2.90495037124433,6.83853401024037,6.83853515252424,1.67036367085993e-05,11.0748080312655
B015ZRTHVA,2022Q2,Other,7,0.000372106869092803,5.97161133405882,2.71116448894983,-2.81341194364944,6.83263335020648,6.83263405899287,1.03735464063125e-05,14.4185995498945
B015ZRTHVA,2022Q3,Other,7,0.000769876280881662,7.14563916662164,3.88650284827322,-3.31842035416353,6.83264529514489,6.83264685485602,2.28273393001578e-05,-4.38018635516412
B0195UTEXE,2020Q1,Colgate,3,0.000374185678417344,1.75665176470588,-1.53512500411492,-0.82909937972834,1.74657115866689,1.76114840127294,0.834620595543082,0.255977687633169
B0195UTEXE,2020Q3,Colgate,3,0.00100468854655057,1.60185155662951,-1.67945523611618,-0.74535576887364,1.59665832631469,1.60259659365117,0.371918477398159,0.0465109902708205
B0195UTEXE,2020Q4,Colgate,3,0.000376287845150026,1.74943807405529,-1.52761581870515,-0.826170782639042,1.74960868121131,1.76637798248443,0.958460109005929,0.968305690859417
B0195UTEXE,2021Q1,Colgate,3,0.00105202989167599,1.57611286409327,-1.72556641206929,-0.736116337972189,1.57877597197604,1.58477486764829,0.379971305538804,0.549580157129581
B0195UTEXE,2021Q3,Colgate,3,0.000408409978272589,1.4780884466475,-1.8240462033245,-0.700027492747005,1.49366178858008,1.49938124623491,0.38291517521277,1.44056329211602
B019FGCLL0,2019Q1,Crest,4,0.000999690096070218,2.45350196586171,-0.814228403827018,-1.13805952580524,2.45350196586171,2.45350196586171,,
B019FGCLL0,2021Q3,Crest,4,0.000816819956545178,1.80778927656219,-1.44940021170809,-0.836712804637303,2.44351886972559,2.44352209918621,0.000132164341381346,35.1663122945931
B019FGCLL0,2021Q4,Crest,4,0.00122522993481777,1.77687315713316,-1.48974761874503,-0.818191414174268,2.45279917694329,2.45280367319265,0.000183310945451214,38.0404483767457
B019FGCM00,2018Q1,Crest,4,0.00326727982618071,5.3378365995264,2.04808227208858,-2.39223262974742,5.3378365995264,5.3378365995264,,
B019FGCM00,2018Q2,Crest,4,0.00142509013695116,5.67878322483185,2.40689279730222,-2.61148193486793,5.67878322483185,5.67878322483185,,
B019FGCM00,2018Q3,Crest,4,0.00499845048035109,5.64375003522302,2.35938677790366,-2.42161076918122,5.64375003522302,5.64375003522302,,
B019FGCM00,2018Q4,Crest,4,0.0061826987480035,5.62362498671268,2.34772722447469,-2.2961597778258,5.62362498671268,5.62362498671268,,
B019FGCM00,2019Q1,Crest,4,0.00299907028821066,5.60803543347086,2.34030506378213,-2.45377550815207,5.60803543347086,5.60803543347086,,
B019FGCM00,2019Q2,Crest,4,0.00233648499197807,7.43903257955543,4.14972437943732,-3.3940203427775,7.43903257955543,7.43903257955543,,
B019FGCM00,2020Q4,Crest,4,0.000376287845150026,12.4277021654201,9.15690090359214,-5.87053044537108,5.90275299450091,5.90276434540146,0.000192298416700312,-52.5031718105877
B019MEOV1S,2018Q1,Crest,4,0.00326727982618071,3.92,0.630245672562174,-1.75680760056273,3.92,3.92,,
B019MEOV1S,2018Q4,Crest,4,0.00103044979133392,3.92823338819173,0.652335625953735,-1.8288042108849,3.92823338819173,3.92823338819173,,
B019MEOV1S,2019Q1,Crest,4,0.000999690096070218,4.71978892228016,1.45205855259143,-2.1892791681153,4.71978892228016,4.71978892228016,,
B019MEOV1S,2019Q2,Crest,4,0.00155765666131871,3.84616373721073,0.556855537092623,-1.78140604579826,3.84616373721073,3.84616373721073,,
B01B4OB2FC,2018Q3,hello,12,0.000999690096070218,3.91587813862189,0.677666265512739,-1.7032334205086,3.91587813862189,3.91587813862189,,
B01B4OB2FC,2018Q4,hello,12,0.00103044979133392,4.4204932112734,1.17852675321727,-1.95957678406506,4.4204932112734,4.4204932112734,,
B01B4OB2FC,2019Q3,hello,12,0.000650283848900045,3.8489963911325,0.621634650162734,-1.19261387475454,3.8489963911325,3.8489963911325,,
B01B4OB2FC,2019Q4,hello,12,0.000728035178659833,3.83224763275068,0.592834151158681,-1.7204971656604,3.83224763275068,3.83224763275068,,
B01B4OB2FC,2020Q1,hello,12,0.00112255703525203,3.81280736189558,0.571778617125311,-1.67049835106529,4.00750295923121,4.06393885985123,1.40825599367374,6.58652468166658
B01B4OB2FC,2020Q2,hello,12,0.00151365506071649,3.72891404070668,0.490169560526446,-1.55057415957738,4.002433508082,4.04774119173825,1.13200340654674,8.55013410207628
B01B4OB2FC,2020Q4,hello,12,0.000752575690300052,3.75323449375458,0.510890690116031,-1.69991467584968,4.00969494253267,4.0616592558128,1.29596675120892,8.21757240511984
B01B4OB2FC,2021Q1,hello,12,0.000701353261117326,3.74558065843433,0.513517163863108,-1.57739726538997,3.99892546787511,4.07800673400912,1.97756289206421,8.87515463927409
B01B4OB2FC,2021Q3,hello,12,0.000816819956545178,3.10799930397972,-0.122541275807333,-1.22229710349512,3.99864548215342,4.09109290242946,2.31196840751815,31.6310752448017
B01B4OB2FC,2021Q4,hello,12,0.00163363991309036,3.40786700923338,0.177326429446326,-1.05489063674229,3.99726078801472,4.13053300674724,3.33408866221895,21.2058157068879
B01B4OB2FC,2022Q1,hello,12,0.000348850189774503,3.42815571874337,0.200640840632857,-1.34870388974563,3.99489267851592,4.08385245853288,2.22683779455143,19.1268073443835
B01B4OB2FC,2022Q3,hello,12,0.000769876280881662,4.19191734666136,0.962925420463598,-1.53199458438454,3.99637690767781,4.07962621656201,2.0831195557221,-2.67875343937261
B01BI9K02Y,2019Q2,Sensodyne,10,0.000778828330659356,5.77261064287478,2.51179296245092,-2.55941227570468,5.77261064287478,5.77261064287478,,
B01BI9K02Y,2020Q1,Sensodyne,10,0.000374185678417344,5.74304036244776,2.47992599209557,-2.60181117291701,5.76972359528564,5.76972867966604,8.81217326937893e-05,0.464707115638374
B01BI9K02Y,2020Q2,Sensodyne,10,0.000378413765179122,5.9291022215973,2.65678415421404,-2.7175208198695,6.19361524586519,6.19365258724322,0.000602901157900771,4.46189584457279
B01BI9K02Y,2020Q3,Sensodyne,10,0.000334896182183523,5.73885460210708,2.44857942728351,-2.67298353287776,5.85665551210483,5.85666236635502,0.000117033521559481,2.05280970534938
B01BI9K02Y,2020Q4,Sensodyne,10,0.000752575690300052,5.71674299609326,2.43341252091546,-2.60626995713426,5.79872080828911,5.79873098235897,0.000175453693879946,1.43417303037299
B01BI9K02Y,2021Q2,Sensodyne,10,0.001248060306274,5.18517486957787,1.89139795950305,-2.31857423089946,5.79947774917639,5.79948013186804,4.10845898952668e-05,11.8473393422927
B01BI9K02Y,2021Q3,Sensodyne,10,0.00122522993481777,4.83807030062356,1.55242214371159,-2.16339911075591,5.79771673673045,5.79772276590513,0.000103992225789763,19.8354386284524
B01BNEUV9Q,2020Q3,Colgate,3,0.00100468854655057,7.66104281836744,4.37973602562175,-3.56475132581767,7.65584958805262,7.6617878553891,0.0775650993163124,0.0097250079306832
B01BNEUV9Q,2020Q4,Colgate,3,0.000376287845150026,10.682649639149,7.40559574638856,-5.04487306176891,10.682820246305,10.6995895475781,0.156974477586245,0.158574033609193
B01BNEUV9Q,2021Q1,Colgate,3,0.000701353261117326,9.45469973536329,6.15302045920073,-4.4471577196342,9.45736284324606,9.46336173891831,0.0634309560887081,0.0916158502911157
B01BNEUV9Q,2022Q1,Colgate,3,0.000348850189774503,8.67427280348701,5.36591298325046,-4.11217424276463,8.6801350457497,8.68209998821388,0.0226372337967974,0.0902344773354047
B01BNEUV9Q,2022Q2,Colgate,3,0.000372106869092803,10.0979178781939,6.81524408140639,-4.77637042405645,10.1007021833372,10.1028588703895,0.0213518527038982,0.048930801925251
B01BNEUV9Q,2022Q3,Colgate,3,0.000384938140440831,9.97326025632332,6.67304486888487,-4.7214005553524,9.98155603129355,9.98500563026823,0.0345597316076219,0.117768649799954
B01BNEWDFQ,2018Q2,Colgate,3,0.00142509013695116,5.93848014883395,2.63314018355446,-2.7061219299619,5.93848014883395,5.93848014883395,,
B01BNEWDFQ,2018Q3,Colgate,3,0.00299907028821066,8.29874350768194,5.00767958780213,-3.5729527942278,8.29874350768194,8.29874350768194,,
B01BNEWDFQ,2018Q4,Colgate,3,0.00103044979133392,8.74270739455704,5.47365259594584,-4.00532980551659,8.74270739455704,8.74270739455704,,
B01BNEWDFQ,2019Q1,Colgate,3,0.000999690096070218,8.72365641740256,5.42586443807354,-4.04647741221193,8.72365641740256,8.72365641740256,,
B01BNEWDFQ,2019Q2,Colgate,3,0.00233648499197807,9.66281986745954,6.37351166734143,-4.25650831030296,9.66281986745954,9.66281986745954,,
B01BNEWDFQ,2019Q3,Colgate,3,0.00390170309340027,7.69442616744553,4.40499113345212,-3.32584809851369,7.69442616744553,7.69442616744553,,
B01BNEWDFQ,2019Q4,Colgate,3,0.0065523166079385,7.65724750904755,4.36731441963011,-3.03142559933032,7.65724750904755,7.65724750904755,,
B01BNEWDFQ,2020Q1,Colgate,3,0.00261929974892141,7.50759154457135,4.21581477575055,-3.31699663342678,8.09400387942425,8.1085811220303,0.180099278715529,8.00509156486429
B01BNEWDFQ,2020Q2,Colgate,3,0.0034057238866121,7.68697655002757,4.40962532801154,-3.36243942919893,8.08287723655289,8.09238345462733,0.117609333857591,5.27394485935182
B01BNEWDFQ,2020Q3,Colgate,3,0.00301406563965171,7.59713865146609,4.3158318587204,-3.35732602924624,8.08842127929613,8.09435954663261,0.0734168897913446,6.54484428911364
B01BNEWDFQ,2020Q4,Colgate,3,0.00451545414180031,7.54497205582764,4.2679181630672,-3.16853368601672,8.08953221716013,8.10630151843325,0.207296303704016,7.43978186336742
B01BNEWDFQ,2021Q1,Colgate,3,0.00245473641391064,7.47384570176,4.17216642559744,-3.39139302655406,8.11665010059053,8.12264899626278,0.0739085164187718,8.68098326340869
B01BNEWDFQ,2021Q2,Colgate,3,0.00166408040836533,7.25006930812063,3.96744956473319,-3.31216633902244,8.09747572677843,8.10083805295362,0.0415231399096735,11.7346291280286
B01BNEWDFQ,2021Q3,Colgate,3,0.00204204989136295,7.22829642546347,3.92616177549147,-3.32503460623312,8.1300157079017,8.13573516555653,0.0703498967323014,12.5539779594039
B01BNEWDFQ,2021Q4,Colgate,3,0.00490091973927107,7.04463008626893,3.74938487316783,-3.02885099812666,8.17083920902301,8.17517526916053,0.0530675004928518,16.048325732464
B01BNEWDFQ,2022Q1,Colgate,3,0.00627930341594106,6.92394491680221,3.61558509656566,-2.93659913180743,8.12652977780441,8.1284947202686,0.0241793547542378,17.3968715514089
B01BNEWDFQ,2022Q2,Colgate,3,0.00260474808364962,7.02672168440931,3.7440478876218,-3.15512255928474,8.0977658175222,8.09992250457444,0.0266331121552152,15.2731368675996
B01BNEWDFQ,2022Q3,Colgate,3,0.00461925768528997,8.37144382551469,5.07122843807624,-3.63181210833878,8.12081888072616,8.12426847970084,0.0424784621519719,-2.95260113984766
B01BNHREXE,2018Q1,Colgate,3,0.00163363991309036,2.98139816569636,-0.291992752555529,-1.29619003641762,2.98139816569636,2.98139816569636,,
B01BNHREXE,2018Q4,Colgate,3,0.00103044979133392,2.94578814223616,-0.32326665637504,-1.34956513061177,2.94578814223616,2.94578814223616,,
B01BNHREXE,2019Q1,Colgate,3,0.000999690096070218,2.91661277869505,-0.381179200633975,-1.35287397445121,2.91661277869505,2.91661277869505,,
B01BNHREXE,2019Q2,Colgate,3,0.000778828330659356,2.89582941860966,-0.393478781508448,-1.34608827881903,2.89582941860966,2.89582941860966,,
B01BNHREXE,2019Q3,Colgate,3,0.000650283848900045,2.90618666906216,-0.383248364931251,-1.3645797872748,2.90618666906216,2.90618666906216,,
B01BNHREXE,2019Q4,Colgate,3,0.00145607035731967,2.88528939460449,-0.404643694812954,-1.32428482693773,2.88528939460449,2.88528939460449,,
B01BNHREXE,2020Q1,Colgate,3,0.000374185678417344,2.88321428571429,-0.408562483106507,-1.36081107476065,2.91872792087736,2.93330516348341,0.499438214222695,1.7373276075008
B01BNHREXE,2021Q3,Colgate,3,0.000816819956545178,2.89215611115258,-0.409978538819424,-1.3599006795957,2.95473974999699,2.96045920765181,0.193568914312429,2.36166700116383
B01BNHREXE,2021Q4,Colgate,3,0.000408409978272589,3.35881573043311,0.06357051733201,-1.58899680141164,2.99556325123981,2.99989931137733,0.144749410172625,-10.6858026120267
B01BNHREXE,2022Q1,Colgate,3,0.00104655056932351,2.79222733096231,-0.516132489274238,-1.30729264141833,2.95125382035514,2.95321876281932,0.0665799210705221,5.76569930649327
B01BNHREXE,2022Q2,Colgate,3,0.00111632060727841,3.3516260544729,0.0689522576853952,-1.55853814313161,2.92248986109023,2.92464654814248,0.0737962201669798,-12.7394733001493
B01BNHREXE,2022Q3,Colgate,3,0.000769876280881662,3.23930591437799,-0.0609094730604554,-1.52185322562274,2.94554292100958,2.94899251998426,0.117112500723477,-8.96220987048933
B01CWYES90,2018Q2,Other,7,0.00142509013695116,5.94383158154965,2.68607031767477,-2.69084036328347,5.94383158154965,5.94383158154965,,
B01CWYES90,2022Q2,Other,7,0.000372106869092803,4.30313190011851,1.04268505500952,-2.02733935710845,5.94013179603042,5.94013250481681,1.1932166111312e-05,38.0420736034891
B01CWYES90,2022Q3,Other,7,0.000384938140440831,4.18933344803506,0.930197129686644,-1.97192219935839,5.94014373993886,5.94014529964998,2.62571276253105e-05,41.7921340788977
B01CWYEUWK,2018Q1,Other,7,0.00326727982618071,5.98195824934176,2.71938613339104,-2.56201326490379,5.98195824934176,5.98195824934176,,
B01CWYEUWK,2018Q2,Other,7,0.00142509013695116,5.93848014883395,2.68071888495907,-2.68841770864475,5.93848014883395,5.93848014883395,,
B01CWYEUWK,2020Q4,Other,7,0.000376287845150026,5.71330994093772,2.46359030117087,-2.67690968547692,5.94765507171464,5.94765875865685,6.19898457678666e-05,4.10180473563919
B01CWYEUWK,2022Q3,Other,7,0.000384938140440831,4.20720285809149,0.948066539743073,-1.98033334323528,5.95412593144434,5.95412749115546,2.61954675238225e-05,41.5222344153005
B01FA7PEQ2,2018Q1,Other,7,0.00163363991309036,15.9470659121785,12.6844937962278,-7.21838750173229,15.9470659121785,15.9470659121785,,
B01FA7PEQ2,2018Q2,Other,7,0.00142509013695116,15.9025820954573,12.6448208315824,-7.19928032882269,15.9025820954573,15.9025820954573,,
B01FA7PEQ2,2021Q4,Other,7,0.000408409978272589,13.3551306196841,10.1099873465238,-6.22010832552417,15.9055955843946,15.9055972721845,1.06112965017779e-05,19.0972797281465
B01FA7PEQ2,2022Q2,Other,7,0.000744213738185607,13.6817710767484,10.4213242316394,-6.36556454002158,15.9187187909241,15.9187194997105,4.45253416711724e-06,16.3498454287377
B01J37CQQ6,2018Q2,Colgate,3,0.00142509013695116,2.96695432868672,-0.33838563659277,-1.35201936738495,2.96695432868672,2.96695432868672,,
B01J37CQQ6,2019Q2,Colgate,3,0.00155765666131871,2.91508447321643,-0.374223726901678,-1.31957217846474,2.91508447321643,2.91508447321643,,
B01J37CQQ6,2019Q3,Colgate,3,0.000650283848900045,2.83378809031705,-0.455646943676362,-1.33058553692788,2.83378809031705,2.83378809031705,,
B01J37CQQ6,2020Q1,Colgate,3,0.00187092839208672,2.82007802213917,-0.471698746681628,-1.27431344736146,2.89227739354156,2.90685463614761,0.504005689032425,3.07709975848873
B01J37CQQ6,2020Q3,Colgate,3,0.000669792364367046,3.06306448094593,-0.218242311799759,-1.43721151104643,2.8866947937553,2.89263306109178,0.205711644657641,-5.56408201375898
B01J37CQQ6,2020Q4,Colgate,3,0.000752575690300052,2.57635825660056,-0.700695636159884,-1.20443467353341,2.88780573044343,2.90457503171655,0.580693538222845,12.7395626860163
B01KZOTRG8,2018Q1,Crest,4,0.00326727982618071,7.84,4.55024567256217,-3.51361520112546,7.84,7.84,,
B01KZOTRG8,2018Q3,Crest,4,0.000999690096070218,9.87653645895531,6.59217320163595,-4.61647495746945,9.87653645895531,9.87653645895531,,
B01KZOTRG8,2018Q4,Crest,4,0.00103044979133392,9.82257785220552,6.54668008996752,-4.57293901932016,9.82257785220552,9.82257785220552,,
B01KZOTRG8,2019Q2,Crest,4,0.00623062664527485,9.7277135907498,6.43840539063169,-4.1016634679801,9.7277135907498,9.7277135907498,,
B01KZOTRG8,2019Q3,Crest,4,0.00325141924450022,9.69410978882557,6.41120663888089,-4.31463919340388,9.69410978882557,9.69410978882557,,
B01KZOTRG8,2019Q4,Crest,4,0.00509624625061883,9.4934941106291,6.21815527103163,-3.98511182846922,9.4934941106291,9.4934941106291,,
B01KZOTRG8,2020Q1,Crest,4,0.00224511407050407,9.61392857142857,6.33592246531053,-4.35522320978769,9.39638758141668,9.39639458149223,7.44975182371519e-05,-2.26269613218083
B01KZOTRG8,2020Q2,Crest,4,0.00491937894732859,9.6817693422123,6.41070714891127,-4.03555158533467,9.39164955879867,9.39165290741729,3.56552765172966e-05,-2.99652289308433
B01KZOTRG8,2020Q3,Crest,4,0.00234427327528466,9.55363602838537,6.29343445874807,-4.20126885516145,9.38490864251077,9.38491056480718,2.04828463007922e-05,-1.76608636834057
B01KZOTRG8,2020Q4,Crest,4,0.00301030276120021,8.47210492902045,5.20130366719249,-3.72749338687948,9.42021094279819,9.42022229369874,0.000120495184421077,11.1910484185647
B01KZOTRG8,2021Q1,Crest,4,0.00175338315279331,8.57362960611864,5.28963391869949,-3.94465862112059,9.40182698351244,9.40183149383406,4.79728209762106e-05,9.65987482272819
B01KZOTRG8,2021Q2,Crest,4,0.002496120612548,8.52783020019408,5.25214538335802,-3.83032896928314,9.39244497402224,9.3924465407862,1.66811087399823e-05,10.1387612123473
B01KZOTRG8,2021Q3,Crest,4,0.00122522993481777,8.08452208899151,4.82733260072124,-3.68455850595243,9.38389164952572,9.38389487898634,3.44149393779638e-05,16.0723512867156
B01KZOTRG8,2021Q4,Crest,4,0.00163363991309036,10.2444141586841,6.97779338280591,-4.66074567788276,9.39317196026339,9.39317645651276,4.78672101331369e-05,-8.30928629969296
B01KZOTRG8,2022Q1,Crest,4,0.000348850189774503,12.4919916720876,9.23835281904904,-5.87394962114281,9.3893876129004,9.38938886316848,1.33157574930709e-05,-24.8367345285031
B01KZOTRG8,2022Q2,Crest,4,0.00260474808364962,8.54771378718155,5.28358337630645,-3.75821818443274,9.3900163104733,9.3900172606548,1.01190612650654e-05,9.8541375441981
B01KZOTRG8,2022Q3,Crest,4,0.00192469070220416,8.41230158676341,5.14426684565972,-3.80114078536289,9.39402903401785,9.39403134121412,2.45602420279037e-05,11.6701683163076
B01KZOTTZW,2018Q2,Crest,4,0.00427527041085349,15.8369869852308,12.5650965577012,-6.74010311068788,15.8369869852308,15.8369869852308,,
B01KZOTTZW,2018Q3,Crest,4,0.000999690096070218,14.605434370567,11.3210711132476,-6.82684889534829,14.605434370567,14.605434370567,,
B01KZOTTZW,2019Q2,Crest,4,0.000778828330659356,9.73811344478566,6.44880524466755,-4.57773040817581,9.73811344478566,9.73811344478566,,
B01KZOTTZW,2019Q3,Crest,4,0.000650283848900045,13.3086962572615,10.0257931073168,-6.26331776502106,13.3086962572615,13.3086962572615,,
B01KZOTTZW,2020Q1,Crest,4,0.000748371356834689,14.9650751548193,11.6870690487013,-7.01871341206103,13.3604347127887,13.3604417128642,5.23940702722708e-05,-10.7225217738939
B01KZOTTZW,2020Q2,Crest,4,0.000378413765179122,14.6386508041487,11.3675886108477,-6.91491670511575,13.3556966878766,13.3557000364952,2.50725866121591e-05,-8.76413260223311
B01KZOTTZW,2020Q3,Crest,4,0.000334896182183523,15.7002778077712,12.4400762381339,-7.40554426908896,13.3489557756551,13.3489576979515,1.44003504470439e-05,-14.9762962070384
B01KZOTTZW,2022Q3,Crest,4,0.000384938140440831,13.3989317149251,10.1308969738214,-6.32394406675969,13.3580761636664,13.3580784708627,1.72719202741595e-05,-0.304899263102332
B01LTHYW9W,2018Q1,Colgate,3,0.00163363991309036,10.44,7.16660908174811,-4.53888519014343,10.44,10.44,,
B01LTHYW9W,2018Q2,Colgate,3,0.00570036054780465,9.76651203860563,6.46117207332614,-3.82613287519137,9.76651203860563,9.76651203860563,,
B01LTHYW9W,2018Q3,Colgate,3,0.000999690096070218,12.4043652203567,9.11330130047689,-5.72481418191052,12.4043652203567,12.4043652203567,,
B01LTHYW9W,2018Q4,Colgate,3,0.00103044979133392,8.47671415346637,5.20765935485517,-3.88346930984568,8.47671415346637,8.47671415346637,,
B01LTHYW9W,2019Q1,Colgate,3,0.00399876038428087,8.66545096384555,5.36765898451653,-3.67756545602462,8.66545096384555,8.66545096384555,,
B01LTHYWAQ,2018Q2,Colgate,3,0.00142509013695116,10.359532839963,7.05419287468351,-4.72076327608657,10.359532839963,10.359532839963,,
B01LTHYWAQ,2018Q3,Colgate,3,0.00199938019214044,10.3962930587433,7.10522913886349,-4.63704565669091,10.3962930587433,10.3962930587433,,
B01LTHYWAQ,2018Q4,Colgate,3,0.00309134937400175,11.2950440128134,8.0259892142022,-4.74837496380606,11.2950440128134,11.2950440128134,,
B01LTHYWAQ,2019Q2,Colgate,3,0.00155765666131871,11.2016749432158,7.91236674309769,-5.07066561641136,11.2016749432158,11.2016749432158,,
B01LTHYWAQ,2019Q3,Colgate,3,0.00195085154670013,12.3992502364841,9.10981520249069,-5.63697593744555,12.3992502364841,12.3992502364841,,
B01LTHYWAQ,2020Q2,Colgate,3,0.000378413765179122,12.6732763906288,9.39592516861277,-5.98945763811998,11.1120881548187,11.1215943728932,0.0855484400590757,-12.2437321645019
B01LTHYWAQ,2020Q4,Colgate,3,0.000752575690300052,12.5065379412486,9.22948404848816,-5.84674429641496,11.1187431364393,11.1355124377125,0.150820115793082,-10.9624702693643
B01LTHYWAQ,2021Q1,Colgate,3,0.00105202989167599,12.064888633815,8.76320935765244,-5.63485131141003,11.1458610207663,11.1518599164385,0.0538217340147221,-7.56765143125691
B01LTHYWAQ,2021Q3,Colgate,3,0.000408409978272589,11.7491205118306,8.4469858618586,-5.56442166403094,11.159226627921,11.1649460855759,0.0512531723346897,-4.97206940439935
B01LTHYWAQ,2022Q2,Colgate,3,0.00111632060727841,12.6579176879586,9.3752438911711,-5.88605268268997,11.1269767400153,11.1291334270676,0.0193825070604274,-12.0776915965043
B01LTHYWB0,2018Q1,Colgate,3,0.00163363991309036,8.96586132273203,5.69247040448014,-3.89798995925557,8.96586132273203,8.96586132273203,,
B01LTHYWB0,2019Q1,Colgate,3,0.000999690096070218,12.8202383161153,9.52244633678628,-5.94668133213581,12.8202383161153,12.8202383161153,,
B01LTHYWB0,2020Q1,Colgate,3,0.000748371356834689,11.4902303953713,8.1984536265505,-5.36537157111027,10.8891545347317,10.9037317773378,0.133869370294589,-5.10432426376593
B01LTHYWB0,2020Q2,Colgate,3,0.000756827530358244,12.2923124610231,9.01496123900707,-5.75534890007967,10.8780278906666,10.887534108741,0.0873891680549133,-11.428104815399
B01LTHYWB0,2020Q4,Colgate,3,0.000752575690300052,11.8927558027503,8.61570190998985,-5.55980419881445,10.8846828718974,10.9014521731706,0.154063296748963,-8.33535680057009
B01LTHYWB0,2021Q1,Colgate,3,0.000350676630558663,12.1663178735831,8.86463859742054,-5.76299137751164,10.9118007574794,10.9177996531517,0.0549762207501734,-10.2620877853467
B01LTHYWB0,2021Q3,Colgate,3,0.000408409978272589,11.2824498372952,7.9803151873232,-5.34340491569322,10.9251663633685,10.9308858210233,0.0523512179549574,-3.1160255205368
B01LTHYWB0,2021Q4,Colgate,3,0.000816819956545178,10.699104602594,7.4038593894929,-5.01960779284956,10.9659898628335,10.9703259229711,0.0395409825447005,2.53499082821667
B01LTHYWB0,2022Q1,Colgate,3,0.000697700379549007,9.51399781540142,6.20563799516487,-4.4823083414931,10.9216804300093,10.9236453724735,0.0179912100228191,14.8165638086453
B01LTHYWB0,2022Q2,Colgate,3,0.000744213738185607,8.28153036819034,4.99885657140283,-3.88409997454929,10.8929164667523,10.8950731538045,0.0197989864223565,31.5586934952615
B01LTHYWB0,2022Q3,Colgate,3,0.000769876280881662,8.57321692980256,5.27300154236412,-4.02776958504361,10.9159695299213,10.919419128896,0.031601397981406,27.3666491622002
B01LWQDM4I,2019Q1,Colgate,3,0.000999690096070218,14.7064342982564,11.4086423189274,-6.82159536720866,14.7064342982564,14.7064342982564,,
B01LWQDM4I,2019Q3,Colgate,3,0.00130056769780009,10.18582235479,6.89638732079659,-4.70669221542169,10.18582235479,10.18582235479,,
B01LWQDM4I,2019Q4,Colgate,3,0.000728035178659833,11.7153713951117,8.42543830569426,-5.48268600289345,11.7153713951117,11.7153713951117,,
B01LWQDM4I,2020Q3,Colgate,3,0.000334896182183523,10.4898530299746,7.20854623722891,-4.96280455095051,12.1862695404459,12.1922078077824,0.0487291645468151,16.2285855954638
B01LX217F9,2018Q2,SENSODYNE PRONAMEL,9,0.00427527041085349,9.93538431104557,6.67762304717069,-3.48199923491079,9.93538431104557,9.93538431104557,,
B01LX217F9,2018Q4,SENSODYNE PRONAMEL,9,0.00309134937400175,9.70301571553508,6.43054301238249,-4.07909494153333,9.70301571553508,9.70301571553508,,
B01LX217F9,2019Q1,SENSODYNE PRONAMEL,9,0.00199938019214044,9.04311896081832,5.7885740946338,-3.70408900902543,9.04311896081832,9.04311896081832,,
B01LX217F9,2019Q2,SENSODYNE PRONAMEL,9,0.000778828330659356,9.00924708011895,5.74842939969509,-4.04458214159484,9.00924708011895,9.00924708011895,,
B01LX217F9,2019Q3,SENSODYNE PRONAMEL,9,0.00260113539560018,9.59403476575302,6.33913924215402,-3.65337253425946,9.59403476575302,9.59403476575302,,
B01LX217F9,2019Q4,SENSODYNE PRONAMEL,9,0.000728035178659833,9.52477064824976,6.26389714918755,-4.34242678261335,9.52477064824976,9.52477064824976,,
B01LX217F9,2020Q1,SENSODYNE PRONAMEL,9,0.000748371356834689,9.85192812233089,6.5888137519787,-4.52398162066118,9.465964957958,9.4659700423384,5.37122250663468e-05,-3.91758927998729
B01LX217F9,2020Q2,SENSODYNE PRONAMEL,9,0.000378413765179122,9.95311586051744,6.68079779313418,-4.67726578286807,9.8898566078811,9.88989394925913,0.000377572491843524,-0.635197179901226
B01LX217F9,2020Q3,SENSODYNE PRONAMEL,9,0.00100468854655057,9.80990897820464,6.51963380338107,-4.54351174790553,9.5528968746929,9.5529037289431,7.17504887248851e-05,-2.61985355656764
B01LX217F9,2020Q4,SENSODYNE PRONAMEL,9,0.0015051513806001,9.62902489153454,6.34569441635674,-4.35042469208841,9.49496217033092,9.49497234440078,0.000107152294809637,-1.39217157130432
B01LX217F9,2021Q1,SENSODYNE PRONAMEL,9,0.00105202989167599,10.0012600734154,6.74286033910495,-4.48908606062128,9.47744323420768,9.47744718353106,4.16707679962394e-05,-5.23746893930596
B01LX217F9,2021Q2,SENSODYNE PRONAMEL,9,0.001248060306274,9.01503190039425,5.72125499031943,-4.11610421416357,9.4957191112271,9.49572149391875,2.50922717872191e-05,5.33208976779633
B01LX217F9,2022Q2,SENSODYNE PRONAMEL,9,0.000744213738185607,9.84229113572281,6.5596173389353,-4.57516542167874,9.48471898334355,9.48472024871429,1.33411515392442e-05,-3.63300457259096
B01LX217F9,2022Q3,SENSODYNE PRONAMEL,9,0.000384938140440831,8.43126825268836,5.15556752709529,-3.95675532218945,9.48111660288604,9.48111919132579,2.73010012012389e-05,12.4518744650626
B01M9BRYDL,2020Q3,Other,7,0.000669792364367046,11.4451411398915,8.19484230873774,-5.29083999392374,11.4427160342147,11.4427173316885,1.13388617653886e-05,-0.0211776174132816
B01M9BRYDL,2020Q4,Other,7,0.000376287845150026,7.71473511345695,4.4650154736901,-3.61465584041329,7.71261803654578,7.71262172348799,4.78040295678902e-05,-0.0273942000325156
B01M9BRYDL,2021Q1,Other,7,0.000350676630558663,7.99717467702816,4.75027803254699,-3.74353983162941,7.99900369936474,7.99900579862706,2.62440473087722e-05,0.0228971064513139
B01M9BRYDL,2021Q3,Other,7,0.000408409978272589,6.3499733885275,3.10616308583907,-2.95243103366254,6.34834952323005,6.34835120581355,2.65042668795642e-05,-0.0255462915306759
B01M9BRYDL,2021Q4,Other,7,0.000408409978272589,6.29059050078111,3.04544722762081,-2.92982191343759,6.28638550152528,6.28638718931518,2.68483360551108e-05,-0.066819028601639
B01MR8EL31,2021Q3,Crest,4,0.000408409978272589,5.46527765149293,2.20808816322265,-2.56824602488542,5.46583543819037,5.46583866765099,5.90844831743189e-05,0.0102650989362019
B01MR8EL31,2022Q1,Crest,4,0.00139540075909801,5.19892298993404,1.94528413689548,-2.3387801788355,5.2085273654105,5.20852861567858,2.40042529664182e-05,0.184761839387515
B01MR8EL31,2022Q2,Crest,4,0.000744213738185607,5.10867653412586,1.84454612325076,-2.38237120634579,5.10841805814957,5.10841900833107,1.86003081710243e-05,-0.00504094931564891
B01MTBFP2D,2020Q3,Crest,4,0.000334896182183523,3.75207129313031,0.491869723493005,-1.76978588546382,3.75063398817942,3.75063591047583,5.1252572779694e-05,-0.0382557404253969
B01MTBFP2D,2021Q1,Crest,4,0.000350676630558663,3.71432757511261,0.430331887693456,-1.75918410048996,3.70601449561792,3.70601900593955,0.000121702751884495,-0.223689725933973
B01MTBFP2D,2021Q3,Crest,4,0.000408409978272589,3.58695891015388,0.329769421883605,-1.68558553652138,3.58751669685133,3.58751992631195,9.00193892766031e-05,0.0156404400529775
B01MTBFP2D,2021Q4,Crest,4,0.000408409978272589,3.52777035236938,0.261149576491188,-1.66331296170311,3.5281771581645,3.52818165441386,0.000127438310497355,0.011658980131779
B01MTBFP2D,2022Q2,Crest,4,0.000744213738185607,3.14614829372761,-0.117982117147487,-1.46716924741705,3.14588981775132,3.14589076793283,3.02039028161393e-05,-0.00818543090600477
B01MTBFP2D,2022Q3,Crest,4,0.00153975256176332,3.29803830861885,0.0300035675151551,-1.50682327724316,3.29788822539389,3.29789053259015,6.99598078904195e-05,-0.00448072505135899
B01MUA08C1,2018Q2,Crest,4,0.00142509013695116,3.89856921914901,0.62667879161938,-1.79282122323682,3.89856921914901,3.89856921914901,,
B01MUA08C1,2019Q4,Crest,4,0.000728035178659833,3.79353806070269,0.518199221105221,-1.77851551781409,3.79353806070269,3.79353806070269,,
B01MUA08C1,2020Q1,Crest,4,0.000374185678417344,3.7628824686596,0.484876362541565,-1.77986157726363,3.84268220966488,3.84268920974043,0.000182166392360134,2.12089380270386
B01MUA08C1,2020Q3,Crest,4,0.000334896182183523,3.5316028320659,0.271401262428595,-1.66579479891488,3.83120327037803,3.83120519267444,5.0174743469708e-05,8.48346699374694
B01MUA08C1,2020Q4,Crest,4,0.000376287845150026,3.51799568990354,0.247194428075576,-1.66181169530505,3.86650557251035,3.8665169234109,0.000293570003656557,9.90681240763314
B01MUA08C1,2021Q3,Crest,4,0.000408409978272589,4.53309974374138,1.2759102554711,-2.13019651327187,3.8301862828973,3.83018951235792,8.43160196849422e-05,-15.5061717394137
B01MUA08C1,2021Q4,Crest,4,0.000408409978272589,3.26133031345484,-0.0052904624233534,-1.53768880650673,3.83946658726333,3.83947108351269,0.00011710609427335,17.7271455047866
B01MUA08C1,2022Q3,Crest,4,0.000769876280881662,3.30630100581742,0.0382662647137266,-1.54385765181978,3.84032366352698,3.84032597072324,6.0078172297891e-05,16.1517346414077
B01MUBCKFE,2019Q1,Parodontax,8,0.000999690096070218,5.37302197996673,2.11847711378221,-2.26227369804703,5.37302197996673,5.37302197996673,,
B01MUBCKFE,2019Q2,Parodontax,8,0.000778828330659356,5.77073389320632,2.50991621278246,-2.43012271733415,5.77073389320632,5.77073389320632,,
B01MUBCKFE,2019Q4,Parodontax,8,0.000728035178659833,5.72901666310202,2.46814316403981,-2.54017416175858,5.72901666310202,5.72901666310202,,
B01MUBCKFE,2020Q2,Parodontax,8,0.000756827530358244,5.70396081234408,2.43164274496082,-2.33855716988141,6.04733444688585,6.04737178826388,0.00061748491606032,6.02057039341184
B01MUBCKFE,2020Q3,Parodontax,8,0.000334896182183523,5.68127412114949,2.39099894632592,-2.57389797336358,5.71037471338636,5.71038156763655,0.000120031530933823,0.512340117134991
B01MUBCKFE,2021Q1,Parodontax,8,0.000350676630558663,4.85136662871851,1.59296689440806,-2.15160275398039,5.63492107062585,5.63492501994923,7.00865785132811e-05,16.1512920213515
B01MUBCKFE,2021Q2,Parodontax,8,0.000416020102091333,4.74716501989538,1.45338810982056,-2.1647335659792,5.65319694961036,5.653199332302,4.21476851161288e-05,19.0857977047234
B01MUBCKFE,2021Q4,Parodontax,8,0.000408409978272589,5.77467409548676,2.48217661449805,-2.66616368904386,5.64591275753906,5.64591869276517,0.000105124297312712,-2.2296566107898
B01MY9A3HH,2020Q2,Other,7,0.000378413765179122,2.71427357878359,-0.549273567033399,-1.27978156983282,2.70940849204403,2.70941127303088,0.000102641844507227,-0.179138381286115
B01MY9A3HH,2020Q3,Other,7,0.000334896182183523,2.68748300767945,-0.562815823474312,-1.26215180040225,2.68505790200268,2.68505919947643,4.83220028357033e-05,-0.0901887824440339
B01MY9A3HH,2021Q2,Other,7,0.000416020102091333,2.79076759493671,-0.458829604474127,-1.3049611890854,2.7902245486745,2.79022545708634,3.25569440224851e-05,-0.019426119586341
B01MY9A3HH,2022Q2,Other,7,0.000744213738185607,2.5380491823209,-0.722397662788088,-1.18084974417306,2.53166381922889,2.53166452801528,2.79968606054717e-05,-0.251557548612247
B01MY9A3HH,2022Q3,Other,7,0.000384938140440831,2.52094920755382,-0.738187110794597,-1.18661256438347,2.51588631381665,2.51588787352778,6.19944993945715e-05,-0.200770964003383
B01MZC708J,2018Q3,Crest,4,0.000999690096070218,6.89234106722085,3.60797780990149,-3.22160709550288,6.89234106722085,6.89234106722085,,
B01MZC708J,2018Q4,Crest,4,0.00103044979133392,6.86693757571439,3.5910398134764,-3.19692928431911,6.86693757571439,6.86693757571439,,
B01MZC708J,2019Q4,Crest,4,0.000728035178659833,6.72620581745702,3.45086697785955,-3.1534312377883,6.72620581745702,6.72620581745702,,
B01MZC708J,2020Q1,Crest,4,0.000374185678417344,6.69063540983607,3.41262930371803,-3.1647028554917,6.82020473693751,6.82021173701306,0.000102637322796184,1.93668193287737
B01MZC708J,2020Q2,Crest,4,0.000756827530358244,5.4236705568054,2.15260836350437,-2.53689145716063,6.81546671374386,6.81547006236248,4.91326384454968e-05,25.6615790170128
B01MZC708J,2020Q4,Crest,4,0.000376287845150026,12.8287176470137,9.55791638518574,-6.05995996037111,6.84402810835977,6.84403945926032,0.000165851167915146,-46.6506345561866
B01N4IEXJK,2020Q1,hello,12,0.000374185678417344,4.81178571428571,1.57075696951544,-2.23288517213916,4.81059447417021,4.86703037479024,1.17315855499876,1.14811140364191
B01N4IEXJK,2020Q2,hello,12,0.000756827530358244,4.21278655276857,0.974042072588336,-1.88064694632492,4.20881012588004,4.2541178095363,1.07649626144117,0.981090692586029
B01N4IEXJK,2020Q3,hello,12,0.000669792364367046,5.74092300174353,2.50916614378763,-2.41776308899655,5.74036662840782,5.79121797344458,0.885855352602525,0.876078144329351
B01N4IEXJK,2020Q4,hello,12,0.00112886353545008,5.55006991651623,2.30772611287768,-2.44690465578557,5.54975560074074,5.60171991402086,0.936335165339409,0.930618862132371
B01N4IEXJK,2021Q2,hello,12,0.000416020102091333,5.59086886075949,2.36157546810375,-2.35500838806095,5.59020022497178,5.65010580484946,1.0716177858904,1.05953020121312
B01NBG33XR,2020Q1,SENSODYNE PRONAMEL,9,0.000374185678417344,4.02396975228363,0.760855381931443,-1.88362229079568,4.01878601483716,4.01879109921756,0.000126515330376806,-0.128695129060796
B01NBG33XR,2020Q2,SENSODYNE PRONAMEL,9,0.00302731012143298,2.91550288476235,-0.356815182620906,-1.22571941692419,3.32500710067707,3.32504444205511,0.00112304656515941,14.0470297399875
B01NBG33XR,2020Q3,SENSODYNE PRONAMEL,9,0.00200937709310114,2.87883446587019,-0.411440708953383,-1.29348120343073,2.93342184084136,2.93342869509156,0.000233660569888223,1.89640043109818
B01NBG33XR,2020Q4,SENSODYNE PRONAMEL,9,0.000752575690300052,6.6746989005353,3.3913684253575,-3.09975245223338,6.67829627130047,6.67830644537033,0.000152345290554347,0.0540480535344612
B01NBHM35Y,2019Q4,SENSODYNE PRONAMEL,9,0.000728035178659833,5.787081021174,2.52620752211179,-2.63838117972082,5.787081021174,5.787081021174,,
B01NBHM35Y,2020Q2,SENSODYNE PRONAMEL,9,0.000756827530358244,2.91022305971667,-0.362095007666588,-1.34701471572069,6.20802980309321,6.20806714447125,0.00060150126880245,113.319289177636
B01NBHM35Y,2020Q3,SENSODYNE PRONAMEL,9,0.000669792364367046,2.87902404787981,-0.411251126943762,-1.34672502874065,5.87107006536213,5.87107691961232,0.000116746182810219,103.925942332296
B01NBHM35Y,2021Q1,SENSODYNE PRONAMEL,9,0.000350676630558663,6.59034051287499,3.33194077856454,-3.08177263841194,5.79561643271909,5.79562038204247,6.81432842899351e-05,-12.0588629567765
B01NBHM35Y,2021Q2,SENSODYNE PRONAMEL,9,0.000416020102091333,2.75784788149681,-0.535929028578016,-1.2967301340626,5.81389230339727,5.81389468608892,4.09827276476363e-05,110.812740075187
B06WRS71N8,2018Q1,Other,7,0.00163363991309036,10.960491205431,7.69791908948028,-4.96123068443014,10.960491205431,10.960491205431,,
B06WRS71N8,2018Q2,Other,7,0.00142509013695116,9.93538431104557,6.67762304717069,-4.49786181894552,9.93538431104557,9.93538431104557,,
B06WRS71N8,2018Q3,Other,7,0.00299907028821066,10.8804998921755,7.62266863600584,-4.63496459723896,10.8804998921755,10.8804998921755,,
B06WRS71N8,2018Q4,Other,7,0.00206089958266784,9.83535126517178,6.5832794516435,-4.27470572293744,9.83535126517178,9.83535126517178,,
B06WRS71N8,2019Q1,Other,7,0.00599814057642131,9.96186306959349,6.70073877963647,-3.82614642471232,9.96186306959349,9.96186306959349,,
B06WRS71N8,2019Q2,Other,7,0.00155765666131871,9.74128045985118,6.48302837265493,-4.3917167681936,9.74128045985118,9.74128045985118,,
B06WRS71N8,2019Q3,Other,7,0.00130056769780009,9.71440936241422,6.45737638353668,-4.41364501925048,9.71440936241422,9.71440936241422,,
B06WRS71N8,2019Q4,Other,7,0.0021841055359795,9.65866818962419,6.40258811900184,-4.22855570704574,9.65866818962419,9.65866818962419,,
B06WRS71N8,2020Q2,Other,7,0.000378413765179122,8.70380097415987,5.44025382834288,-4.1038472176466,10.0868347928555,10.0868375738424,2.75704609790082e-05,15.8900301579566
B06WRS71N8,2020Q3,Other,7,0.000334896182183523,8.62747539681316,5.3771765656594,-4.05181486688404,10.0760264571356,10.0760277546094,1.28768394671132e-05,16.7899911755329
B06WRS71N8,2020Q4,Other,7,0.000376287845150026,8.57473395142405,5.3250143116572,-4.01759901042363,10.0757552957376,10.0757589826798,3.65922166559231e-05,17.5052082053988
B06WRS71N8,2021Q1,Other,7,0.000350676630558663,8.48813197861693,5.24123533413576,-3.97336077319346,10.0768783981735,10.0768804974358,2.08324665120178e-05,18.7172928368837
B06WRS71N8,2021Q3,Other,7,0.000408409978272589,8.20247847861794,4.95866817592951,-3.81375645714894,10.0703391681172,10.0703408507007,1.67083101549138e-05,22.7719265213786
B06X3Q9B5X,2018Q4,APAGARD,1,0.00103044979133392,27.3692289603079,24.1272625022518,-12.1326067262369,27.3692289603079,27.3692289603079,,
B06X3Q9B5X,2019Q1,APAGARD,1,0.00199938019214044,27.6341342331748,24.3959223600657,-10.8576701737312,27.6341342331748,27.6341342331748,,
B06X3Q9B5X,2019Q3,APAGARD,1,0.000650283848900045,27.2121294700308,23.974233120071,-12.2176096312363,27.2121294700308,27.2121294700308,,
B06X3Q9B5X,2019Q4,APAGARD,1,0.000728035178659833,26.9806532884816,23.7506871908366,-10.6115476601717,26.9806532884816,26.9806532884816,,
B06X3Q9B5X,2020Q1,APAGARD,1,0.000374185678417344,26.9289049770962,23.6988073121968,-11.7181026176635,27.2923501735035,27.2923509612503,2.88632829055686e-06,1.34965006732812
B06X3Q9B5X,2020Q2,APAGARD,1,0.000756827530358244,28.9327943487541,25.7038656958519,-10.5740097615081,27.294178355091,27.2941789284239,2.10056863934082e-06,-5.66352285430305
B06X3Q9B5X,2020Q3,APAGARD,1,0.000669792364367046,28.7806437319718,25.5488868740159,-12.1208345890701,27.2958596678834,27.2958601596971,1.80178859595922e-06,-5.15896581779811
B06X3Q9B5X,2020Q4,APAGARD,1,0.000376287845150026,28.6047020248284,25.3757939885318,-12.0493406327284,27.2918248744402,27.2918256230254,2.74289169313294e-06,-4.58972234936552
B06X3Q9B5X,2021Q1,APAGARD,1,0.000350676630558663,29.2222118729916,25.9935521867366,-12.3096902831621,27.2919142509595,27.2919146647834,1.51628774479204e-06,-6.60558213935966
B06X3Q9B5X,2021Q2,APAGARD,1,0.000416020102091333,27.0829473107703,23.8523082278108,-11.784782790747,27.2921756464995,27.2921758330824,6.83649791919369e-07,0.772547093605591
B06X3Q9B5X,2021Q3,APAGARD,1,0.000408409978272589,26.3683679679709,23.1391483917249,-11.107052792384,27.2905378035194,27.2905381265024,1.1834982512022e-06,3.49725913887298
B06X3Q9B5X,2021Q4,APAGARD,1,0.000816819956545178,24.8004341398144,21.5712145635684,-9.06330313645081,27.2898914544451,27.2898917346285,1.02669292874764e-06,10.0379597420736
B06X3Q9B5X,2022Q1,APAGARD,1,0.000348850189774503,24.5034627772154,21.2748208003613,-10.3219579836833,27.289574358485,27.2895744337161,2.75677137164179e-07,11.3702772617565
B06X3Q9B5X,2022Q2,APAGARD,1,0.000744213738185607,23.6148923920293,20.3812064149223,-10.1324972201891,27.2933687830499,27.2933689326887,5.48260388965109e-07,15.5769354337644
B06X3Q9B5X,2022Q3,APAGARD,1,0.000384938140440831,23.3477681743196,20.1150387293981,-10.4845226430729,27.2920129299902,27.2920131857321,9.3705758570814e-07,16.8934562908278
B06XKVPDZR,2018Q1,Parodontax,8,0.00163363991309036,5.4154201315278,2.17427248730528,-1.67632010735639,5.4154201315278,5.4154201315278,,
B06XKVPDZR,2018Q2,Parodontax,8,0.00142509013695116,5.42295265678159,2.16519139290671,-1.67900242358171,5.42295265678159,5.42295265678159,,
B06XKVPDZR,2019Q1,Parodontax,8,0.00199938019214044,5.37163485852912,2.1170899923446,-1.96109105837964,5.37163485852912,5.37163485852912,,
B06XKVPDZR,2019Q2,Parodontax,8,0.000778828330659356,5.35157585704437,2.09075817662051,-2.25361042536562,5.35157585704437,5.35157585704437,,
B07172V55N,2019Q4,Crest,4,0.000728035178659833,6.69675596430169,3.42141712470422,-3.13962433246773,6.69675596430169,6.69675596430169,,
B07172V55N,2020Q1,Crest,4,0.000374185678417344,6.67285714285714,3.3948510367391,-3.1562936493659,6.69166032814269,6.69166732821825,0.000104608949182008,0.281891024465297
B07172V55N,2020Q4,Crest,4,0.000376287845150026,6.61536146036209,3.34456019853413,-3.12492851399753,6.7154836911843,6.71549504208486,0.000169025807728975,1.51365246362947
B07172V55N,2021Q1,Crest,4,0.000701353261117326,6.31652980388735,3.03253411646819,-2.97027783567587,6.69709973176229,6.69710424208392,6.73473863007058e-05,6.025055687418
B07172V55N,2021Q4,Crest,4,0.000408409978272589,5.52564029682347,2.25901952094528,-2.60529122062682,6.6884447048237,6.68844920107306,6.722413893968e-05,21.0438762168079
B07172V55N,2022Q3,Crest,4,0.000384938140440831,7.80479334779955,4.53675860669586,-3.68365759556215,6.68930178407388,6.68930409127015,3.44908383774728e-05,-14.2923612044628
B071CDW6DH,2018Q2,Other,7,0.00142509013695116,11.8769602976679,8.61919903379302,-5.3768354172895,11.8769602976679,11.8769602976679,,
B071CDW6DH,2018Q3,Other,7,0.000999690096070218,12.7201485831661,9.46231732699644,-5.85124743067036,12.7201485831661,12.7201485831661,,
B071CDW6DH,2018Q4,Other,7,0.00103044979133392,13.7732836884487,10.5212118749204,-6.27806983354275,13.7732836884487,13.7732836884487,,
B071CDW6DH,2020Q1,Other,7,0.000374185678417344,6.50173633006209,3.2594884522022,-3.02306246600403,12.7760819239494,12.7760845040542,2.01948046032433e-05,96.5026549136015
B071CDW6DH,2021Q4,Other,7,0.000408409978272589,10.7542999262281,7.5091566530678,-5.00877995215726,12.7751810164341,12.775182704224,1.32114754686158e-05,18.7913931344544
B071RC4QPM,2018Q3,Crest,4,0.000999690096070218,11.628971441968,8.34460818464864,-5.43559532899767,11.628971441968,11.628971441968,,
B071RC4QPM,2018Q4,Crest,4,0.00206089958266784,12.1736999369002,8.8978021746622,-5.52812930745898,12.1736999369002,12.1736999369002,,
B071RC4QPM,2019Q1,Crest,4,0.000999690096070218,11.7149495628783,8.44721919318957,-5.43399195511916,11.7149495628783,11.7149495628783,,
B071RC4QPM,2019Q2,Crest,4,0.000778828330659356,11.4672130338188,8.17790483370069,-5.39055229738061,11.4672130338188,11.4672130338188,,
B071RC4QPM,2019Q3,Crest,4,0.000650283848900045,10.2052795130609,6.92237636311622,-4.80279264291454,10.2052795130609,10.2052795130609,,
B0744Q3XKP,2019Q4,hello,12,0.00145607035731967,5.60804925045206,2.36863576886006,-2.36043675418546,5.60804925045206,5.60804925045206,,
B0744Q3XKP,2020Q1,hello,12,0.000374185678417344,3.72625361309319,0.485224868322919,-1.72914941236964,5.60847326931875,5.66490916993878,1.00626138184092,52.0269353120143
B0744Q3XKP,2020Q2,hello,12,0.000756827530358244,4.30121991889379,1.06247543871356,-1.92012484008323,5.60340382110416,5.64871150476042,0.808574307738008,31.3281257707275
B074F55XJP,2019Q2,Crest,4,0.000778828330659356,6.52131921377538,3.23201101365727,-3.0655672102799,6.52131921377538,6.52131921377538,,
B074F55XJP,2019Q3,Crest,4,0.000650283848900045,4.55853360464935,1.27563045470467,-2.14532993739845,4.55853360464935,4.55853360464935,,
B074F55XJP,2020Q1,Crest,4,0.000748371356834689,4.70468051935528,1.42667441323725,-2.20652445236984,5.52406393583582,5.52407093591137,0.000126719669312448,17.4164943439853
B074F55XJP,2020Q2,Crest,4,0.000378413765179122,4.85991985376828,1.58885766046725,-2.29569933950619,5.51932591476643,5.51932926338505,6.06707897202849e-05,13.5683186031448
B074F55XJP,2020Q3,Crest,4,0.000334896182183523,4.78580522082947,1.52560365119217,-2.25737995594875,5.51258499724498,5.5125869195414,3.48710526087544e-05,15.1861946982029
B075S725W7,2018Q1,Crest,4,0.00163363991309036,4.36,1.07024567256217,-2.0168676265624,4.36,4.36,,
B075S725W7,2018Q2,Crest,4,0.00142509013695116,5.66598970461578,2.39409927708615,-2.60559862402388,5.66598970461578,5.66598970461578,,
B075S725W7,2018Q3,Crest,4,0.000999690096070218,5.65647173326327,2.37210847594391,-2.64393901776836,5.65647173326327,5.65647173326327,,
B075S725W7,2019Q1,Crest,4,0.000999690096070218,4.89346264113545,1.62573227144672,-2.26983790940649,4.89346264113545,4.89346264113545,,
B075S725W7,2019Q2,Crest,4,0.00311531332263742,4.87502396143787,1.58571576131976,-2.19047174918851,4.87502396143787,4.87502396143787,,
B075S725W7,2019Q3,Crest,4,0.000650283848900045,4.36713918028312,1.08423603033844,-2.05525619350299,4.36713918028312,4.36713918028312,,
B075S725W7,2020Q1,Crest,4,0.000374185678417344,6.70341500499755,3.42540889887951,-3.17074766571109,4.95893278881645,4.958939788892,0.000141160928171605,-26.0236791964245
B0762LYF5D,2018Q3,Sensodyne,10,0.000999690096070218,14.5655076095836,11.3175156722253,-6.1327061171019,14.5655076095836,14.5655076095836,,
B0762LYF5D,2018Q4,Sensodyne,10,0.00103044979133392,16.1559673935404,12.8834946903878,-7.0269756278785,16.1559673935404,16.1559673935404,,
B0762LYF5D,2019Q3,Sensodyne,10,0.000650283848900045,14.3948577153213,11.1399621917223,-6.52017438473277,14.3948577153213,14.3948577153213,,
B0762LYF5D,2020Q3,Sensodyne,10,0.000334896182183523,14.8726658202762,11.5823906454526,-6.927234367115,15.1251867341322,15.1251935883824,4.53167971536912e-05,1.69793210684499
B0762LYF5D,2020Q4,Sensodyne,10,0.000376287845150026,14.65049093369,11.3671604585122,-6.83375538049476,15.0672520301691,15.067262204239,6.75243888961632e-05,2.84475975880507
B0762LYF5D,2021Q2,Sensodyne,10,0.000416020102091333,13.8044992405063,10.5107223304315,-6.44744361977927,15.0680089700576,15.0680113527492,1.58129163068245e-05,9.15290073351893
B0762LYF5D,2021Q3,Sensodyne,10,0.00122522993481777,12.6733114555182,9.38766329860623,-5.66701784586865,15.0662479558648,15.0662539850394,4.00177582298518e-05,18.8817464000642
B0762LYF5D,2021Q4,Sensodyne,10,0.00408409978272589,12.2161835291885,8.92368604819979,-4.67863313214899,15.0607247748081,15.0607307100343,3.94086353995116e-05,23.2850724127482
B0762LYF5D,2022Q1,Sensodyne,10,0.00244195132842152,13.659006621123,10.3741556962039,-5.56606824254838,15.057080434675,15.0570821295847,1.12565632471377e-05,10.2355577330176
B0762LYF5D,2022Q2,Sensodyne,10,0.000744213738185607,13.5560687095869,10.2733949127994,-6.13984873471088,15.0570088397775,15.0570101051482,8.40386522018747e-06,11.0720993506018
B0762LYF5D,2022Q3,Sensodyne,10,0.000769876280881662,13.4412081850351,10.165507459442,-6.06305924426202,15.0534064627088,15.0534090511486,1.71950432766208e-05,11.9944639196085
B0762LYFKP,2018Q3,SENSODYNE PRONAMEL,9,0.00299907028821066,14.3685827752972,11.1205908379389,-5.04136328785189,14.3685827752972,14.3685827752972,,
B0762LYFKP,2018Q4,SENSODYNE PRONAMEL,9,0.00412179916533567,14.5342137474709,11.2617410443183,-5.83584908415288,14.5342137474709,14.5342137474709,,
B0762LYFKP,2019Q1,SENSODYNE PRONAMEL,9,0.00199938019214044,15.1902577213088,11.9357128551243,-6.22197572690917,15.1902577213088,15.1902577213088,,
B0762LYFKP,2019Q2,SENSODYNE PRONAMEL,9,0.00155765666131871,16.4177864903682,13.1569688099443,-6.90975505635897,16.4177864903682,16.4177864903682,,
B0762LYFKP,2019Q3,SENSODYNE PRONAMEL,9,0.000650283848900045,14.3727402799984,11.1178447563994,-6.51015625616906,14.3727402799984,14.3727402799984,,
B0762LYFKP,2019Q4,SENSODYNE PRONAMEL,9,0.0021841055359795,14.7797016587403,11.5188281596781,-6.11465143948538,14.7797016587403,14.7797016587403,,
B0762LYFKP,2020Q1,SENSODYNE PRONAMEL,9,0.00187092839208672,14.6775210181786,11.4144066478264,-6.34786374093476,14.9432117095361,14.9432167939165,3.4024682912703e-05,1.81022241704745
B0762LYFKP,2020Q2,SENSODYNE PRONAMEL,9,0.00264889635625386,14.9088454655949,11.6365273982116,-6.37335305604708,15.3671033604928,15.3671407018708,0.000242995554594272,3.07398206878933
B0762LYFKP,2020Q3,SENSODYNE PRONAMEL,9,0.00368385800401875,14.685491943483,11.3952167686594,-6.25935468049176,15.0301436263824,15.0301504806326,4.56033579039954e-05,2.34693218637825
B0762LYFKP,2020Q4,SENSODYNE PRONAMEL,9,0.00338659060635023,14.299593741792,11.0162632666142,-6.01016231236666,14.9722089222825,14.9722190963524,6.7953031577557e-05,4.70380744170784
B0762LYFKP,2021Q1,SENSODYNE PRONAMEL,9,0.00175338315279331,13.6927909656996,10.4343912313892,-5.88905657833938,14.9546899832592,14.9546939325826,2.64085941249643e-05,9.21581998910261
B0762LYFKP,2021Q2,SENSODYNE PRONAMEL,9,0.00208010051045667,13.4229873788734,10.1292104687986,-5.94595725291714,14.9729658618748,14.9729682445664,1.59132911361493e-05,11.5472124195881
B0762LYFKP,2021Q3,SENSODYNE PRONAMEL,9,0.00326727982618071,13.8273672778444,10.5417191209324,-5.7022672566369,14.9712048511031,14.9712108802777,4.02718067199763e-05,8.27231662723038
B0762LYFKP,2021Q4,SENSODYNE PRONAMEL,9,0.00449250976099848,14.3656598826833,11.0731624016946,-5.57617295946949,14.9656816702639,14.96568760549,3.96589092922762e-05,4.17681977512234
B0762LYFKP,2022Q1,SENSODYNE PRONAMEL,9,0.00209310113864702,14.0492678468887,10.7644169219696,-6.15115245868495,14.9620373282116,14.9620390231214,1.1328068118968e-05,6.49693056022707
B0762LYFKP,2022Q2,SENSODYNE PRONAMEL,9,0.00260474808364962,12.5913616604281,9.30868786364059,-5.47041810111163,14.9619657302954,14.9619669956661,8.45724922562024e-06,18.8272356808579
B0762LYFKP,2022Q3,SENSODYNE PRONAMEL,9,0.00230962884264499,12.8255888864577,9.54988816086463,-5.52468885547116,14.9583633544684,14.9583659429081,1.73042978884374e-05,16.6290770375651
B0762PS6DN,2018Q2,SENSODYNE PRONAMEL,9,0.00142509013695116,16.3430561182175,13.0852948543426,-7.10634942423501,16.3430561182175,16.3430561182175,,
B0762PS6DN,2018Q3,SENSODYNE PRONAMEL,9,0.000999690096070218,15.5726332131171,12.3246412757588,-6.77340519673011,15.5726332131171,15.5726332131171,,
B0762PS6DN,2018Q4,SENSODYNE PRONAMEL,9,0.00206089958266784,15.482255015535,12.2097823123824,-6.80080002888477,15.482255015535,15.482255015535,,
B0762PS6DN,2019Q1,SENSODYNE PRONAMEL,9,0.000999690096070218,16.0603443882066,12.8057995220221,-7.11960262959601,16.0603443882066,16.0603443882066,,
B0762PS6DN,2020Q1,SENSODYNE PRONAMEL,9,0.00224511407050407,11.7318119482972,8.46869757794501,-4.96943009048471,15.8643101148138,15.8643151991942,3.2049174317213e-05,35.2247655273471
B0762PS6DN,2020Q2,SENSODYNE PRONAMEL,9,0.000378413765179122,16.6792449381327,13.4069268707494,-7.83807430019687,16.2882017750665,16.2882391164446,0.000229254146946489,-2.34426572149079
B0762PS6DN,2020Q3,SENSODYNE PRONAMEL,9,0.000669792364367046,16.4464505358796,13.156175361056,-7.69317873080122,15.9512420421461,15.9512488963963,4.29700093042107e-05,-3.01099400386092
B0762PS6DN,2020Q4,SENSODYNE PRONAMEL,9,0.000752575690300052,14.6659233779373,11.3825929027595,-6.8109037774546,15.8933073354335,15.8933175095034,6.40148059828767e-05,8.36902048330985
B0762PS6DN,2021Q1,SENSODYNE PRONAMEL,9,0.000350676630558663,13.9643461583698,10.7059464240594,-6.53000248167802,15.8757883957047,15.875792345028,2.48763921856432e-05,13.6880464361203
B0762PS6DN,2021Q3,SENSODYNE PRONAMEL,9,0.00122522993481777,12.4188779039733,9.13322974706133,-5.62293726164414,15.8923032598055,15.8923092889802,3.79377021753697e-05,27.9689631532299
B0762PS6DN,2021Q4,SENSODYNE PRONAMEL,9,0.000408409978272589,17.467862892727,14.1753654117383,-8.19114810919594,15.8867800870721,15.8867860222982,3.73595283671202e-05,-9.05134692285163
B0762PS6DN,2022Q1,SENSODYNE PRONAMEL,9,0.000348850189774503,15.0176927510764,11.7328418261573,-7.06543503045026,15.8831357422096,15.8831374371194,1.0671128231923e-05,5.76283388126291
B0762PS6DN,2022Q2,SENSODYNE PRONAMEL,9,0.000372106869092803,12.6423259746774,9.35965217788989,-5.95359388749176,15.8830641422494,15.8830654076201,7.96679229857828e-06,25.6340442370644
B076B2HSC6,2018Q3,hello,12,0.000999690096070218,19.0992600730851,15.861048199976,-8.30733156443744,19.0992600730851,19.0992600730851,,
B076B2HSC6,2020Q1,hello,12,0.000374185678417344,18.51602310836,15.2749943635897,-8.59226821404296,19.100885703325,19.1573216039451,0.295462218331597,3.46347858734053
B076B2HSC6,2020Q3,hello,12,0.000334896182183523,16.2525945299369,13.020837671981,-7.29862407708732,19.0922486782684,19.1431000233052,0.266345499127312,17.784886517928
B076B2HSC6,2021Q2,hello,12,0.000416020102091333,16.5470872889808,13.3177938963251,-6.97003101557864,19.0896729511778,19.1495785310555,0.313811452039517,15.7277906173117
B076B2HSC6,2021Q3,hello,12,0.000408409978272589,20.8574703026926,17.6269297229056,-9.0758988347894,19.0920282330341,19.1844756533101,0.484220006107473,-8.02108129654885
B076B8PX14,2018Q2,hello,12,0.00142509013695116,4.79364888681078,1.56378299703253,-1.48416344529397,4.79364888681078,4.79364888681078,,
B076B8PX14,2018Q3,hello,12,0.000999690096070218,4.76629611822159,1.52808424511244,-2.07312754718471,4.76629611822159,4.76629611822159,,
B076B8PX14,2018Q4,hello,12,0.00412179916533567,4.91131434894106,1.66934789088493,-1.68047740813361,4.91131434894106,4.91131434894106,,
B076B8PX14,2019Q1,hello,12,0.000999690096070218,3.69503308111704,0.463308595438865,-1.45295305658523,3.69503308111704,3.69503308111704,,
B076B8PX14,2019Q2,hello,12,0.000778828330659356,4.67037808590582,1.44008335604678,-1.83679596819939,4.67037808590582,4.67037808590582,,
B076B8PX14,2019Q4,hello,12,0.0021841055359795,4.58450202412801,1.34508854253601,-1.8010245746699,4.58450202412801,4.58450202412801,,
B076B8PX14,2020Q1,hello,12,0.00149674271366938,4.64259524865684,1.40156650388657,-1.97389112179194,4.57478677597845,4.63122267659847,1.23362909319318,-0.244961523657672
B076B8PX14,2020Q2,hello,12,0.000378413765179122,4.66655402619027,1.42780954601004,-2.15458869491963,4.56971732454144,4.6150250081977,0.991476724674748,-1.10421989552403
B076B8PX14,2020Q3,hello,12,0.00100468854655057,4.63138524385507,1.39962838589917,-1.82113628673186,4.56614975593955,4.61700110097631,1.11365916044723,-0.310579710419112
B076B8PX14,2020Q4,hello,12,0.00112886353545008,4.59072289133583,1.34837908769728,-2.02394949706904,4.57697875905627,4.62894307233639,1.13534093155465,0.832552561007249
B076B8PX14,2021Q1,hello,12,0.000701353261117326,4.55901484183169,1.32695134726047,-1.91996333817669,4.56620928458592,4.64529055071992,1.731880016997,1.89242000479144
B076B8PX14,2021Q2,hello,12,0.000416020102091333,4.46901081951089,1.23971742685515,-1.8824548077226,4.56357402783112,4.6234796077088,1.3126899993809,3.45644247544727
B076B8PX14,2021Q3,hello,12,0.000408409978272589,4.39776932891418,1.16722874912713,-1.913640961666,4.56592929992546,4.6583767202015,2.02472299072938,5.92589951396259
B076B8PX14,2022Q1,hello,12,0.000348850189774503,4.24538787153768,1.01787299342717,-1.67021909317486,4.56217649523519,4.65113627525215,1.94994165854545,9.55739301077108
B076B8PX14,2022Q2,hello,12,0.000744213738185607,4.19964977025594,0.97198465778192,-1.30114173060441,4.56236861023606,4.62256405922711,1.31939030213393,10.0702275691289
B076B8PX14,2022Q3,hello,12,0.000384938140440831,2.9447274360887,-0.284264490109062,-1.24041837598875,4.56366072141472,4.64691003029892,1.82417830697966,57.8044192935942
B077H52NGB,2020Q2,Other,7,0.00113524129553737,41.7530948869574,38.4895477411404,-19.2270864139554,41.7482298002178,41.7482325812047,6.66132878049367e-06,-0.0116453780632853
B077H52NGB,2020Q4,Other,7,0.000376287845150026,40.8362571314087,37.5865374916419,-19.1333873645497,40.8341400544975,40.8341437414398,9.02906784033247e-06,-0.0051752783369774
B077H52NGB,2021Q3,Other,7,0.000408409978272589,39.3467431470961,36.1029328444077,-18.2943358079133,39.3451192817986,39.3451209643822,4.27647326956915e-06,-0.00412278776895647
B0788C493C,2018Q4,Parodontax,8,0.00103044979133392,17.1131572008836,13.840684497731,-5.30050502575914,17.1131572008836,17.1131572008836,,
B0788C493C,2019Q4,Parodontax,8,0.000728035178659833,15.4741514261827,12.2132779271205,-6.8610447375878,15.4741514261827,15.4741514261827,,
B0788C493C,2020Q1,Parodontax,8,0.000748371356834689,14.6723955531458,11.4092811827936,-6.015548909626,16.2849118417274,16.2849169261078,3.12214180252157e-05,10.9901710809333
B0788C493C,2020Q3,Parodontax,8,0.000334896182183523,15.4024563773456,12.112181202522,-6.978074004014,16.3718437601824,16.3718506144326,4.18660860183249e-05,6.29376388634224
B0788C493C,2020Q4,Parodontax,8,0.000376287845150026,15.2860736634667,12.0027431882889,-6.65171909754573,16.3139090569996,16.3139192310694,6.23643899498381e-05,6.72406525201597
B0788C493C,2021Q1,Parodontax,8,0.000350676630558663,15.1510453892986,11.8926456549881,-6.71955625705983,16.2963901187107,16.2963940680341,2.42343448661525e-05,7.5595356578134
B0788C493C,2021Q2,Parodontax,8,0.000832040204182666,14.8256188804936,11.5318419704188,-6.44925771213659,16.3146659972024,16.314668379894,1.46045996375366e-05,10.0437594639614
B0788C493C,2021Q3,Parodontax,8,0.000816819956545178,14.0316582905682,10.7460101336562,-6.02028062918745,16.3129049837609,16.3129110129356,3.69595402369465e-05,16.2578982122217
B0788C493C,2021Q4,Parodontax,8,0.000816819956545178,15.3069027415144,12.0144052605257,-6.83293114227833,16.3073818049205,16.3073877401466,3.63959474565123e-05,6.53616878298138
B0788C493C,2022Q1,Parodontax,8,0.000348850189774503,14.3618947914021,11.077043866483,-6.5827046296226,16.3037374611108,16.3037391560205,1.03958358512629e-05,13.5208090076036
B0788C493C,2022Q3,Parodontax,8,0.000384938140440831,13.5761216179562,10.3004208923631,-6.02092631756866,16.30006348887,16.3000660773098,1.58799366495465e-05,20.0642314204875
B0788C5QSZ,2020Q2,Parodontax,8,0.000378413765179122,17.8908570300467,14.6185389626634,-7.93452108825663,18.3003612459614,18.3003985873395,0.000204047218142168,2.28911089393289
B0788C5QSZ,2020Q3,Parodontax,8,0.000334896182183523,15.6495830721124,12.3593078972888,-7.09003461095891,15.7041704470836,15.7041773013338,4.36460506750079e-05,0.348854208893634
B0788C5QSZ,2021Q3,Parodontax,8,0.00122522993481777,13.255326536201,9.96967837928904,-5.36937530707171,13.255602155706,13.2556081848806,4.54839743262259e-05,0.00212479623851181
B0788C5QSZ,2021Q4,Parodontax,8,0.00285886984790812,12.9178986262911,9.62540114530239,-4.77801239696142,12.9058017391507,12.9058076743768,4.59888214092641e-05,-0.0935984424719871
B0788C5QSZ,2022Q1,Parodontax,8,0.00139540075909801,13.1222033314647,9.83735240654562,-5.27998424627862,13.1141086595749,13.1141103544847,1.29243231432868e-05,-0.0616739184385762
B0788C5QSZ,2022Q2,Parodontax,8,0.000372106869092803,12.3874627101363,9.10478891334879,-5.49381269514838,12.3814735717051,12.3814748370758,1.02198718250977e-05,-0.0483381722357179
B0788C5QSZ,2022Q3,Parodontax,8,0.000769876280881662,11.3773277420398,8.10162701644672,-4.66452517564269,11.3747092965357,11.3747118849755,2.27560959000223e-05,-0.0229918406470131
B078HQ48JX,2019Q3,Sensodyne,10,0.000650283848900045,5.74521421050579,2.49031868690679,-2.60230418882653,5.74521421050579,5.74521421050579,,
B078HQ48JX,2020Q1,Sensodyne,10,0.000748371356834689,5.50452862054955,2.24141425019736,-2.36183389931961,5.74824931925796,5.74825440363837,8.84509373294939e-05,4.42773214365599
B078HQ48JX,2020Q2,Sensodyne,10,0.000378413765179122,5.50885734627026,2.236539278887,-2.52490747716396,6.17214097000123,6.17217831137926,0.00060499878751707,12.0409900531931
B078HQ48JX,2020Q3,Sensodyne,10,0.000669792364367046,5.49239148307547,2.2021163082519,-2.49648746393247,5.83518123605944,5.83518809030964,0.000117464221131275,6.24129959218085
B078HQ48JX,2020Q4,Sensodyne,10,0.000376287845150026,5.46818895278485,2.18485847760705,-2.55064938415982,5.77724653244143,5.77725670651129,0.000176105862882693,5.65210449739551
B078HQ48JX,2021Q1,Sensodyne,10,0.000350676630558663,4.67133544523091,1.41293571092046,-2.09775428931467,5.75972759331866,5.75973154264204,6.85678848040494e-05,23.2994635082844
B078HQ48JX,2021Q2,Sensodyne,10,0.001248060306274,4.57835428186577,1.28457737179095,-2.04723167971505,5.77800347232816,5.77800585501981,4.12372830829768e-05,26.2026811229025
B078HQ48JX,2021Q3,Sensodyne,10,0.000816819956545178,4.85853146814689,1.57288331123492,-2.22087776698986,5.77624246127975,5.77624849045443,0.000104378836602091,18.8887738676635
B078HQ48JX,2022Q3,Sensodyne,10,0.000384938140440831,5.45503055948937,2.1793298338963,-2.53136154962026,5.76340096658006,5.76340355501981,4.49116723073386e-05,5.65300216318692
B0791V11PS,2018Q4,Crest,4,0.00103044979133392,19.4776694220765,16.2017716598385,-9.06790415365691,19.4776694220765,19.4776694220765,,
B0791V11PS,2019Q2,Crest,4,0.000778828330659356,11.6914867581197,8.40217855800159,-5.49597976578177,11.6914867581197,11.6914867581197,,
B0791V11PS,2019Q4,Crest,4,0.000728035178659833,14.0225424743832,10.7472036347857,-6.5741555747771,14.0225424743832,14.0225424743832,,
B0791V11PS,2020Q1,Crest,4,0.000748371356834689,13.9408631340405,10.6628570279225,-6.53835159812659,15.0539611518758,15.0539681519513,4.64998911680275e-05,7.98447705287952
B0791V11PS,2020Q2,Crest,4,0.000378413765179122,14.0287070206425,10.7576448273415,-6.62679517573592,15.0492231311711,15.0492264797897,2.22511061784502e-05,7.27450831816205
B0791V11PS,2020Q3,Crest,4,0.00133958472873409,14.250276299006,10.9900747293687,-6.49412437849348,15.0424822137935,15.0424841360899,1.27791170725304e-05,5.55924545223865
B0791V11PS,2020Q4,Crest,4,0.000376287845150026,14.2975819723967,11.0267807105687,-6.75381411196751,15.0777845164463,15.0777958673468,7.52822839190867e-05,5.4569639569573
B0791V11PS,2021Q1,Crest,4,0.00210405978335198,14.1443062907281,10.8603106033089,-6.45984252776629,15.0594005567425,15.0594050670641,2.99502069293884e-05,6.46973246709077
B0791V11PS,2021Q2,Crest,4,0.00166408040836533,13.0085451657269,9.73286034889083,-5.96362055377606,15.0500185448239,15.0500201115879,1.04103789175871e-05,15.6933378779326
B0791V11PS,2021Q4,Crest,4,0.00245045986963554,15.3401997679795,12.0735789921013,-6.80998294520081,15.0507455329361,15.0507500291854,2.98739311771848e-05,-1.88687072640519
B0791V11PS,2022Q1,Crest,4,0.000697700379549007,18.3792923151606,15.125653462122,-8.51753404045149,15.0469611868358,15.0469624371039,8.30910686280017e-06,-18.1308932951021
B0791V11PS,2022Q2,Crest,4,0.00111632060727841,15.3305805068404,12.0664500959653,-7.06748406297814,15.047589886404,15.0475908365855,6.31450958064261e-06,-1.84591620733889
B0791V11PS,2022Q3,Crest,4,0.000384938140440831,15.1034286032366,11.8353938621329,-7.12842185745109,15.0516026088231,15.0516049160194,1.5328575480553e-05,-0.343125316632686
B0795VHRJZ,2019Q4,Colgate,3,0.000728035178659833,11.458033326204,8.16810023678656,-5.36225415478314,11.458033326204,11.458033326204,,
B0795VHRJZ,2020Q3,Colgate,3,0.000334896182183523,12.5415873691707,9.26028057642501,-5.93349084053034,11.4442138016507,11.4501520689872,0.0518888185715647,-8.70252917797663
B0795VHRJZ,2021Q1,Colgate,3,0.000701353261117326,12.2248834538984,8.92320417773584,-5.75015456284543,11.4724426225142,11.4784415181864,0.0522896114597113,-6.10592271514802
B0795VHRJZ,2021Q3,Colgate,3,0.000408409978272589,12.7739659147317,9.4718312647597,-6.0497917780274,11.4858082315957,11.4915276892506,0.0497958658154796,-10.0394680402438
B0795VHRJZ,2022Q1,Colgate,3,0.000348850189774503,12.9854383285734,9.67707850833685,-6.15594946521653,11.4823223026477,11.4842872451119,0.0171127617949813,-11.5602650097562
B0795Z8SWZ,2018Q2,Colgate,3,0.00142509013695116,13.8524021499888,10.5470621847093,-6.31243825039926,13.8524021499888,13.8524021499888,,
B0795Z8SWZ,2018Q3,Colgate,3,0.000999690096070218,7.9051916692541,4.61412774937429,-3.6483731795157,7.9051916692541,7.9051916692541,,
B0795Z8SWZ,2019Q3,Colgate,3,0.000650283848900045,4.51406071883723,1.22462568484382,-2.11954589188321,4.51406071883723,4.51406071883723,,
B0795Z8SWZ,2019Q4,Colgate,3,0.00145607035731967,7.68969763692484,4.3997645475074,-3.52940329776328,7.68969763692484,7.68969763692484,,
B0795Z8SWZ,2020Q1,Colgate,3,0.00112255703525203,7.92456871063719,4.63279194181639,-3.66055158482594,8.47809120313485,8.4926684457409,0.171940148516684,7.16884105429168
B0795Z8SWZ,2020Q2,Colgate,3,0.00189206882589561,7.76061652468719,4.48326530267116,-3.53117978871412,8.46696455994123,8.47647077801566,0.11227421594996,9.22419309150606
B0795Z8SWZ,2020Q3,Colgate,3,0.00100468854655057,7.84294989788798,4.56164310514229,-3.64939430697185,8.4725086026254,8.47844686996188,0.0700886551433206,8.10277995330597
B0795Z8SWZ,2020Q4,Colgate,3,0.000376287845150026,9.423623074535,6.14656918177456,-4.45029873663185,8.47361954279532,8.49038884406843,0.197900096746414,-9.903136225688
B0795Z8SWZ,2021Q1,Colgate,3,0.000701353261117326,8.41335975534159,5.11168047917903,-3.95734807358104,8.5007374254653,8.50673632113755,0.0705691209127171,1.10986060873808
B0795Z8SWZ,2021Q2,Colgate,3,0.000832040204182666,10.1823889095599,6.89976916617246,-4.75440987458181,8.48156305609301,8.48492538226819,0.0396427657608276,-16.6705823394549
B0795Z8SWZ,2021Q3,Colgate,3,0.000408409978272589,13.7347584799515,10.4326238299795,-6.50482625989909,8.51410304517917,8.51982250283399,0.0671762794562797,-37.9688946458702
B0795Z8SWZ,2021Q4,Colgate,3,0.000816819956545178,16.5560373332796,13.2607921201785,-7.76745504448006,8.55492654486128,8.5592626049988,0.0506849487810178,-48.301260545036
B0795Z8SWZ,2022Q1,Colgate,3,0.00104655056932351,11.9671881355374,8.65882831530085,-5.60291664456455,8.51061711182195,8.51258205428614,0.0230881314288345,-28.8673165502644
B0795Z8SWZ,2022Q2,Colgate,3,0.000372106869092803,10.2361073455725,6.953433548785,-4.84173479846165,8.48185314745405,8.4840098345063,0.0254270737155653,-17.1168340846293
B0795Z8SWZ,2022Q3,Colgate,3,0.000384938140440831,9.26450064419882,5.96428525676038,-4.38586955141873,8.50490620504385,8.50835580401853,0.0405601060319002,-8.16174415891229
B07961C65H,2018Q3,Colgate,3,0.00299907028821066,11.1061373699479,7.81507345006809,-4.78165212749386,11.1061373699479,11.1061373699479,,
B07961C65H,2018Q4,Colgate,3,0.00309134937400175,11.3148079287856,8.0457531301744,-4.75668360640034,11.3148079287856,11.3148079287856,,
B07961C65H,2019Q1,Colgate,3,0.00299907028821066,11.4073287229447,8.10953674361567,-4.991235195616,11.4073287229447,11.4073287229447,,
B07961C65H,2019Q2,Colgate,3,0.00311531332263742,10.8225394244335,7.53323122431539,-4.6356960043665,10.8225394244335,10.8225394244335,,
B07961C65H,2019Q3,Colgate,3,0.00260113539560018,10.6511221515168,7.36168711752339,-4.76277657736749,10.6511221515168,10.6511221515168,,
B07961C65H,2019Q4,Colgate,3,0.00145607035731967,12.4623830252778,9.17244993586036,-5.71996167134009,12.4623830252778,12.4623830252778,,
B07961C65H,2020Q1,Colgate,3,0.00149674271366938,10.6014254818759,7.3096487130551,-4.84377058340182,11.2879847614893,11.3025620040954,0.129139460355942,6.61360609870918
B07961C65H,2020Q2,Colgate,3,0.000378413765179122,10.6529443194601,7.37559309744407,-5.03463798594638,11.2768581186582,11.2863643367326,0.0842984630506825,5.94596196391863
B0799HHLC2,2019Q3,Other,7,0.000650283848900045,9.69504898022852,6.43801600135098,-4.51471022891572,9.69504898022852,9.69504898022852,,
B0799HHLC2,2019Q4,Other,7,0.00145607035731967,9.62657636502244,6.37049629440008,-4.34030727883435,9.62657636502244,9.62657636502244,,
B0799HHLC2,2020Q1,Other,7,0.000748371356834689,9.6114025334068,6.36915465554691,-4.35320821913909,9.64609534048971,9.64609792059449,2.67476599537827e-05,0.360981522385551
B0799HHLC2,2020Q2,Other,7,0.000378413765179122,8.70380097415987,5.44025382834288,-4.1038472176466,9.66293820617978,9.66294098716663,2.87799299886107e-05,11.019783378024
B0799HHLC2,2021Q1,Other,7,0.000350676630558663,8.44730130981284,5.20040466533166,-3.95424761871164,9.65298181201121,9.65298391127353,2.174729379052e-05,14.2729915418088
B0799HHLC2,2021Q3,Other,7,0.000408409978272589,8.16684703331362,4.92303673062518,-3.7971895554544,9.64644258196648,9.64644426454998,1.74425285729959e-05,18.1171169877542
B0799HHLC2,2022Q1,Other,7,0.000348850189774503,8.64830192682986,5.3854770636753,-4.0805814222852,9.66421828724959,9.66421942953347,1.18197234809959e-05,11.7470170595213
B079Z4VJS7,2018Q3,hello,12,0.000999690096070218,15.8202895937328,12.5820777206237,-6.88112474502415,15.8202895937328,15.8202895937328,,
B079Z4VJS7,2019Q1,hello,12,0.000999690096070218,15.7359142147838,12.5041897291056,-6.18764275031098,15.7359142147838,15.7359142147838,,
B079Z4VJS7,2019Q2,hello,12,0.000778828330659356,13.5300314928554,10.2997367629964,-5.32117675241007,13.5300314928554,13.5300314928554,,
B079Z4VJS7,2020Q1,hello,12,0.000748371356834689,14.237626101294,10.9965973565237,-6.4224023135065,15.0351722404505,15.0916081410705,0.375359189222926,5.99806480167977
B079Z4VJS7,2020Q2,hello,12,0.000756827530358244,8.26557800825869,5.02683352807846,-3.68986983938848,15.0301027854382,15.0754104690945,0.301446266223501,82.3878554413455
B079Z4VJS7,2021Q1,hello,12,0.000350676630558663,11.8393766967343,8.60731320216308,-5.31670301556749,15.0265947439011,15.1056760100351,0.526275363658808,27.5884398052957
B07C1ZQ5ZY,2019Q2,Sensodyne,10,0.000778828330659356,10.517942349273,7.25712466884914,-4.66335812845977,10.517942349273,10.517942349273,,
B07C1ZQ5ZY,2019Q3,Sensodyne,10,0.000650283848900045,9.7099681685388,6.4550726449398,-4.39814598943149,9.7099681685388,9.7099681685388,,
B07C1ZQ5ZY,2020Q1,Sensodyne,10,0.00112255703525203,10.1177275525372,6.85461318218501,-4.09874066164182,10.1140292897969,10.1140343741773,5.02705722639056e-05,-0.0365020538529715
B07C1ZQ5ZY,2020Q2,Sensodyne,10,0.00113524129553737,10.4939936062264,7.22167553884314,-4.41798229898415,10.5379209404857,10.5379582818637,0.000354352421554675,0.418950852144695
B07C1ZQ5ZY,2020Q3,Sensodyne,10,0.00133958472873409,9.90666988570685,6.61639471088328,-4.28035276838543,10.2009612061552,10.2009680604054,6.71921993712506e-05,2.97070739303753
B07C1ZQ5ZY,2020Q4,Sensodyne,10,0.00188143922575013,10.0225206218021,6.7391901466243,-4.25203269538088,10.1430265026812,10.143036676751,0.000100306056110084,1.20245255157423
B07C1ZQ5ZY,2021Q1,Sensodyne,10,0.000350676630558663,9.66835055183953,6.40995081752908,-4.3417613824812,10.1255075647127,10.1255115140361,3.90037077831568e-05,4.72842766452599
B07C1ZQ5ZY,2021Q2,Sensodyne,10,0.00166408040836533,9.27583213020086,5.98205522012603,-4.05543874324784,10.1437834430548,10.1437858257465,2.34891809793523e-05,9.35715182597676
B07C1ZQ5ZY,2021Q4,Sensodyne,10,0.000816819956545178,9.56243317450482,6.26993569351611,-4.38150727743393,10.1364992499592,10.1365051851853,5.85530168618318e-05,6.00340938550108
B07C1ZQ5ZY,2022Q1,Sensodyne,10,0.00104655056932351,9.41120407697039,6.12635315205131,-4.20885016950313,10.132854908298,10.1328566032077,1.67268731037843e-05,7.6680148505468
B07C1ZQ5ZY,2022Q2,Sensodyne,10,0.00223264121455682,9.97421089517955,6.69153709839204,-4.03716840087211,10.1327833148842,10.1327845802549,1.24878889791737e-05,1.58983689779382
B07C1ZQ5ZY,2022Q3,Sensodyne,10,0.00115481442132249,9.84422737687745,6.56852665128438,-4.31293496969108,10.129180936599,10.1291835250388,2.55542849127692e-05,2.89465223884062
B07CHP3FPQ,2019Q2,Crest,4,0.000778828330659356,13.4423007411005,10.1529925409824,-6.31900924211655,13.4423007411005,13.4423007411005,,
B07CHP3FPQ,2019Q3,Crest,4,0.00260113539560018,11.6523734570666,8.36947030712192,-5.2606205200499,11.6523734570666,11.6523734570666,,
B07CHP3FPQ,2020Q1,Crest,4,0.000374185678417344,11.2790482160077,8.00104210988967,-5.33504426858356,12.5314746247422,12.5314816248178,5.58599507236125e-05,11.104069996195
B07CHP3FPQ,2020Q3,Crest,4,0.000334896182183523,12.376092301065,9.1158907314277,-5.83758456608347,12.5199956884148,12.5199976107112,1.53538105008616e-05,1.16276855525546
B07CHP3FPQ,2020Q4,Crest,4,0.000376287845150026,12.3607837691448,9.08998250731684,-5.8389198968191,12.5552979904061,12.5553093413066,9.04072572298097e-05,1.5737316969122
B07CHP3FPQ,2021Q1,Crest,4,0.000701353261117326,12.2005257064119,8.91653001899275,-5.73716141844952,12.5369140312087,12.5369185415303,3.5976330507378e-05,2.75719951101447
B07CHP3FPQ,2021Q4,Crest,4,0.000408409978272589,13.4901218321472,10.223501056269,-6.36047482039022,12.5282590070118,12.5282635032611,3.58888601847501e-05,-7.13009371489839
B07CHP3FPQ,2022Q1,Crest,4,0.000348850189774503,12.9767813696877,9.72314251664914,-6.1019060859966,12.5244746535963,12.5244759038644,9.98259902469645e-06,-3.48549808259757
B07CHP3FPQ,2022Q2,Crest,4,0.000372106869092803,12.9266427219993,9.6625123111242,-6.0971203562504,12.525103359845,12.5251043100265,7.58621684932613e-06,-3.10628537206688
B07CKG4T6Q,2019Q1,Crest,4,0.000999690096070218,10.3066789409291,7.03894857124037,-4.78076411241879,10.3066789409291,10.3066789409291,,
B07CKG4T6Q,2019Q2,Crest,4,0.000778828330659356,9.71861772217348,6.42930952205537,-4.56856578273402,9.71861772217348,9.71861772217348,,
B07CKG4T6Q,2019Q3,Crest,4,0.000650283848900045,9.69052879282601,6.40762564288133,-4.56054146606877,9.69052879282601,9.69052879282601,,
B07CKG4T6Q,2020Q1,Crest,4,0.000748371356834689,9.50764616453928,6.22964005842124,-4.4591452406233,9.89553778134187,9.89554478141742,7.07397182952675e-05,4.07985962208906
B07CKG4T6Q,2020Q2,Crest,4,0.000378413765179122,9.52427897358113,6.2532167802801,-4.49902089063657,9.89079975954606,9.89080310816468,3.38558933668961e-05,3.84831372117751
B07F2PGS2H,2018Q3,Other,7,0.00299907028821066,10.8740252924836,7.61619403631394,-4.63220649415081,10.8740252924836,10.8740252924836,,
B07F2PGS2H,2019Q1,Other,7,0.000999690096070218,10.7965072102764,7.53538292031938,-4.98276183379839,10.7965072102764,10.7965072102764,,
B07F2PGS2H,2019Q2,Other,7,0.000778828330659356,9.72101660051796,6.46276451332171,-4.50976968830634,9.72101660051796,9.72101660051796,,
B07F2PGS2H,2021Q1,Other,7,0.000350676630558663,14.0944960675409,10.8475994230597,-6.5977435239905,10.4535061649187,10.453508264181,2.0081896744353e-05,-25.83269232126
B07F2Q38TL,2020Q1,Tom's of Maine,11,0.000374185678417344,9.65176515762541,6.35998838880462,-4.52223664408529,9.64168455158642,9.65626179419247,0.151189789793024,0.0465887482095306
B07F2Q38TL,2021Q1,Tom's of Maine,11,0.000701353261117326,10.8485691250621,7.54688984889954,-4.9137053797653,10.8512322329449,10.8572311286171,0.0552830825427942,0.0798446638922368
B07F2Q38TL,2021Q4,Tom's of Maine,11,0.000408409978272589,9.36264779932861,6.06740258622751,-4.26944139180276,9.42593407870001,9.43027013883752,0.0460013840677409,0.722256576967095
B07GT4XWXZ,2019Q2,Other,7,0.000778828330659356,9.04895722396586,5.79070513676961,-4.19798820189727,9.04895722396586,9.04895722396586,,
B07GT4XWXZ,2019Q3,Other,7,0.00130056769780009,9.11147307491215,5.85444009603461,-4.13970692965802,9.11147307491215,9.11147307491215,,
B07GT4XWXZ,2019Q4,Other,7,0.000728035178659833,9.62220160074237,6.36612153012002,-4.46407901318719,9.62220160074237,9.62220160074237,,
B07GT4XWXZ,2021Q1,Other,7,0.000350676630558663,7.50766823864344,4.26077159416227,-3.5143980504456,9.25248125057595,9.25248334983826,2.26886416256884e-05,23.24043971754
B07H944RLG,2019Q4,Other,7,0.000728035178659833,7.73223701658533,4.47615694596297,-3.58725772156599,7.73223701658533,7.73223701658533,,
B07H944RLG,2020Q1,Other,7,0.000374185678417344,7.66975278688525,4.42750490902536,-3.56614611797726,7.71799613854696,7.71799871865174,3.34297236507508e-05,0.629041549409393
B07H944RLG,2020Q2,Other,7,0.000756827530358244,7.75089408237873,4.48734693656174,-3.61189905184371,7.73483900504938,7.73484178603623,3.59540366485431e-05,-0.207102511941148
B07H944RLG,2020Q3,Other,7,0.000334896182183523,7.66780071418655,4.41750188303279,-3.60111243452764,7.72403067130929,7.72403196878304,1.67978845542568e-05,0.733342671418868
B07H944RLG,2020Q4,Other,7,0.000752575690300052,7.61310166476996,4.36338202500311,-3.5025975499275,7.7237595086679,7.72376319561011,4.77350725936962e-05,1.45356696538341
B07H944RLG,2021Q1,Other,7,0.000350676630558663,7.57078503192595,4.32388838744478,-3.54394351359229,7.72488261244149,7.72488471170381,2.71753296626008e-05,2.03545179433859
B07JHV6LS2,2019Q2,Colgate,3,0.000778828330659356,9.6535211764291,6.36421297631099,-4.48731255419092,9.6535211764291,9.6535211764291,,
B07JHV6LS2,2020Q2,Colgate,3,0.000756827530358244,9.69990108278408,6.42254986076805,-4.54156329044669,9.63478249526228,9.64428871333671,0.0986656219702881,-0.573329242976239
B07JHV6LS2,2020Q3,Colgate,3,0.000334896182183523,9.60365791633121,6.32235112358552,-4.54354098925405,9.64032653864859,9.64626480598508,0.0615981970390261,0.443652720922216
B07JHV6LS2,2020Q4,Colgate,3,0.000752575690300052,9.54065135468406,6.26359746192362,-4.46020706562648,9.64143747609296,9.65820677736608,0.173929471769083,1.2321530083405
B07JHV6LS2,2021Q1,Colgate,3,0.000701353261117326,10.8217473618122,7.52006808564964,-5.09016876971873,9.66855536293147,9.67455425860372,0.0620454188559576,-10.6008120948812
B07JHV6LS2,2021Q3,Colgate,3,0.00122522993481777,11.5303053887325,8.2281707387605,-5.38237985092327,9.68192097236832,9.68764043002315,0.0590735833431194,-15.9810594480006
B07JHV6LS2,2021Q4,Colgate,3,0.00122522993481777,12.0834423645446,8.7881971514435,-5.6217068894114,9.72274447202375,9.72708053216127,0.0445970800733603,-19.5007495487991
B07JHV6LS2,2022Q1,Colgate,3,0.000697700379549007,10.1169558196896,6.80859599945305,-4.76637858668654,9.67843503980028,9.68039998226446,0.0203022746559952,-4.31509087521676
B07JHV6LS2,2022Q3,Colgate,3,0.000384938140440831,14.2554873642556,10.9552719768172,-6.74863226553642,9.67272414485676,9.67617374383144,0.0356631588269982,-32.1231642483609
B07JW8WKH7,2019Q3,Other,7,0.000650283848900045,14.5474258472098,11.2903928683323,-6.77432495810278,14.5474258472098,14.5474258472098,,
B07JW8WKH7,2019Q4,Other,7,0.000728035178659833,14.4236801995128,11.1676001288904,-6.69165444076759,14.4236801995128,14.4236801995128,,
B07JW8WKH7,2020Q1,Other,7,0.000748371356834689,12.0159996211599,8.77375174330001,-5.44230128019252,14.4708356858337,14.4708382659384,1.7829687493568e-05,20.4297496852083
B07JW8WKH7,2020Q3,Other,7,0.000334896182183523,12.433521963715,9.18322313256124,-5.83928980648482,14.4768702195305,14.4768715170043,8.96239127415233e-06,16.4341974804278
B07JWVR1PK,2019Q3,Colgate,3,0.00130056769780009,11.6018188500317,8.31238381603829,-5.36099968801219,11.6018188500317,11.6018188500317,,
B07JWVR1PK,2020Q1,Colgate,3,0.00112255703525203,9.99920235609789,6.70742558727709,-4.61887547046915,11.5940799752444,11.6086572178504,0.125730050484156,16.0958324917891
B07JWVR1PK,2020Q2,Colgate,3,0.000756827530358244,9.67599790659414,6.39864668457811,-4.53037165183277,11.5829533334079,11.5924595514823,0.0820707621001708,19.8063462124367
B07JWVR1PK,2020Q3,Colgate,3,0.00133958472873409,9.57650282677982,6.29519603403413,-4.41870095576958,11.588497373975,11.5944356413115,0.0512427724220588,21.0717090678314
B07JWVR1PK,2020Q4,Colgate,3,0.000376287845150026,9.4832927293052,6.20623883654475,-4.47847768512531,11.5896083131394,11.6063776144125,0.144692562682237,22.3876341868741
B07JWVR1PK,2021Q1,Colgate,3,0.00175338315279331,10.2248417929186,6.92316251675604,-4.70758660189585,11.6167261969886,11.6227250926608,0.0516401572226461,13.6714418477392
B07JWVR1PK,2021Q2,Colgate,3,0.001248060306274,11.9821419204289,8.69952217704146,-5.53437736749555,11.5975518275901,11.6009141537653,0.0289916891527332,-3.18163287661961
B07JWVR1PK,2021Q3,Colgate,3,0.00122522993481777,12.7415488523118,9.43941420233979,-5.94779179736681,11.6300918104538,11.6358112681086,0.049178095478885,-8.67820385904299
B07JWVR1PK,2022Q1,Colgate,3,0.00209310113864702,12.6681655588755,9.35980573863895,-5.81945594553761,11.6266058808711,11.6285708233353,0.0169003962490785,-8.20635577194416
B07JWVR1PK,2022Q2,Colgate,3,0.00297685495274243,11.6877574884108,8.40508369162329,-5.20128306411584,11.5978419181756,11.5999986052279,0.0185955893127472,-0.750861602578112
B07JWVR1PK,2022Q3,Colgate,3,0.00230962884264499,11.556001067423,8.25578567998456,-5.26281581809075,11.6208949783713,11.624344577346,0.0296844518524589,0.591411419263732
B07JWVT19F,2020Q1,Colgate,3,0.000374185678417344,10.5495097782064,7.2577330093856,-4.9791268760735,10.5394291721674,10.5540064147735,0.138311500252252,0.042624128150015
B07JWVT19F,2020Q2,Colgate,3,0.00151365506071649,9.30245937192429,6.02510814990826,-4.27365141430165,9.29567766881275,9.30518388688719,0.102264927992594,0.0292881146154
B07JWVT19F,2020Q3,Colgate,3,0.000334896182183523,9.22798824859107,5.94668145584538,-4.36580969679576,9.22279501827625,9.22873328561273,0.0643868515424338,0.00807366677966215
B07JWVT19F,2020Q4,Colgate,3,0.000376287845150026,9.23089347249518,5.95383957973474,-4.35928233055476,9.2310640796512,9.24783338092432,0.181661627829893,0.183513204649288
B07JWVT19F,2021Q1,Colgate,3,0.000350676630558663,11.2380115311859,7.93633225502334,-5.32326741973633,11.2406746390687,11.2466735347409,0.0533677547377729,0.0770777243908949
B07JWVT19F,2021Q2,Colgate,3,0.000832040204182666,11.9139028480662,8.63128310467876,-5.56289666882332,11.9164511153681,11.9198134415433,0.028215834921266,0.0496108920179372
B07JWVT19F,2021Q3,Colgate,3,0.000408409978272589,12.699946777055,9.39781212708299,-6.0147360738301,12.7155201189876,12.7212395766424,0.0449801313773087,0.167660541899894
B07JWVT19F,2021Q4,Colgate,3,0.000408409978272589,15.0482034571911,11.75295824409,-7.11904107861995,15.1114897365625,15.1158257967,0.0286937966613821,0.449371512694441
B07JWVT19F,2022Q1,Colgate,3,0.000348850189774503,14.6995161879451,11.3911563677086,-6.96853479462512,14.7053784302078,14.707343372672,0.0133620666309814,0.0532479071201575
B07JWVT19F,2022Q2,Colgate,3,0.000372106869092803,11.3182131140874,8.03553931729989,-5.35357674952334,11.3209974192307,11.323154106283,0.0190503272139909,0.0436552320207451
B07JWVT19F,2022Q3,Colgate,3,0.000384938140440831,11.3232785651319,8.02306317769345,-5.36050722951179,11.3315743401021,11.3350239390768,0.0304423628274637,0.103727678139709
B07JYNPTMG,2019Q4,SENSODYNE PRONAMEL,9,0.000728035178659833,5.51992787314981,2.2590543740876,-2.51658370785698,5.51992787314981,5.51992787314981,,
B07JYNPTMG,2020Q3,SENSODYNE PRONAMEL,9,0.000669792364367046,5.45159675494177,2.1613215801182,-2.55010089335242,5.60391692366461,5.6039237779148,0.000122311773764931,2.79417260337438
B07JYNPTMG,2021Q2,SENSODYNE PRONAMEL,9,0.000416020102091333,4.5710006929852,1.27722378291037,-2.149268051071,5.54673916000783,5.54674154269948,4.29566197468894e-05,21.3463290699492
B07JYNPTMG,2022Q1,SENSODYNE PRONAMEL,9,0.00244195132842152,5.4402089472792,2.15535802236012,-2.34635068935784,5.53581062688588,5.53581232179566,3.06171922192121e-05,1.75734747402074
B07JYNPTMG,2022Q2,SENSODYNE PRONAMEL,9,0.00148842747637121,5.51882256741462,2.23614877062711,-2.49832555615318,5.53573903239289,5.53574029776362,2.28582078243735e-05,0.306546009449327
B07JYNPTMG,2022Q3,SENSODYNE PRONAMEL,9,0.000769876280881662,5.44344588182754,2.16774515623447,-2.5126257487543,5.53213665405453,5.53213924249428,4.67891507298125e-05,1.62936056667409
B07K15VPD4,2019Q2,SENSODYNE PRONAMEL,9,0.00233648499197807,5.64584723348732,2.38502955306346,-2.21770798276772,5.64584723348732,5.64584723348732,,
B07K15VPD4,2019Q3,SENSODYNE PRONAMEL,9,0.00130056769780009,5.68903076495845,2.43413524135945,-2.44002441167238,5.68903076495845,5.68903076495845,,
B07K15VPD4,2019Q4,SENSODYNE PRONAMEL,9,0.00145607035731967,5.61645798936333,2.35558449030112,-2.44211553957874,5.61645798936333,5.61645798936333,,
B07K15VPD4,2020Q1,SENSODYNE PRONAMEL,9,0.00112255703525203,5.50825717560446,2.24514280525227,-2.48033881704026,5.64951372748747,5.64951881186787,8.99967793523585e-05,2.56454322592352
B07K15VPD4,2020Q2,SENSODYNE PRONAMEL,9,0.00113524129553737,5.50885734627026,2.236539278887,-2.51084103550905,6.07340537808164,6.07344271945967,0.000614834276810991,10.2486838504116
B07K15VPD4,2020Q3,SENSODYNE PRONAMEL,9,0.00301406563965171,5.47884372887605,2.18856855405248,-2.3858127011535,5.73644564425046,5.73645249850065,0.000119486013040243,4.70188204614928
B07K15VPD4,2020Q4,SENSODYNE PRONAMEL,9,0.00301030276120021,5.44862951923145,2.16529904405365,-2.32440201572934,5.67851094054849,5.67852111461835,0.000179167918518748,4.21925540313344
B07K15VPD4,2021Q1,SENSODYNE PRONAMEL,9,0.00210405978335198,4.66484471116994,1.40644497685949,-1.96250326280533,5.6609920015254,5.66099595084878,6.97638043283928e-05,21.3544351710907
B07K15VPD4,2021Q2,SENSODYNE PRONAMEL,9,0.00208010051045667,4.5832003145253,1.28942340445048,-2.03021223089394,5.67926788056015,5.6792702632518,4.19542043306068e-05,23.9149474931913
B07K15VPD4,2021Q3,SENSODYNE PRONAMEL,9,0.00122522993481777,4.51114985384149,1.22550169692953,-2.04252854421817,5.677506868727,5.67751289790168,0.000106194053462474,25.8551163638905
B07K15VPD4,2021Q4,SENSODYNE PRONAMEL,9,0.00163363991309036,5.21749726458389,1.92499978359518,-2.32020376012753,5.67198368813259,5.6719896233587,0.000104641099873655,8.71092663258077
B07K15VPD4,2022Q1,SENSODYNE PRONAMEL,9,0.00104655056932351,5.16518153876433,1.88033061384525,-2.36263330247929,5.66833934679829,5.66834104170807,2.99013463525711e-05,9.74137112447186
B07K15VPD4,2022Q2,SENSODYNE PRONAMEL,9,0.00148842747637121,5.522712121462,2.24003832467449,-2.50008632525926,5.6682677529267,5.66826901829743,2.23237642456364e-05,2.63560536262202
B07K15VPD4,2022Q3,SENSODYNE PRONAMEL,9,0.00192469070220416,5.45286027447781,2.17715954888473,-2.39087868704683,5.66466537471036,5.66466796315012,4.56944865167922e-05,3.88434102490536
B07L3MX468,2020Q2,Colgate,3,0.000378413765179122,7.73563623843574,4.45828501641971,-3.65590271417712,7.7288545353242,7.73836075339864,0.122996467729952,0.0352203086975589
B07L3MX468,2021Q1,Colgate,3,0.000350676630558663,6.59034051287499,3.28866123671243,-3.12173953904582,6.59300362075776,6.59900251643001,0.0909888120395075,0.131434840705125
B07L3MX468,2021Q3,Colgate,3,0.000816819956545178,6.441087081579,3.138952431607,-3.02861891368776,6.45666042351158,6.46237988116641,0.0885822899094996,0.330577731953086
B07L3MX468,2022Q1,Colgate,3,0.000348850189774503,7.91826493052361,4.60990511028706,-3.7537769254382,7.9241271727863,7.92609211525048,0.0247969577132798,0.0988497454372794
B07L5D13LL,2019Q2,Colgate,3,0.000778828330659356,4.83651161970589,1.54720341958778,-2.24818891603909,4.83651161970589,4.83651161970589,,
B07L5D13LL,2019Q3,Colgate,3,0.000650283848900045,4.82096517677202,1.53153014277861,-2.263650750797,4.82096517677202,4.82096517677202,,
B07L5D13LL,2019Q4,Colgate,3,0.00145607035731967,4.78629946395928,1.49636637454184,-2.19680693699369,4.78629946395928,4.78629946395928,,
B07L5D13LL,2020Q1,Colgate,3,0.00149674271366938,4.62141285129016,1.32963608246936,-2.11151449973437,4.80672947464922,4.82130671725527,0.303267381343814,4.32538430123828
B07L5D13LL,2020Q2,Colgate,3,0.00264889635625386,4.80026948532178,1.52291826330575,-2.14195961865418,4.79560283120554,4.80510904927997,0.198227801780786,0.100818588893614
B07L5D13LL,2020Q3,Colgate,3,0.00167448091091762,4.75250583776889,1.4711990450232,-2.17433095955133,4.80114687461367,4.80708514195015,0.12368435066795,1.14843213337084
B07L5D13LL,2020Q4,Colgate,3,0.00112886353545008,4.6860761743181,1.40902228155766,-2.16843875520162,4.80225781206413,4.81902711333725,0.349196189154765,2.83714848144767
B07L5D13LL,2021Q1,Colgate,3,0.00175338315279331,4.85932776360261,1.55764848744005,-2.23726750373773,4.82937569642074,4.83537459209299,0.124216794247222,-0.492931793756257
B07L5D13LL,2021Q2,Colgate,3,0.00208010051045667,5.77738906268854,2.4947693193011,-2.61026392350094,4.81020132515257,4.81356365132775,0.0698999053865237,-16.6827160314571
B07L5D13LL,2021Q3,Colgate,3,0.00163363991309036,5.62620991655512,2.32407526658312,-2.60720090131711,4.84274130598753,4.84846076364236,0.1181037204642,-13.8236781856332
B07L5D13LL,2021Q4,Colgate,3,0.00285886984790812,5.73236398965672,2.43711877655562,-2.57702214813855,4.88356480599447,4.88790086613199,0.0887888317196942,-14.7314986460813
B07L5D13LL,2022Q1,Colgate,3,0.000697700379549007,6.15669319959511,2.84833337935856,-2.90058898688055,4.83925537775018,4.84122032021437,0.0406042316596389,-21.3665491642048
B07L5D13LL,2022Q2,Colgate,3,0.000372106869092803,6.71771493024513,3.43504113345762,-3.17751592923473,4.81049141848889,4.81264810554114,0.0448329882464264,-28.3588518489646
B07L5D13LL,2022Q3,Colgate,3,0.00115481442132249,5.88659133520346,2.58637594776501,-2.7443932147599,4.83354447613017,4.83699407510484,0.0713678955829013,-17.8303062049124
B07L5H35RR,2020Q4,Colgate,3,0.000376287845150026,4.7416463646526,1.46459247189216,-2.23923884256266,4.74181697180862,4.75858627308174,0.353647164637757,0.357257946425915
B07L5H35RR,2021Q2,Colgate,3,0.000416020102091333,4.14414987341772,0.861530130030282,-1.95589002497674,4.14669814071962,4.1500604668948,0.0810844209315551,0.142624993246288
B07L5H35RR,2021Q3,Colgate,3,0.000408409978272589,4.49676227084565,1.19462762087365,-2.1296812278583,4.51233561277823,4.51805507043306,0.126751601512798,0.473514015305199
B07L5H35RR,2022Q1,Colgate,3,0.000348850189774503,6.05121426111519,2.74285444087864,-2.8686724507909,6.05707650337788,6.05904144584206,0.0324404432251668,0.129348993261891
B07L5H35RR,2022Q2,Colgate,3,0.000372106869092803,6.02783406449467,2.74516026770716,-2.85119850389612,6.03061836963798,6.03277505669023,0.0357622870501522,0.0819696120146984
B07L5H35RR,2022Q3,Colgate,3,0.000769876280881662,5.88094075950146,2.58072537206301,-2.76291554459812,5.88923653447169,5.89268613344637,0.0585746378921879,0.199719303853385
B07L5PDS11,2019Q3,Colgate,3,0.000650283848900045,6.77109107825584,3.48165604426243,-3.17931883782481,6.77109107825584,6.77109107825584,,
B07L5PDS11,2020Q2,Colgate,3,0.000378413765179122,6.76500843644545,3.48765721442942,-3.19717886698784,6.75222556317173,6.76173178124617,0.140786441233331,-0.0484353453519493
B07L5PDS11,2020Q4,Colgate,3,0.000376287845150026,6.653600543948,3.37654665118756,-3.14215773069276,6.75888054403839,6.77564984531151,0.248107673509736,1.834334666732
B07L5PDS11,2021Q1,Colgate,3,0.000350676630558663,5.47673810820175,2.17505883203919,-2.59424378208858,6.78599842539677,6.79199732106902,0.0884010766904848,24.0153753362351
B07L5PDS11,2021Q2,Colgate,3,0.001248060306274,5.44669814534953,2.16407840196209,-2.51575078507528,6.76682405201631,6.77018637819149,0.0496883936886458,24.2989091284961
B07L5PDS11,2021Q3,Colgate,3,0.000408409978272589,8.20247847861794,4.90034382864594,-3.88472046900962,6.79936403932774,6.80508349698256,0.084117538371891,-17.0362529481556
B07L5PDS11,2022Q1,Colgate,3,0.000348850189774503,7.86307849925314,4.55471867901659,-3.72761493741204,6.79587810915236,6.79784305161655,0.0289137390727874,-13.5473078100107
B07L5QNJW3,2020Q2,Colgate,3,0.000756827530358244,4.81156879206489,1.53421757004886,-2.25281103477282,4.80478708895335,4.81429330702779,0.197848893165123,0.0566242545963824
B07L5QNJW3,2020Q3,Colgate,3,0.000334896182183523,4.7777475692079,1.49644077646221,-2.26037746305918,4.77255433889308,4.77849260622956,0.124425347828699,0.0155938967236313
B07L5QNJW3,2021Q1,Colgate,3,0.000350676630558663,4.84850664723406,1.5468273710715,-2.29666052557187,4.85116975511683,4.85716865078908,0.12365874572671,0.178653020099806
B07L5QNJW3,2021Q2,Colgate,3,0.000416020102091333,5.91098729267482,2.62836754928738,-2.78977388285725,5.91353555997671,5.9168978861519,0.0568581374218741,0.0999933375664952
B07L5QNJW3,2022Q2,Colgate,3,0.000372106869092803,5.6338050374146,2.35113124062709,-2.66482061749746,5.63658934255791,5.63874602961016,0.0382622703407492,0.0877025769039141
B07L61QFSR,2020Q1,Other,7,0.000374185678417344,2.85231268837288,-0.389935189487014,-1.326217950374,2.85190400320537,2.85190658331015,9.04695522177521e-05,-0.0142377469477761
B07L61QFSR,2020Q2,Other,7,0.00151365506071649,2.88525441617037,-0.378292729646618,-1.31276776161664,2.88038932943081,2.88039211041766,9.65489915604848e-05,-0.168522599790832
B07L61QFSR,2021Q1,Other,7,0.000701353261117326,2.58231823821105,-0.664578406270123,-1.18583194894929,2.58414726054763,2.58414935980995,8.1236172086065e-05,0.0709099897837628
B07L61QFSR,2021Q2,Other,7,0.000832040204182666,2.76046262619531,-0.489134573215527,-1.2648310630708,2.7599195799331,2.75992048834494,3.29144316746944e-05,-0.0196393838201137
B07L61QFSR,2021Q3,Other,7,0.000408409978272589,2.72807682436792,-0.515733478320516,-1.26842400521416,2.72645295907046,2.72645464165397,6.17132782494901e-05,-0.0594625011827055
B07L625K8T,2019Q3,Crest,4,0.000650283848900045,20.2926400577156,17.0097369077709,-9.55009044581059,20.2926400577156,20.2926400577156,,
B07L625K8T,2020Q1,Crest,4,0.000748371356834689,13.5606072447996,10.2826011386816,-6.36000921880544,20.2799800962811,20.2799870963566,3.45171716900763e-05,49.5507297738004
B07L625K8T,2020Q2,Crest,4,0.000756827530358244,15.3538901033208,12.0828279100198,-7.18169590673668,20.2752420849381,20.2752454335567,1.65158009245805e-05,32.0528237281801
B07L625K8T,2020Q3,Crest,4,0.000334896182183523,14.3478440520468,11.0876424824095,-6.76762510793438,20.2685011592634,20.2685030815598,9.48415671001249e-06,41.2651476280049
B07L625K8T,2020Q4,Crest,4,0.000376287845150026,14.2357091720888,10.9649079102608,-6.72458697463246,20.3038034662733,20.3038148171739,5.59052916809923e-05,42.6259455832554
B07L625K8T,2021Q1,Crest,4,0.00105202989167599,15.8940914955863,12.6100958081671,-7.42026133623746,20.2854195058934,20.285424016215,2.22343029483967e-05,27.6287104667048
B07L625K8T,2021Q2,Crest,4,0.00166408040836533,14.6578470220192,11.3821622051831,-6.71972435510504,20.276037493751,20.2760390605149,7.72717037781784e-06,38.3289034880497
B07L625K8T,2021Q4,Crest,4,0.000408409978272589,11.5121415140702,8.24552073819201,-5.4278743468811,20.2767644777287,20.276768973978,2.21743925926876e-05,76.133771020758
B07L625K8T,2022Q2,Crest,4,0.000372106869092803,14.3290939499512,11.0649635390761,-6.7586156968806,20.2736088294253,20.2736097796068,4.68679016660165e-06,41.4856364988508
B07L625K8T,2022Q3,Crest,4,0.000384938140440831,14.2825684200541,11.0145336789504,-6.74099739738806,20.2776215576356,20.2776238648318,1.13780418583357e-05,41.9746313720444
B07MGC24KH,2021Q1,Crest,4,0.000350676630558663,7.85504479532743,4.57104910790828,-3.7203153553729,7.84673171583274,7.84673622615437,5.74802578926536e-05,-0.105773670164222
B07MGC24KH,2021Q2,Crest,4,0.000416020102091333,6.43089924050633,3.15521442367027,-3.03771402979583,6.42151502218806,6.42151658895202,2.43986653174194e-05,-0.145899526697846
B07MGC24KH,2021Q4,Crest,4,0.000408409978272589,6.19475513343732,2.92813435755913,-2.92077303192448,6.19516193923243,6.1951664354818,7.25767850038062e-05,0.00663952062052164
B07MGC24KH,2022Q1,Crest,4,0.000348850189774503,6.02631933924963,2.77268048621107,-2.83367913851285,6.03592371472609,6.03592496499417,2.07137820772639e-05,0.159394569119153
B07MGC24KH,2022Q2,Crest,4,0.000744213738185607,5.65639092821656,2.39226051734146,-2.63779137105311,5.65613245224027,5.65613340242178,1.67991381262666e-05,-0.00455282879230357
B07MH9C7L8,2019Q3,Crest,4,0.000650283848900045,5.80796174384876,2.52505859390408,-2.73333384920875,5.80796174384876,5.80796174384876,,
B07MH9C7L8,2019Q4,Crest,4,0.00145607035731967,5.62433642083822,2.34899758124075,-2.59086103103074,5.62433642083822,5.62433642083822,,
B07MH9C7L8,2020Q1,Crest,4,0.000374185678417344,4.00286221793635,0.724856111818314,-1.89337315744625,5.7072712872555,5.70727828733105,0.000122651880362557,42.5799334725391
B07MH9C7L8,2020Q2,Crest,4,0.000378413765179122,5.47226975534308,2.20120756204205,-2.58495745628397,5.70253326850207,5.70253661712069,5.87215972631185e-05,4.20788579643345
B07MH9C7L8,2020Q4,Crest,4,0.000752575690300052,7.13467413750385,3.86387287567589,-3.3372131828978,5.73109465606257,5.73110600696312,0.000198058158748512,-19.6724910415009
B07MH9C7L8,2021Q1,Crest,4,0.000350676630558663,8.42850864838945,5.1445129609703,-3.99191996538951,5.71271070152893,5.71271521185056,7.89523899063601e-05,-32.2215180624847
B07MH9C7L8,2021Q3,Crest,4,0.000408409978272589,6.51349201655825,3.25630252828797,-3.06082344692571,5.69477536436541,5.69477859382603,5.67091836496596e-05,-12.5695006710829
B07MH9C7L8,2021Q4,Crest,4,0.000408409978272589,6.45257995573685,3.18595917985866,-3.04233518760493,5.70405567024686,5.70406016649622,7.88254817640646e-05,-11.6003179251601
B07MH9C7L8,2022Q1,Crest,4,0.000697700379549007,6.23913004082075,2.98549118778219,-2.89140634983311,5.70027131730936,5.70027256757745,2.19334837612647e-05,-8.63674053462138
B07MH9C7L8,2022Q2,Crest,4,0.000372106869092803,6.18305725928852,2.91892684841342,-2.91636777547134,5.70090002354486,5.70090097372636,1.66672191992871e-05,-7.7980239441878
B07MHF9BXW,2020Q2,Other,7,0.000378413765179122,14.5797595613048,11.3162124154878,-6.87436510637726,14.5748944745652,14.5748972555521,1.90806654239204e-05,-0.0333496977934611
B07MHF9BXW,2020Q3,Other,7,0.000669792364367046,13.5646030100759,10.3143041789221,-6.27062115094968,13.5621779043991,13.5621792018729,9.56685395569619e-06,-0.0178686261677941
B07MHF9BXW,2020Q4,Other,7,0.000376287845150026,12.3553419832472,9.10562234348035,-5.78896208401844,12.353224906336,12.3532285932782,2.98459895069365e-05,-0.0171050705987885
B07MHF9BXW,2021Q1,Other,7,0.000350676630558663,13.9287284066723,10.6818317621911,-6.52014638921237,13.9305574290089,13.9305595282712,1.50694782077307e-05,0.0131463658809006
B07MHF9BXW,2021Q3,Other,7,0.000408409978272589,13.2680878054161,10.0242775027277,-6.16902021429635,13.2664639401186,13.2664656227021,1.26829840223856e-05,-0.012226198211418
B07MHF9BXW,2021Q4,Other,7,0.000408409978272589,12.2122050208297,8.9670617476694,-5.68779447286811,12.2080000215739,12.2080017093638,1.38252777119495e-05,-0.0344189395670824
B07MHF9BXW,2022Q1,Other,7,0.000348850189774503,13.3490306017734,10.0862057386188,-6.29855510827205,13.3461678802627,13.3461690225465,8.55889034851212e-06,-0.0214366069884786
B07MZ7M2VF,2019Q2,Parodontax,8,0.000778828330659356,5.77261064287478,2.51179296245092,-2.43091303830345,5.77261064287478,5.77261064287478,,
B07MZ7M2VF,2019Q4,Parodontax,8,0.0021841055359795,5.71276411832683,2.45189061926462,-2.14888778235138,5.71276411832683,5.71276411832683,,
B07MZ7M2VF,2020Q1,Parodontax,8,0.000374185678417344,5.67,2.40688562964781,-2.51462897930981,5.73977242359649,5.73977750797689,8.85815678648536e-05,1.23064387966305
B07MZ7M2VF,2020Q2,Parodontax,8,0.000378413765179122,5.73013311076536,2.4578150433821,-2.54129033223663,6.16366407413648,6.16370141551452,0.000605830843228742,7.56646130845717
B07MZ7M2VF,2020Q3,Parodontax,8,0.00133958472873409,5.65405538747822,2.36378021265465,-2.15525469645063,5.82670434038949,5.82671119463968,0.000117635112237004,3.05366317323015
B07MZ7M2VF,2020Q4,Parodontax,8,0.00112886353545008,5.33428037355322,2.05094989837542,-1.87467962412858,5.76876963622474,5.7687798102946,0.000176364640976769,8.14541805668072
B07MZ7M2VF,2021Q1,Parodontax,8,0.000701353261117326,6.11374311869912,2.85534338438867,-2.50666827500408,5.75125070050209,5.75125464982547,6.86689484926993e-05,-5.92907588421505
B07MZ7M2VF,2021Q2,Parodontax,8,0.00166408040836533,4.72475516173363,1.43097825165881,-1.85688490583084,5.7695265766242,5.76952895931585,4.12978711107785e-05,22.112760594326
B07MZ7M2VF,2021Q4,Parodontax,8,0.000408409978272589,5.24648789555779,1.95399041456908,-2.42230042611006,5.76224238400045,5.76224831922656,0.000103002021048812,9.83058445832814
B07MZ7M2VF,2022Q1,Parodontax,8,0.000348850189774503,5.23913684210526,1.95428591718618,-2.40133289142315,5.75859804271173,5.75859973762151,2.94326807855981e-05,9.91504729064321
B07MZ7M2VF,2022Q2,Parodontax,8,0.00111632060727841,5.38420923979458,2.10153544300707,-2.02708259504511,5.7585264483668,5.75852771373753,2.19738633328675e-05,6.95215318112767
B07MZ7M2VF,2022Q3,Parodontax,8,0.000769876280881662,5.44344588182754,2.16774515623447,-2.23172707455827,5.75492407052688,5.75492665896664,4.49778263956799e-05,5.72212499032923
B07NX7Q9NB,2019Q3,Crest,4,0.000650283848900045,6.77462243590745,3.49171928596277,-3.18826218841518,6.77462243590745,6.77462243590745,,
B07NX7Q9NB,2020Q1,Crest,4,0.00187092839208672,4.70343643714093,1.42543033102289,-2.14951944242276,6.76196248485691,6.76196948493247,0.000103521360370982,43.7665752541317
B07NX7Q9NB,2020Q2,Crest,4,0.00113524129553737,6.65880338764159,3.38774119434056,-3.08379082421036,6.75722446699817,6.75722781561678,4.95561252285074e-05,1.47810983814096
B07NX7Q9NB,2020Q3,Crest,4,0.00100468854655057,6.68557206569321,3.42537049605591,-3.08231782178342,6.75048355050137,6.75048547279778,2.84764254047026e-05,0.970947683559809
B07NX7Q9NB,2020Q4,Crest,4,0.0015051513806001,6.39771216152794,3.12691089969998,-2.93327411128408,6.78578585205793,6.78579720295848,0.000167274664978016,6.06599721325787
B07NX7Q9NB,2021Q1,Crest,4,0.0028054130444693,5.99217470148777,2.70817901406862,-2.69615014582177,6.76740189214158,6.7674064024632,6.66477578587843e-05,12.9374015210697
B07NX7Q9NB,2021Q2,Crest,4,0.001248060306274,5.8913994037856,2.61571458694954,-2.72818855282595,6.7580198825289,6.75802144929286,2.31837725518081e-05,14.7099523578455
B07NX7Q9NB,2021Q3,Crest,4,0.000816819956545178,6.35481860203122,3.09762911376094,-2.94124883049329,6.74946656005249,6.74946978951311,4.78476423576297e-05,6.21026676285847
B07NX7Q9NB,2021Q4,Crest,4,0.000408409978272589,6.22093948153674,2.95431870565855,-2.93311872374601,6.75874686691771,6.75875136316707,6.65248965234363e-05,8.64518748697865
B07NX7Q9NB,2022Q1,Crest,4,0.000697700379549007,6.09081739225765,2.83717853921909,-2.82267366899296,6.75496251301953,6.75496376328761,1.85088826373249e-05,10.9040598044228
B07NX7Q9NB,2022Q2,Crest,4,0.000744213738185607,5.96306825632769,2.69893784545259,-2.78080673545336,6.75559121909533,6.75559216927683,1.40651124609564e-05,13.2905390124984
B07NX7Q9NB,2022Q3,Crest,4,0.00153975256176332,5.8673858824659,2.59935114136221,-2.68071889922042,6.75960394264863,6.7596062498449,3.41321220370537e-05,15.206437504738
B07P6LR9ZD,2020Q1,Tom's of Maine,11,0.000374185678417344,17.7681006364513,14.4763238676305,-8.32506328963808,17.7580200304123,17.7725972730184,0.0820882203144654,0.025307356475901
B07P6LR9ZD,2020Q3,Tom's of Maine,11,0.000669792364367046,16.2842686445678,13.0029618518221,-6.98750506110429,16.279075414253,16.2850136815895,0.0364779152708089,0.00457519485783653
B07P6LR9ZD,2021Q1,Tom's of Maine,11,0.000701353261117326,14.1349099600164,10.8332306838538,-6.40220680832258,14.1375730678992,14.1435719635714,0.0424322876595441,0.0612809248839996
B07P6LR9ZD,2021Q2,Tom's of Maine,11,0.000416020102091333,13.9725053164557,10.6898855730683,-6.37153988382334,13.9750535837576,13.9784159099328,0.0240594868207996,0.0423016012032873
B07P6LR9ZD,2022Q1,Tom's of Maine,11,0.000348850189774503,13.4096293139734,10.1012694937369,-6.22277696805919,13.4154915562361,13.4174564987003,0.0146468167487099,0.0583698814009326
B07P6LR9ZD,2022Q3,Tom's of Maine,11,0.000384938140440831,20.2249617888384,16.9247464014,-9.3380003441609,20.2332575638086,20.2367071627833,0.0170491526823946,0.0580736520915837
B07P7QRCWB,2019Q4,Tom's of Maine,11,0.000728035178659833,14.3031868717311,11.0132537823137,-6.52094880205247,14.3031868717311,14.3031868717311,,
B07P7QRCWB,2020Q1,Tom's of Maine,11,0.000748371356834689,12.0029755197259,8.7111987509051,-5.52228429592639,14.2949499399667,14.3095271825727,0.101974771980796,19.2164989344201
B07P7QRCWB,2020Q3,Tom's of Maine,11,0.000334896182183523,13.3010911012047,10.019784308459,-6.02605167412486,14.2893673425312,14.2953056098676,0.0415572445870695,7.47468385186001
B07P7QRCWB,2020Q4,Tom's of Maine,11,0.00112886353545008,13.1910607338434,9.91400684108296,-5.18643256334215,14.2904782807607,14.3072475820338,0.117345976416267,8.46169137351247
B07P7QRCWB,2021Q4,Tom's of Maine,11,0.000408409978272589,12.9301112155723,9.6348660024712,-5.89623290415092,14.3717852729436,14.3761213330811,0.0301706437660165,11.1832767205228
B07P7QRCWB,2022Q1,Tom's of Maine,11,0.000697700379549007,11.4373905060256,8.12903068578905,-5.15943325566971,14.3274758383871,14.3294407808513,0.0137145055161493,25.2859275313022
B07P7QRCWB,2022Q2,Tom's of Maine,11,0.000372106869092803,15.3689968383002,12.0863230415127,-6.68782295420624,14.2987118866352,14.3008685736874,0.0150830862901813,-6.94988928588335
B07P7QRCWB,2022Q3,Tom's of Maine,11,0.000384938140440831,10.9604611446396,7.66024575720116,-5.06051833419484,14.3217649402402,14.3252145392149,0.0240864096644055,30.6990130266632
B07PQYJBM3,2019Q3,Other,7,0.000650283848900045,24.2133605662364,20.9563275873589,-11.2754774986434,24.2133605662364,24.2133605662364,,
B07PQYJBM3,2019Q4,Other,7,0.000728035178659833,24.077307768372,20.8212276977496,-11.1703130699887,24.077307768372,24.077307768372,,
B07PQYJBM3,2020Q1,Other,7,0.000374185678417344,23.9613473316173,20.7190994537574,-11.1411238592025,24.1306168348686,24.1306194149734,1.06922454348988e-05,0.706438085527528
B07PQYJBM3,2020Q4,Other,7,0.000376287845150026,23.6945259402011,20.4448063004343,-11.1018142964073,24.1363802048165,24.1363838917587,1.52754562873567e-05,1.86481026323422
B07PQYJBM3,2022Q3,Other,7,0.000769876280881662,20.9992576215795,17.7401213032311,-9.75201270157598,24.1428510629565,24.1428526226677,6.46034355617498e-06,14.9700292159743
B07QQVJ629,2019Q4,Crest,4,0.000728035178659833,15.2377029924887,11.9623641528912,-7.14385641960935,15.2377029924887,15.2377029924887,,
B07QQVJ629,2020Q1,Crest,4,0.000748371356834689,14.0426837624995,10.7646776563815,-6.58610610675393,15.2326073537205,15.2326143537961,4.5954545991692e-05,8.47366935994291
B07QQVJ629,2020Q2,Crest,4,0.000756827530358244,16.2759676977716,13.0049055044706,-7.6129925254567,15.2278693348462,15.2278726834648,2.19900666504257e-05,-6.43952503328136
B07QQVJ629,2021Q1,Crest,4,0.000350676630558663,16.5439182299658,13.2599225425466,-7.83554959044759,15.2380467637066,15.2380512740282,2.95990798376863e-05,-7.89333541054575
B07R6T4RPG,2020Q1,Crest,4,0.000374185678417344,10.1153571428571,6.83735103673906,-4.78461277194337,10.1075942402367,10.1076012403123,6.92556050997098e-05,-0.0766745299774163
B07R6T4RPG,2020Q2,Crest,4,0.000756827530358244,10.2006956831334,6.92963348983237,-4.77131814416082,10.1951386709512,10.1951420195698,3.28452484029732e-05,-0.0544439686873899
B07R6T4RPG,2021Q2,Crest,4,0.000416020102091333,8.93232303797469,5.65663822113863,-4.21929220103717,8.92293881965642,8.92294038642038,1.75588333745852e-05,-0.105041561018626
B07R6T4RPG,2021Q3,Crest,4,0.000408409978272589,9.11380376151343,5.85661427324316,-4.28276325095739,9.11436154821088,9.1143647776715,3.54326587070234e-05,0.00615567520156901
B07RD76M8V,2020Q1,Crest,4,0.000374185678417344,4.81178571428571,1.53377960816768,-2.27599787721616,4.80402281166534,4.80402981174089,0.000145712787485628,-0.16118553496256
B07RD76M8V,2020Q2,Crest,4,0.000378413765179122,4.83114203126338,1.56007983796235,-2.28210544699257,4.82558501908114,4.82558836769976,6.93930084432075e-05,-0.114955501777525
B07RD76M8V,2020Q4,Crest,4,0.0015051513806001,5.45902060916932,2.18821934734136,-2.50289531969478,5.48228591392418,5.48229726482473,0.00020704685469479,0.42638885840276
B07RD76M8V,2021Q1,Crest,4,0.00105202989167599,4.70387803791484,1.41988235049568,-2.19603645447798,4.69556495842015,4.69556946874178,9.60549298400681e-05,-0.176632325627735
B07RD76M8V,2021Q2,Crest,4,0.000832040204182666,4.642066652607,1.36638183577094,-2.17119236617495,4.63268243428873,4.63268400105269,3.38198005323027e-05,-0.202122292859486
B07RD76M8V,2022Q1,Crest,4,0.000348850189774503,6.63419915648889,3.38056030345033,-3.1195146974775,6.64380353196535,6.64380478223343,1.881855895652e-05,0.144789529496503
B07RLL3KBF,2021Q1,Crest,4,0.000350676630558663,4.70923674701777,1.42524105959862,-2.23039412740691,4.70092366752308,4.70092817784471,9.59454342654742e-05,-0.176431333131044
B07RLL3KBF,2021Q2,Crest,4,0.000416020102091333,4.56883465701304,1.29314984017698,-2.15814501493157,4.55945043869477,4.55945200545873,3.43630000753295e-05,-0.205362029022271
B07RLL3KBF,2021Q3,Crest,4,0.000408409978272589,4.54775147537367,1.29056198710339,-2.13708166237533,4.54830926207112,4.54831249153174,7.10035407581578e-05,0.0123361217318818
B07RLL3KBF,2021Q4,Crest,4,0.000408409978272589,5.06667017444888,1.80004939857069,-2.38889080979299,5.067076980244,5.06708147649336,8.87345777045934e-05,0.00811779788922884
B07RLL3KBF,2022Q1,Crest,4,0.000348850189774503,4.95882442256373,1.70518556952517,-2.33172464430279,4.96842879804019,4.96843004830827,2.51642548467521e-05,0.193707720338576
B07RXKQLBT,2020Q1,Parodontax,8,0.000748371356834689,15.3491047637416,12.0859903933894,-6.29299353952222,15.3439210262951,15.3439261106755,3.31361220901951e-05,-0.0337391212437588
B07RXKQLBT,2020Q2,Parodontax,8,0.000378413765179122,15.542023692351,12.2697056249677,-6.89282321881152,15.9515279082657,15.9515652496438,0.000234092798187556,2.63505940667375
B07RXKQLBT,2021Q2,Parodontax,8,0.000416020102091333,14.3365184810127,11.0427415709379,-6.53753190484481,14.3304263590455,14.3304287417372,1.66268022167814e-05,-0.0424771138374913
B07RXKQLBT,2021Q3,Parodontax,8,0.000408409978272589,14.01446823488,10.728820077968,-6.34892734087635,14.014743854385,14.0147498835596,4.30202274146367e-05,0.0020096993686769
B07RXKQLBT,2022Q1,Parodontax,8,0.000348850189774503,14.5103973640278,11.2255464391087,-6.65077006155428,14.502302692138,14.5023043870478,1.16871769834209e-05,-0.0557736413205112
B07SG3Y66Y,2020Q1,SENSODYNE PRONAMEL,9,0.000748371356834689,15.9494787187915,12.6863643484393,-7.32396214091217,15.944294981345,15.9443000657254,3.18883990096062e-05,-0.0324691054633952
B07SG3Y66Y,2020Q2,SENSODYNE PRONAMEL,9,0.000756827530358244,15.5490108649479,12.2766927975646,-7.19695570415308,15.9585150808626,15.9585524222407,0.000233990304528296,2.63387530467283
B07SG3Y66Y,2020Q3,SENSODYNE PRONAMEL,9,0.000669792364367046,15.8218720600622,12.5315968852386,-7.40101880028052,15.8764594350334,15.8764662892836,4.31724101818483e-05,0.345055433479136
B07SG3Y66Y,2020Q4,SENSODYNE PRONAMEL,9,0.000376287845150026,16.0685923410101,12.7852618658323,-7.56354080881872,16.0721897117753,16.0721998858451,6.3302325565274e-05,0.0224509076991009
B07SG3Y66Y,2021Q2,SENSODYNE PRONAMEL,9,0.00332816081673066,13.6617093224613,10.3679324123865,-5.77271625314436,13.6556172004941,13.6556195831858,1.74484361587856e-05,-0.0445752367568053
B07SG3Y66Y,2021Q3,SENSODYNE PRONAMEL,9,0.00245045986963554,13.1086083232685,9.82296016635654,-5.61760650629845,13.1088839427735,13.1088899719481,4.59930433882229e-05,0.00214857803892965
B07SG3Y66Y,2021Q4,SENSODYNE PRONAMEL,9,0.00163363991309036,14.2939480977237,11.001450616735,-6.35647139645435,14.2818512105833,14.2818571458094,4.15578206864824e-05,-0.0845879097339242
B07SG3Y66Y,2022Q1,SENSODYNE PRONAMEL,9,0.00209310113864702,14.3820142058432,11.0971632809241,-6.29683788559171,14.3739195339534,14.3739212288632,1.17915630339932e-05,-0.0562715129060587
B07SG3Y66Y,2022Q2,SENSODYNE PRONAMEL,9,0.00372106869092803,13.6044863309113,10.3218125341238,-5.66251748959631,13.5984971924801,13.5984984578508,9.30522478294669e-06,-0.0440139591808997
B07SG3Y66Y,2022Q3,SENSODYNE PRONAMEL,9,0.00269456698308582,13.4985233609714,10.2228226353783,-5.71051168297104,13.4959049154673,13.4959075039071,1.9179445719703e-05,-0.0193788386654181
B07T9CHV4S,2020Q3,Orajel,6,0.000334896182183523,2.5622597850994,-0.673840832074187,-1.17916342277897,2.56221950799388,2.56222012760096,2.41824357070819e-05,-0.00154775478533598
B07T9CHV4S,2021Q1,Orajel,6,0.000350676630558663,2.71553957567954,-0.516523918891683,-1.2194660091262,2.71703859750074,2.71703934011063,2.73315914711108e-05,0.0552289660781913
B07T9CHV4S,2021Q3,Orajel,6,0.000408409978272589,2.63683679679709,-0.592382779448882,-1.1107052792384,2.63676799473886,2.63676838128107,1.46596972890486e-05,-0.00259460563151182
B07T9CHV4S,2022Q3,Orajel,6,0.000384938140440831,2.76210562004716,-0.464399424559889,-0.856067348992337,2.76210647466275,2.76210654195289,2.43618912157653e-06,3.3376918073813e-05
B07XRY29X5,2020Q2,Crest,4,0.000378413765179122,14.0840477362205,10.8129855429195,-6.65293668588896,14.0784907240383,14.0784940726569,2.37853523176852e-05,-0.0394322972176675
B07XRY29X5,2020Q3,Crest,4,0.00133958472873409,13.9354956624037,10.6752940927664,-6.35067280161568,13.9340583574528,13.9340602797492,1.37956678892724e-05,-0.0103001908884237
B07XRY29X5,2020Q4,Crest,4,0.000376287845150026,13.8521080289952,10.5813067671672,-6.54338355026362,13.8753733337501,13.8753846846506,8.18060911020385e-05,0.168036919771963
B07XRY29X5,2021Q1,Crest,4,0.000350676630558663,18.2946558956681,15.0106602082489,-8.66473597838728,18.2863428161734,18.286347326495,2.46649735960561e-05,-0.0454152798524454
B07XRY29X5,2021Q3,Crest,4,0.000816819956545178,14.4271533523352,11.1699638640649,-6.6774286698506,14.4277111390326,14.4277143684933,2.2383734949924e-05,0.00388861298112886
B07XRY29X5,2022Q2,Crest,4,0.000744213738185607,8.95563397028083,5.69150355940573,-4.17635455344405,8.95537549430454,8.95537644448605,1.06101804872473e-05,-0.00287557302631747
B07YXDVT9W,2020Q4,Sensodyne,10,0.000376287845150026,16.0685923410101,12.7852618658323,-7.49523206180349,16.0721897117753,16.0721998858451,6.3302325565274e-05,0.0224509076991009
B07YXDVT9W,2021Q4,Sensodyne,10,0.00122522993481777,16.0449293255587,12.75243184457,-7.20093774859987,16.0328324384183,16.0328383736444,3.70191987753633e-05,-0.0753568412112604
B07YXDVT9W,2022Q2,Sensodyne,10,0.000744213738185607,14.0610044701843,10.7783306733968,-6.36854550936073,14.0550153317531,14.0550165971238,9.00298366489118e-06,-0.0425849595109051
B07YXDVT9W,2022Q3,Sensodyne,10,0.000384938140440831,12.1663200886293,8.89061936303623,-5.64567962303251,12.1637016431252,12.163704231565,2.12800332646385e-05,-0.0215008075184597
B07ZK1573S,2020Q2,Crest,4,0.000756827530358244,4.82126953559728,1.55020734229625,-2.25512176106982,4.81571252341504,4.81571587203366,6.95352681987399e-05,-0.115190895730233
B07ZK1573S,2020Q3,Crest,4,0.00100468854655057,4.77135122898323,1.51114965934593,-2.19978496717593,4.76991392403234,4.76991584632875,4.03004424211191e-05,-0.0300833576400095
B07ZK1573S,2020Q4,Crest,4,0.00188143922575013,4.73222009845226,1.4614188366243,-2.14776122235513,4.75548540320712,4.75549675410767,0.000238690682204357,0.491876015298254
B07ZK1573S,2021Q1,Crest,4,0.00105202989167599,4.69058738595423,1.40659169853507,-2.18983162604195,4.68227430645954,4.68227881678117,9.63275821126319e-05,-0.177132808525027
B07ZK1573S,2021Q2,Crest,4,0.001248060306274,4.60525233569864,1.32956751886258,-2.13259971765873,4.59586811738037,4.59586968414433,3.40907075539126e-05,-0.203738055384772
B07ZK1573S,2021Q3,Crest,4,0.000408409978272589,4.54775147537367,1.29056198710339,-2.13708166237533,4.54830926207112,4.54831249153174,7.10035407776855e-05,0.012336121731904
B07ZK1573S,2021Q4,Crest,4,0.00122522993481777,4.42544141998818,1.15882064410999,-2.0377696400161,4.4258482257833,4.42585272203266,0.000101590681196,0.00929403432210485
B07ZK1573S,2022Q1,Crest,4,0.00104655056932351,4.37750575135732,1.12386689831876,-1.99896524856179,4.38711012683378,4.38711137710186,2.84986710518801e-05,0.219431481993215
B07ZK1573S,2022Q2,Crest,4,0.00111632060727841,4.22781256109906,0.963682150223963,-1.94904543135168,4.22755408512277,4.22755503530428,2.24759159791332e-05,-0.00609123018254776
B07ZK1573S,2022Q3,Crest,4,0.000769876280881662,4.19191734666136,0.923882605557666,-1.95739095141436,4.1917672634364,4.19176957063266,5.50411347273821e-05,-0.00352526103154505
B0823YDCWF,2020Q4,Colgate,3,0.000376287845150026,17.0372663473831,13.7602124546227,-8.04583590639428,17.0374369545391,17.0542062558122,0.098426197073306,0.0994285590407484
B0823YDCWF,2021Q1,Colgate,3,0.000701353261117326,15.5229661432253,12.2212868670627,-7.30145648700627,15.5256292511081,15.5316281467803,0.0386386636910131,0.0558012139890263
B0823YDCWF,2021Q2,Colgate,3,0.000416020102091333,16.6336211829928,13.3510014396054,-7.85047229100975,16.6361694502947,16.6395317764699,0.0202109396951716,0.0355340151855899
B0823YDCWF,2021Q3,Colgate,3,0.000816819956545178,15.5025538328801,12.2004191829081,-7.28934839011887,15.5181271748127,15.5238466324675,0.0368566231633296,0.137350270264824
B0823YDCWF,2021Q4,Colgate,3,0.000816819956545178,15.1445242633302,11.8492790502291,-7.10522747789386,15.2078105427016,15.2121466028391,0.0285120604661648,0.446513461453857
B082F1LVBR,2020Q3,Colgate,3,0.00133958472873409,11.4551618672216,8.17385507447591,-5.28553435494653,11.4499686369068,11.4559069042433,0.0518627388842046,0.00650394145711442
B082F1LVBR,2020Q4,Colgate,3,0.000376287845150026,11.4075437218055,8.13048982904506,-5.38720373381749,11.4077143289615,11.4244836302346,0.146999659962922,0.148497422777849
B082F1LVBR,2021Q1,Colgate,3,0.00245473641391064,11.6204280461295,8.31874876996694,-5.27297996424202,11.6230911540123,11.6290900496845,0.051611878395879,0.0745411745646463
B082F1LVBR,2021Q3,Colgate,3,0.00245045986963554,10.5368078806578,7.2346732306858,-4.81113117114192,10.5523812225904,10.5581006802452,0.0542006352327646,0.202080172938279
B082F1LVBR,2022Q1,Colgate,3,0.000697700379549007,9.32591076701336,6.01755094677681,-4.39369531442766,9.33177300927605,9.33373795174023,0.0210564751438887,0.0839294404848978
B082F1LVBR,2022Q2,Colgate,3,0.000372106869092803,9.04107634746774,5.75840255068023,-4.27647859574443,9.04386065261105,9.0460173396633,0.0238469734894103,0.0546504863543129
B082F1LVBR,2022Q3,Colgate,3,0.000769876280881662,9.03831956688192,5.73810417944347,-4.24627872471552,9.04661534185215,9.05006494082683,0.0381313767008601,0.129950859316175
B082F1MGLZ,2021Q2,Colgate,3,0.000416020102091333,10.9110612658228,7.62844152243536,-5.14962936756264,10.9136095331247,10.9169718592999,0.0308085621441451,0.0541706561174804
B082F1MGLZ,2022Q1,Colgate,3,0.00104655056932351,6.41925946204028,3.11089964180373,-3.00543246068295,6.42512170430297,6.42708664676715,0.0305821827914662,0.12193282999633
B082F1MGLZ,2022Q3,Colgate,3,0.000384938140440831,11.4582803960127,8.15806500857426,-5.4244178969277,11.4665761709829,11.4700257699576,0.0300839494129811,0.102505555275068
B082F1Q1T9,2020Q2,Colgate,3,0.000378413765179122,10.2835904105737,7.00623918855767,-4.86007936964531,10.2768087074622,10.2863149255366,0.092501654404955,0.0264938105673407
B082F1Q1T9,2021Q2,Colgate,3,0.000416020102091333,9.72601019541207,6.44339045202463,-4.59032778858938,9.72855846271396,9.73192078888915,0.0345614017541285,0.0607709981618632
B082F1Q1T9,2021Q4,Colgate,3,0.000816819956545178,8.46645755453439,5.17121234143329,-3.97213579052841,8.52974383390579,8.53407989404331,0.0508345880245638,0.798708776053569
B082F1Q1T9,2022Q1,Colgate,3,0.000348850189774503,9.23063587006534,5.92227604982879,-4.37592682742963,9.23649811232803,9.23846305479221,0.0212736736400098,0.0847957262863686
B082F1Q1T9,2022Q2,Colgate,3,0.000372106869092803,9.03743934133106,5.75476554454355,-4.27475827193581,9.04022364647437,9.04238033352662,0.023856567454393,0.0546724797693576
B082F1Q1T9,2022Q3,Colgate,3,0.000769876280881662,10.143844151788,6.84362876434955,-4.76566349417395,10.1521399267582,10.1555895257329,0.0339790329877867,0.115788193993827
B082F1QH7S,2020Q1,Colgate,3,0.00112255703525203,11.1231144629027,7.8313376940819,-5.13803788725115,11.1130338568637,11.1276110994698,0.131172484434092,0.0404260567672621
B082F1QH7S,2020Q2,Colgate,3,0.000378413765179122,10.2835904105737,7.00623918855767,-4.86007936964531,10.2768087074622,10.2863149255366,0.092501654404955,0.0264938105673407
B082F1QH7S,2020Q3,Colgate,3,0.00167448091091762,10.1556164161486,6.87430962340291,-4.64632173862327,10.1504231858338,10.1563614531703,0.0585026577489707,0.0073362067956273
B082F1QH7S,2020Q4,Colgate,3,0.0015051513806001,10.0751908789253,6.79813698616486,-4.61430264480682,10.0753614860813,10.0921307873544,0.166438705909272,0.168134863475111
B082F1QH7S,2021Q1,Colgate,3,0.00175338315279331,9.98435888699025,6.68267961082769,-4.59686663880387,9.98702199487303,9.99302089054527,0.0600669115911512,0.0867557311697853
B082F1QH7S,2021Q2,Colgate,3,0.002496120612548,9.81746203183806,6.53484228845062,-4.38612323709042,9.82001029913996,9.82337262531514,0.0342395381751946,0.0602049028344487
B082F1QH7S,2021Q3,Colgate,3,0.00490091973927107,9.13491582816254,5.83278117819054,-3.98466174997099,9.15048917009512,9.15620862774995,0.0625043923719271,0.233092455233841
B082F1QH7S,2021Q4,Colgate,3,0.00408409978272589,8.45030063889146,5.15505542579036,-3.69948832164422,8.51358691826286,8.51792297840038,0.0509310608929939,0.800235901639934
B082F1QH7S,2022Q1,Colgate,3,0.00279080151819603,9.01365666143158,5.70529684119503,-4.0876994845127,9.01951890369427,9.02148384615845,0.0217854464873874,0.086836952203484
B082F1QH7S,2022Q2,Colgate,3,0.00223264121455682,10.2042202583216,6.92154646153409,-4.6226717790543,10.2070045634649,10.2091612505172,0.0211294806310466,0.0484210657009987
B082F1QH7S,2022Q3,Colgate,3,0.00192469070220416,10.7219461970635,7.42173080962506,-4.9215440734131,10.7302419720337,10.7336915710084,0.0321483800986816,0.109545167724501
B082VK8TQ1,2020Q1,Tom's of Maine,11,0.000374185678417344,11.5425,8.2507232311792,-5.40812127231621,11.532419393961,11.5469966365671,0.126402293465685,0.0389572152225348
B082VK8TQ1,2021Q1,Tom's of Maine,11,0.000701353261117326,10.1386965063089,6.83701723014634,-4.59217865439674,10.1413596141917,10.1473585098639,0.0591527753719968,0.0854350808275006
B082VK8TQ1,2021Q3,Tom's of Maine,11,0.000408409978272589,10.8739887640449,7.5718541140729,-4.88298208765954,10.8895621059775,10.8952815636323,0.0525223842719003,0.195814066479616
B082VK8TQ1,2021Q4,Tom's of Maine,11,0.000408409978272589,8.13095533383066,4.83571012072956,-3.70777989316713,8.19424161320206,8.19857767333957,0.0529159419772374,0.831665366891832
B082VK8TQ1,2022Q1,Tom's of Maine,11,0.00104655056932351,10.4827978018053,7.17443798156875,-4.59305616205133,10.488660044068,10.4906249865322,0.0187339703634675,0.0746669436428871
B082VK8TQ1,2022Q3,Tom's of Maine,11,0.000384938140440831,8.58105387536448,5.28083848792604,-3.9619300584112,8.58934965033471,8.59279924930939,0.0401613523154809,0.136875657879587
B082VL6SH9,2020Q2,Tom's of Maine,11,0.000378413765179122,11.6451092251038,8.36775800308777,-4.90533577563509,11.6383275219923,11.6478337400667,0.081680276280878,0.0233962164736701
B082VL6SH9,2020Q3,Tom's of Maine,11,0.000669792364367046,11.4572176986658,8.17591090592011,-4.91623961769428,11.452024468351,11.4579627356875,0.0518534286482849,0.00650277441920366
B082VL6SH9,2020Q4,Tom's of Maine,11,0.000376287845150026,13.7062210102295,10.4291671174691,-6.15493702608301,13.7063916173855,13.7231609186586,0.1223465791817,0.123592844566689
B082VL6SH9,2021Q1,Tom's of Maine,11,0.000350676630558663,11.3017730571796,8.00009378101704,-5.25498110050632,11.3044361650624,11.3104350607346,0.0530667393282974,0.0766428728589785
B082VL6SH9,2021Q3,Tom's of Maine,11,0.000408409978272589,10.3308076774585,7.0286730274865,-4.63906574990068,10.3463810193911,10.3521004770459,0.0552797895622574,0.206109727837389
B082VL6SH9,2022Q1,Tom's of Maine,11,0.000697700379549007,10.4526932979044,7.14433347766785,-4.71523407232723,10.4585555401671,10.4605204826313,0.0187878952943124,0.0748819897781194
B082VL6SH9,2022Q2,Tom's of Maine,11,0.000372106869092803,10.3223424537913,7.03966865700379,-4.4917699918844,10.3251267589346,10.3272834459869,0.0208877537545108,0.0478669664145892
B082VL6SH9,2022Q3,Tom's of Maine,11,0.000769876280881662,10.0960262856211,6.79581089818266,-4.50696675202753,10.1043220605913,10.107771659566,0.0341398359433903,0.116336602269285
B083JHCCV2,2020Q2,Other,7,0.000378413765179122,11.6179768286895,8.35442968287251,-5.47788282666955,11.6131117419499,11.6131145229368,2.39469567726552e-05,-0.0418515704103006
B083JHCCV2,2020Q3,Other,7,0.000334896182183523,11.5590666996965,8.30876786854274,-5.42860989420319,11.5566415940197,11.5566428914935,1.12270830672867e-05,-0.0209688919182494
B083JHCCV2,2021Q1,Other,7,0.000350676630558663,11.3300983029369,8.08320165845573,-5.30370737244954,11.3319273252735,11.3319294245358,1.85252010315517e-05,0.0161615685049021
B083JHCCV2,2021Q2,Other,7,0.00208010051045667,11.1517549462481,7.90215774683726,-4.79506681305412,11.1512118999859,11.1512128083977,8.14630599501534e-06,-0.0048614577076278
B083JHCCV2,2021Q4,Other,7,0.000408409978272589,10.7902975828849,7.5451543097246,-5.02554574279208,10.7860925836291,10.786094271419,1.56478344031567e-05,-0.0389545462823437
B083JHCCV2,2022Q1,Other,7,0.00383735208751954,10.4942707543288,7.23144589117424,-4.40930692603642,10.4914080328181,10.4914091751019,1.08878033775788e-05,-0.0272680140798842
B083JHCCV2,2022Q2,Other,7,0.00111632060727841,10.1558327410521,6.89538589594311,-4.66545245960687,10.1494473779601,10.1494480867465,6.98349737637942e-06,-0.0628668713675284
B083JHCCV2,2022Q3,Other,7,0.00115481442132249,10.0830025113584,6.82386619300998,-4.61897551148214,10.0779396176212,10.0779411773324,1.54764880905998e-05,-0.050196695085003
B083ZNZPGK,2020Q4,Other,7,0.000376287845150026,9.51197204199463,6.26225240222778,-4.45673179827908,9.50985496508346,9.50985865202567,3.87696996544531e-05,-0.0222182104786417
B083ZNZPGK,2022Q1,Other,7,0.000348850189774503,8.70273982954046,5.4399149663859,-4.10626719231827,8.69987710802971,8.69987825031359,1.31298852152572e-05,-0.0328813601569333
B083ZNZPGK,2022Q2,Other,7,0.000372106869092803,8.50036234247285,5.23991549736386,-4.00478524167552,8.49397697938084,8.49397768816723,8.34457631657625e-06,-0.0751103782213658
B083ZNZPGK,2022Q3,Other,7,0.000384938140440831,8.38911191142491,5.1299755930765,-3.94876087478778,8.38404901768774,8.38405057739887,1.86033159298669e-05,-0.0603321791326605
B084ZJ6541,2020Q4,Sensodyne,10,0.000376287845150026,16.9781531121432,13.6948226369654,-7.91949878718156,16.9817504829084,16.9817606569782,5.9911785086606e-05,0.0212481582136492
B084ZJ6541,2021Q1,Sensodyne,10,0.000350676630558663,16.8281779933673,13.5697782590569,-7.557021537166,16.839187167869,16.8391911171924,2.34531711224025e-05,0.0654445408734272
B084ZJ6541,2021Q3,Sensodyne,10,0.000408409978272589,14.6589494236391,11.3733012667271,-6.84655240018958,14.6592250431441,14.6592310723187,4.11288773011075e-05,0.00192134287049228
B084ZJ6541,2021Q4,Sensodyne,10,0.000408409978272589,14.70257334245,11.4100758614613,-6.87494882827311,14.6904764553096,14.6904823905357,4.04018626033503e-05,-0.0822369773827769
B084ZJ6541,2022Q2,Sensodyne,10,0.000372106869092803,14.1729659559422,10.8902921591547,-6.58990439351571,14.166976817511,14.1669780828817,8.93183313127581e-06,-0.0422485531897387
B084ZJ6541,2022Q3,Sensodyne,10,0.000769876280881662,10.7804249810602,7.50472425546713,-4.86283334345361,10.7778065355561,10.7778091239959,2.4016387277926e-05,-0.0242648788793654
B086Y299CH,2021Q1,Parodontax,8,0.000350676630558663,5.56118991702489,2.30279018271444,-2.46641255065058,5.57219909152663,5.57220304085001,7.08754895171583e-05,0.198035384323192
B086Y299CH,2021Q3,Parodontax,8,0.000408409978272589,5.38958877061387,2.10394061370191,-2.44162724752314,5.38986439011883,5.38987041929351,0.000111861342706511,0.00522579164436987
B086Y299CH,2022Q1,Parodontax,8,0.000697700379549007,5.3894819679149,2.10463104299582,-2.36968430290352,5.38138729602513,5.38138899093491,3.14957777110215e-05,-0.150162428006528
B086Y299CH,2022Q2,Parodontax,8,0.000372106869092803,5.57941150175687,2.29673770496936,-2.47445683244939,5.57342236332568,5.57342362869641,2.27036576478707e-05,-0.107320871718686
B08CYCJFVQ,2020Q4,Other,7,0.000376287845150026,11.4456960419453,8.19597640217845,-5.3627572997868,11.4435789650341,11.4435826519763,3.22184363875914e-05,-0.0184644949613677
B08CYCJFVQ,2021Q3,Other,7,0.000816819956545178,10.9250225886084,7.68121228591996,-4.94794276722421,10.9233987233109,10.9234004058944,1.54034796722205e-05,-0.0148483236606434
B08CYCJFVQ,2022Q1,Other,7,0.00139540075909801,10.3706928674035,7.10786800424894,-4.73250261572855,10.3678301458927,10.3678312881766,1.10175790119908e-05,-0.0275929416043819
B08CYCJFVQ,2022Q3,Other,7,0.000384938140440831,10.1090906349733,6.84995431662489,-4.75835606921662,10.1040277412361,10.1040293009473,1.5436528527466e-05,-0.0500671544929054
B08L8R52HZ,2021Q3,Colgate,3,0.000408409978272589,6.36868214659975,3.06654749662775,-3.01622856554947,6.38425548853233,6.38997494618716,0.0895869168316064,0.334336038402827
B08L8R52HZ,2021Q4,Colgate,3,0.000408409978272589,6.01160866169068,2.71636344858958,-2.84398660165058,6.07489494106208,6.0792310011996,0.0713767098786825,1.12486263352174
B08L8R52HZ,2022Q3,Colgate,3,0.000769876280881662,5.87056556177307,2.57035017433462,-2.75804118924337,5.8788613367433,5.88231093571798,0.0586780122388382,0.200072272787244
B08MMD7T1Q,2021Q1,Crest,4,0.000350676630558663,19.647727518152,16.3637318307328,-9.30557931731267,19.6394144386573,19.6394189489789,2.29656624688783e-05,-0.0422876852571363
B08MMD7T1Q,2021Q2,Crest,4,0.001248060306274,15.8021055645193,12.5264207476832,-7.31763721264038,15.792721346201,15.792722912965,9.9207978480323e-06,-0.0593759579443631
B08MMD7T1Q,2021Q3,Crest,4,0.00122522993481777,13.6504645348431,10.3932750465728,-6.22126263722438,13.6510223215405,13.6510255510012,2.36572803590115e-05,0.00410986861756335
B08MMD7T1Q,2021Q4,Crest,4,0.000408409978272589,13.2491543984103,9.98253362253211,-6.24686077643361,13.2495612042054,13.2495657004548,3.39350812669586e-05,0.00310436449080243
B08MMD7T1Q,2022Q1,Crest,4,0.000348850189774503,18.1017010300313,14.8480621769927,-8.51173157159363,18.1113054055078,18.1113066557758,6.90324665519716e-06,0.0530647684911179
B08MMD7T1Q,2022Q2,Crest,4,0.000372106869092803,12.6423259746774,9.3781955638023,-5.96301643886053,12.6420674987011,12.6420684488826,7.51602934689326e-06,-0.00203701277200485
B08MMD7T1Q,2022Q3,Crest,4,0.00153975256176332,12.6087135718771,9.34067883077341,-5.76072844773977,12.6085634886521,12.6085657958484,1.82986449566823e-05,-0.0011720151136263
B08MMFMSZW,2021Q1,Crest,4,0.000350676630558663,14.0850997368292,10.80110404941,-6.67100114617489,14.0767866573345,14.0767911676561,3.20408466709254e-05,-0.0589883588209994
B08MMFMSZW,2021Q2,Crest,4,0.001248060306274,13.3421407310348,10.0664559141987,-6.17847698277132,13.3327565127165,13.3327580794805,1.17512380726769e-05,-0.0703234341734249
B08MMFMSZW,2021Q4,Crest,4,0.00163363991309036,14.2956379763547,11.0290172004765,-6.50386951160029,14.2960447821498,14.2960492783992,3.14510022100675e-05,0.00287711569890714
B08MMFMSZW,2022Q1,Crest,4,0.000697700379549007,13.0438715916183,9.79023273857974,-6.04493461422572,13.0534759670948,13.0534772173628,9.57804714999728e-06,0.0736409100401847
B08MMFMSZW,2022Q2,Crest,4,0.000744213738185607,11.0787492785133,7.8146188676382,-5.16644440240931,11.078490802537,11.0784917527185,8.57681357679907e-06,-0.00232450241728355
B08MMFMSZW,2022Q3,Crest,4,0.00153975256176332,12.6432275707151,9.3751928296114,-5.7764973661007,12.6430774874901,12.6430797946864,1.82486919615328e-05,-0.00116881569893756
B09JHSVM58,2022Q1,Other,7,0.00139540075909801,8.67347684337094,5.41065198021638,-3.95800477109211,8.67061412186019,8.67061526414407,1.31741980683102e-05,-0.0329922968441365
B09JHSVM58,2022Q2,Other,7,0.00223264121455682,8.47269348482959,5.2122466397206,-3.7429781456971,8.46630812173758,8.46630883052397,8.37184736181964e-06,-0.075355662482679
B09JHSVM58,2022Q3,Other,7,0.00192469070220416,8.37738513450032,5.1182488161519,-3.73203952813309,8.37232224076315,8.37232380047428,1.8629372829262e-05,-0.0604166329323697
