asin,quarter,brand_grouped_50,nest_id,share,price_observed,mc,elas_own,price_nomerger,price_merger,merger_effect_pct,model_fit_pct
B0000535K8,2019Q1,Sensodyne,1,0.000999690096070218,5.66662973843486,2.41208487225034,-4.9259888524221,5.66662973843486,5.66662973843486,,
B0000535K8,2019Q2,Sensodyne,1,0.000778828330659356,6.62095038262158,3.36013270219772,-5.92142348475437,6.62095038262158,6.62095038262158,,
B0000535K8,2019Q3,Sensodyne,1,0.00130056769780009,6.26883903551287,3.01394351191386,-5.32362600072964,6.26883903551287,6.26883903551287,,
B0000535K8,2019Q4,Sensodyne,1,0.00145607035731967,6.01334692284387,3.12325742259196,-5.17396341963405,6.01334692284387,6.01334692284387,,
B0000535K8,2020Q2,Sensodyne,1,0.000378413765179122,5.82741890211961,2.86066521588559,-5.38277161026011,7.72935247626338,7.72936522158988,0.000164895138864824,32.6378856817462
B0000535K8,2020Q3,Sensodyne,1,0.00100468854655057,5.95300813849209,2.77252474360454,-5.40393665397618,6.50718511894159,6.50718838682026,5.02195435071012e-05,9.30924728197231
B0000535K8,2020Q4,Sensodyne,1,0.000376287845150026,5.65938437071439,2.63149145073023,-5.2439210796994,6.20551480202496,6.20551810290053,5.31926145187767e-05,9.65005549035009
B0000535K8,2021Q2,Sensodyne,1,0.000416020102091333,4.5710006929852,1.27722378291037,-4.23655532082226,6.28075816950094,6.28075903448605,1.37719854935351e-05,37.4044647187365
B0000535K8,2021Q3,Sensodyne,1,0.00122522993481777,4.97110718679403,1.68545902988206,-4.46010552103906,6.30212296861549,6.3021288136592,9.27472177573458e-05,26.7751544444885
B0000535K8,2021Q4,Sensodyne,1,0.000408409978272589,5.06924168287002,1.90532497713485,-4.6996049930167,6.2221757445451,6.22217902071431,5.26531127121269e-05,22.743783192273
B0000535K8,2022Q1,Sensodyne,1,0.000697700379549007,5.29793137754245,2.01308045262337,-4.84826602300191,6.2530716315732,6.25307273391666,1.76288314628382e-05,18.0285716878663
B0000535K8,2022Q2,Sensodyne,1,0.000372106869092803,5.57941150175687,2.29673770496936,-5.16677622036191,6.25409159512393,6.25409205329783,7.32598632909778e-06,12.0923246354658
B0000535K8,2022Q3,Sensodyne,1,0.000769876280881662,5.45913653624466,2.18343581065158,-4.95601439611016,6.25754090875188,6.25754232532837,2.26379100440692e-05,14.6251295197121
B0006PKIQA,2018Q1,Other,5,0.00163363991309036,10.4697928895692,8.60208530605902,-9.2324563204535,10.4697928895692,10.4697928895692,,
B0006PKIQA,2018Q2,Other,5,0.00142509013695116,10.4425961227206,8.83444063513881,-9.25894904903353,10.4425961227206,10.4425961227206,,
B0006PKIQA,2018Q4,Other,5,0.00309134937400175,10.3399526743417,8.92180028042012,-8.67727794611878,10.3399526743417,10.3399526743417,,
B0006PKIQA,2019Q1,Other,5,0.000999690096070218,10.2762715463845,8.62720756580539,-9.34386502619267,10.2762715463845,10.2762715463845,,
B0006PKIQA,2019Q2,Other,5,0.000778828330659356,10.2377807728624,8.205960972038,-9.23735841022795,10.2377807728624,10.2377807728624,,
B0006PKIQA,2020Q2,Other,5,0.000378413765179122,10.0593508260295,8.44993956894058,-9.32832892141804,10.0735972226871,10.0739438963387,0.00344140870336391,0.145069702424538
B0006PKIQA,2020Q3,Other,5,0.000334896182183523,10.0765841675793,8.59500298377735,-9.33428046144273,9.98879104984622,9.98911025643634,0.00319564788699045,-0.868090909461172
B0006PKIQA,2022Q3,Other,5,0.000384938140440831,8.81523070227818,6.95957765142671,-8.13528616667837,10.4291444004158,10.4312314301497,0.0200115144034092,18.3319164574315
B000FGDID0,2018Q2,JASON,5,0.00285018027390232,2.90479913791043,1.62414616664533,-2.42188164206356,2.90479913791043,2.90479913791043,,
B000FGDID0,2020Q1,JASON,5,0.000374185678417344,3.30212135004822,2.09523378367265,-3.0501651899757,2.8813443113053,2.88202389197075,0.0235855417481602,-12.7220478457381
B000FGDID0,2020Q3,JASON,5,0.00100468854655057,4.19223918551247,3.04736722853777,-3.77258329562857,2.8592752090859,2.85947230854819,0.00689333652354633,-31.7912890459602
B000FGDID0,2021Q1,JASON,5,0.000701353261117326,6.29369732882966,5.10612460442582,-5.70871520291379,3.06313893324853,3.06352219061764,0.0125119159612391,-51.3239669695506
B000FGDIRQ,2018Q1,JASON,5,0.00490091973927107,5.41556195749875,4.11067661974864,-4.1502205602496,5.41556195749875,5.41556195749875,,
B000FGDIRQ,2018Q2,JASON,5,0.00142509013695116,4.94708112565633,3.66642815439123,-4.38633952185771,4.94708112565633,4.94708112565633,,
B000FGDIRQ,2018Q3,JASON,5,0.00499845048035109,3.47672037097358,2.20788045348785,-2.74007802171204,3.47672037097358,3.47672037097358,,
B000FGDIRQ,2018Q4,JASON,5,0.00206089958266784,3.11218172212008,1.96624701970907,-2.71584560234728,3.11218172212008,3.11218172212008,,
B000FGDIRQ,2019Q1,JASON,5,0.00299907028821066,3.1099392446186,1.93165795225319,-2.63938608273698,3.1099392446186,3.1099392446186,,
B000FGDIRQ,2019Q2,JASON,5,0.000778828330659356,3.84065735460015,2.7323555741337,-3.46535341031729,3.84065735460015,3.84065735460015,,
B000FGDIRQ,2019Q3,JASON,5,0.00130056769780009,3.79921657596527,2.64101471484785,-3.37670179336434,3.79921657596527,3.79921657596527,,
B000FGDIRQ,2019Q4,JASON,5,0.00145607035731967,4.82224033333037,3.69148118558559,-4.26460430848424,4.82224033333037,4.82224033333037,,
B000FGDIRQ,2020Q1,JASON,5,0.00149674271366938,4.54760549880671,3.34071793243114,-3.98433065687339,4.12566585393116,4.12634543459662,0.0164720238989584,-9.2633379109211
B000FGDIRQ,2020Q2,JASON,5,0.00151365506071649,4.30586376224803,3.16747784727489,-3.83505987096263,3.99326113535598,3.99332256242763,0.0015382683369026,-7.25850182629156
B000FGDIRQ,2020Q3,JASON,5,0.000334896182183523,4.80664523595715,3.66177327898245,-4.4525579268654,4.10359675120498,4.10379385066728,0.00480309041667662,-14.6224934603461
B000FGDIRQ,2020Q4,JASON,5,0.0015051513806001,4.27827745107168,3.1347949052813,-3.74144534765461,4.010437045243,4.01076163504162,0.0080936265787085,-6.25288609935872
B000FGDIRQ,2021Q1,JASON,5,0.000701353261117326,4.70010078471995,3.51252806031611,-4.26323914276114,4.3074604695502,4.3078437269193,0.00889752492942051,-8.34571588498438
B000FGDIRQ,2021Q2,JASON,5,0.000416020102091333,3.81747139240506,2.72589752746948,-3.49721765519767,3.95958817353955,3.95964119526526,0.00133907172618147,3.72418777369348
B000FGDIRQ,2021Q4,JASON,5,0.000816819956545178,4.43801077966925,3.26031695744693,-3.96906691847925,4.25997028968611,4.26278944144913,0.0661777329725359,-3.94819541725365
B000FGDIRQ,2022Q2,JASON,5,0.000744213738185607,4.30313190011851,3.20508490492554,-3.91889592973413,3.99720258881103,3.99728142334765,0.00197224270885671,-7.10762495480192
B000FGDIRQ,2022Q3,JASON,5,0.00115481442132249,4.14080829290506,2.99508573630206,-3.68323570222871,4.10368352042913,4.10429732193288,0.0149573304249903,-0.881735361541314
B000MGWIE8,2019Q2,Other,5,0.000778828330659356,6.55056279769366,4.51874299686926,-5.91045048663254,6.55056279769366,6.55056279769366,,
B000MGWIE8,2020Q4,Other,5,0.000376287845150026,3.37648033237387,1.9381225312772,-3.11748578801401,5.84023877033225,5.84126919154172,0.017643477432807,72.9987625141874
B000MGWIE8,2021Q1,Other,5,0.000350676630558663,3.3423789993664,1.79673576820515,-3.08602675533171,6.0069026635525,6.00732771486162,0.00707604788888234,79.7320925005931
B000MGWIE8,2021Q3,Other,5,0.000408409978272589,5.00907751363876,3.4314989996445,-4.59692405276726,6.00904889622528,6.01234397555629,0.0548352890434314,20.0289665948635
B000MGWIE8,2021Q4,Other,5,0.00122522993481777,4.16711335379246,2.67003987276015,-3.63258064748185,5.92078822495843,5.92368651023046,0.0489510038514316,42.1532367205552
B000MGWIE8,2022Q1,Other,5,0.000348850189774503,3.80040495082914,1.35352312477555,-3.50560958846317,7.05380803157288,7.05742893333921,0.051332581637051,85.7020245118741
B000MGWIE8,2022Q2,Other,5,0.00111632060727841,3.24798784056274,1.32973861000141,-2.911124870335,6.34981137784174,6.35053473912585,0.0113918546720022,95.5221217215386
B000WSV82Y,2018Q3,Other,5,0.000999690096070218,15.5128576980118,14.0130131212748,-14.1053151278154,15.5128576980118,15.5128576980118,,
B000WSV82Y,2019Q2,Other,5,0.000778828330659356,15.3274203570855,13.2956005562611,-13.8296451627413,15.3274203570855,15.3274203570855,,
B000WSV82Y,2019Q3,Other,5,0.000650283848900045,14.0524834067777,12.3403911222052,-12.8463670873893,14.0524834067777,14.0524834067777,,
B000WSV82Y,2020Q2,Other,5,0.000378413765179122,14.5506000421822,12.9411887850933,-13.493195092297,14.6516332040001,14.6519798776517,0.00236610927081158,0.696739895094289
B000WSV82Y,2020Q3,Other,5,0.000334896182183523,12.8929592649146,11.4113780811126,-11.943183895975,14.5668270297881,14.5671462363782,0.00219132546482188,12.9852808580535
B000WSV82Y,2020Q4,Other,5,0.000376287845150026,14.2785058123268,12.8401480112301,-13.1832661713474,14.5378307096568,14.5388611308663,0.00708786083733201,1.82340730859052
B000WSV82Y,2021Q4,Other,5,0.000408409978272589,14.8606373554644,13.3635638744321,-13.6263639890831,14.6183801640043,14.6212784492763,0.0198263093415235,-1.61069071576573
B000YDYWNE,2019Q3,JASON,5,0.000650283848900045,3.01585953198177,1.85765767086435,-2.75701009639007,3.01585953198177,3.01585953198177,,
B000YDYWNE,2020Q1,JASON,5,0.000748371356834689,4.02335636726822,2.81646880089265,-3.65258468863683,3.11485581617629,3.11553539684174,0.0218174036153425,-22.5637723223329
B000YDYWNE,2020Q2,JASON,5,0.000378413765179122,3.02067397545926,1.88228806048612,-2.80115893110504,2.98245109681865,2.9825125238903,0.00205961706195611,-1.26334228317895
B000YDYWNE,2020Q3,JASON,5,0.000334896182183523,2.994185009795,1.8493130528203,-2.77361476568585,3.09278671215673,3.09298381161902,0.00637287600601252,3.29968928108384
B000YDYWNE,2021Q1,JASON,5,0.000701353261117326,4.70010078471995,3.51252806031611,-4.26323914276114,3.29665043339691,3.29703369076601,0.0116256599492926,-29.8518512308356
B000YDYWNE,2021Q3,JASON,5,0.000408409978272589,4.15142125447293,3.06176272278077,-3.80983687433353,2.99637517570984,2.99701413346077,0.0213243573803435,-27.807515793979
B000YDYWNE,2021Q4,JASON,5,0.000816819956545178,4.43801077966925,3.26031695744693,-3.96906691847925,3.24916025263202,3.25197940439504,0.0867655499827732,-26.7243914933123
B000YDYWNE,2022Q3,JASON,5,0.000384938140440831,4.20720285809149,3.06148030148849,-3.88268899224565,3.0928734834638,3.09348728496755,0.0198456712512728,-26.4716394880269
B0013HOU28,2018Q1,Orajel,5,0.00163363991309036,2.87226703108657,1.73824673072788,-2.53281800173953,2.87226703108657,2.87226703108657,,
B0013HOU28,2018Q3,Orajel,5,0.000999690096070218,2.85191849537239,1.71423608148085,-2.59315271751822,2.85191849537239,2.85191849537239,,
B0013HOU28,2020Q3,Orajel,5,0.000334896182183523,3.43563536380324,2.19704284916444,-3.1825451478062,2.91510228027499,2.91524739752191,0.00497811853458433,-15.1467752301066
B0013HOU28,2021Q2,Orajel,5,0.000416020102091333,3.29103180525285,2.14057614293954,-3.01494192099138,2.90252999857919,2.90274955473208,0.00756430262539805,-11.7981919804309
B0013HOU28,2021Q3,Orajel,5,0.000408409978272589,2.72807682436792,1.58397966449226,-2.50360708884774,2.86319128266629,2.86381518639623,0.0217905011696883,4.97560628849825
B0013HOU28,2022Q2,Orajel,5,0.000372106869092803,3.40868801472027,2.29297227416223,-3.15347962420119,2.87238674768765,2.87248669271019,0.00347951133749562,-15.7304311715978
B0013TXFFY,2018Q1,Colgate,2,0.00163363991309036,9.92328366642755,8.45292997112076,-8.69374617114783,9.92328366642755,9.92328366642755,,
B0013TXFFY,2018Q3,Colgate,2,0.000999690096070218,16.3812619457376,13.0901980258578,-14.4485185389186,16.3812619457376,16.3812619457376,,
B0013TXFFY,2019Q1,Colgate,2,0.00199938019214044,11.177418731649,8.79761370225806,-9.61531638548049,11.177418731649,11.177418731649,,
B0013TXFFY,2019Q3,Colgate,2,0.000650283848900045,10.3122938835506,8.09114911607586,-9.47047307232632,10.3122938835506,10.3122938835506,,
B0013TXFFY,2020Q3,Colgate,2,0.000334896182183523,11.619935076174,9.18922407094555,-10.7783150389445,11.974240716872,11.9750328965476,0.00661569860131574,3.0559363545994
B0013TXFFY,2021Q4,Colgate,2,0.000408409978272589,10.5372873442875,7.81614242807881,-9.76362545381646,13.0571331999842,13.0583325928136,0.00918572868176327,23.9249928957551
B0014CQA16,2021Q1,Colgate,2,0.000701353261117326,2.963442477383,0.168775417363494,-2.71820883855696,2.98793957602961,2.9884785407044,0.0180380044868073,0.844830413023834
B0014CQA16,2021Q2,Colgate,2,0.000832040204182666,3.39348124469084,0.796559332688426,-3.07792884807057,3.49947660106924,3.50011214094659,0.0181609980520745,3.14222736378975
B0014CQA16,2022Q1,Colgate,2,0.000348850189774503,3.1684469521719,0.391508056095733,-2.94589345525885,3.42218668798644,3.42270801161248,0.015233640755747,8.02478511645237
B0014CQA16,2022Q3,Colgate,2,0.000384938140440831,3.08584418048394,0.143656482549311,-2.86085443673838,3.23814435553694,3.23932424224064,0.036437124913392,4.97368152051778
B00169Z2SY,2018Q3,Orajel,5,0.000999690096070218,2.8420502652846,1.70436785139306,-2.5841798707448,2.8420502652846,2.8420502652846,,
B00169Z2SY,2020Q1,Orajel,5,0.000748371356834689,2.76522284110584,1.62385032701452,-2.51039423011635,2.82326348871848,2.82346061207478,0.0069821097848713,2.10607876165423
B00169Z2SY,2020Q2,Orajel,5,0.000756827530358244,2.80057231338648,1.62959914874097,-2.5628205842248,2.83508381361034,2.83515121735618,0.00237748688500413,1.23470848456291
B00169Z2SY,2020Q3,Orajel,5,0.000334896182183523,2.7279089758728,1.489316461234,-2.52695427643123,2.8932287250136,2.89337384226052,0.00501575439445347,6.06563004305429
B00169Z2SY,2021Q1,Orajel,5,0.000350676630558663,2.71922359270487,1.53165086830103,-2.51066583484614,2.83312030235201,2.83319199674551,0.00253058062669944,4.19121120993484
B00169Z2SY,2022Q2,Orajel,5,0.000372106869092803,2.48357111670167,1.36785537614363,-2.29762620631505,2.850513190964,2.85061313598654,0.00350621154324853,14.778800446525
B0016GCZQO,2018Q2,APAGARD,5,0.00142509013695116,15.9025820954573,14.7031844504777,-14.100056694671,15.9025820954573,15.9025820954573,,
B0016GCZQO,2018Q3,APAGARD,5,0.000999690096070218,15.5627269578925,14.4629388597577,-14.1506595536782,15.5627269578925,15.5627269578925,,
B0016GCZQO,2018Q4,APAGARD,5,0.00103044979133392,14.7582414239201,13.4634025413213,-13.3724594205389,14.7582414239201,14.7582414239201,,
B0016GCZQO,2019Q4,APAGARD,5,0.000728035178659833,14.4236801995128,13.292921051768,-13.1537749805624,14.4236801995128,14.4236801995128,,
B0016GCZQO,2020Q3,APAGARD,5,0.000334896182183523,15.8058420228601,14.6433780375664,-14.6414856380916,15.236897107522,15.2371174635346,0.00144620004308489,-3.59819210202773
B0016GCZQO,2022Q1,APAGARD,5,0.000348850189774503,13.132517254072,12.0066284643332,-12.1138349734253,15.0800359484878,15.0801917029717,0.00103285220590354,14.8309300587121
B0016GCZQO,2022Q3,APAGARD,5,0.000384938140440831,13.8123748219977,12.6211064016672,-12.7469859398387,15.0915540623826,15.0917248925294,0.0011319586178281,9.26234689558392
B0016GCZSC,2018Q2,APAGARD,5,0.00142509013695116,17.0223212279598,15.8229235829802,-15.0928756693982,17.0223212279598,17.0223212279598,,
B0016GCZSC,2018Q4,APAGARD,5,0.00309134937400175,15.6155498118012,14.3207109292024,-13.1045537891776,15.6155498118012,15.6155498118012,,
B0016GCZSC,2019Q1,APAGARD,5,0.00199938019214044,15.9037535836902,14.6818685934728,-13.979080092563,15.9037535836902,15.9037535836902,,
B0016GCZSC,2019Q2,APAGARD,5,0.00155765666131871,15.8373556452615,14.6813002308339,-13.6994779381776,15.8373556452615,15.8373556452615,,
B0016GCZSC,2019Q3,APAGARD,5,0.00325141924450022,15.2520593684333,13.9818349930963,-12.3944961758511,15.2520593684333,15.2520593684333,,
B0016GCZSC,2020Q1,APAGARD,5,0.00112255703525203,16.183788742251,15.0424162281597,-14.435804651662,15.8330476348295,15.8333036711692,0.00161710079796141,-2.16565525331424
B0016GCZSC,2020Q2,APAGARD,5,0.000378413765179122,19.340415321225,18.232852010247,-17.9349302667109,16.102041299473,16.1023628876173,0.00199718866930231,-16.7424141613654
B0016GCZSC,2020Q3,APAGARD,5,0.000669792364367046,16.7627284308004,15.6002644455067,-15.3063051003714,15.9540130478003,15.9542334038128,0.00138119488727879,-4.82317082404097
B0016GCZSC,2020Q4,APAGARD,5,0.000376287845150026,16.6004133641169,15.4778006263152,-15.3270706900306,15.8634121692141,15.8638345109106,0.00266236350624649,-4.43711151674384
B0016GCZSC,2021Q1,APAGARD,5,0.000350676630558663,16.5439182299658,15.4213355138175,-15.2750404144391,15.8166611800083,15.8167220036908,0.00038455450146524,-4.39555017237576
B0016GCZSC,2021Q2,APAGARD,5,0.000832040204182666,15.3495189915863,14.167174244124,-13.7019723819753,15.8639734487502,15.8641736360446,0.0012618988240439,3.35290405347815
B0016GCZSC,2021Q3,APAGARD,5,0.000408409978272589,14.7962055043848,13.6521083445091,-13.5787543290349,15.8082539595916,15.8086518512233,0.00251698658598235,6.84260803581314
B0016GCZSC,2022Q2,APAGARD,5,0.00111632060727841,14.9250497743276,13.7325817101469,-13.3771078347094,15.8459907138048,15.8460932177251,0.000646876059818027,6.17112476892239
B0016GCZSC,2022Q3,APAGARD,5,0.00153975256176332,14.7490630400048,13.5577946196743,-12.8731541113539,15.8086700027621,15.8088408329089,0.00108061049249228,7.18539062467611
B0016GHKLO,2020Q3,APAGARD,5,0.000334896182183523,15.3446610438472,14.1821970585535,-14.2142781112156,15.4384824397128,15.4387027957253,0.00142731653447334,0.612863012153864
B0016GHKLO,2020Q4,APAGARD,5,0.000376287845150026,15.2287150380879,14.1061023002862,-14.0605891424151,15.2717868025405,15.2722091442369,0.00276550283143563,0.28560588362323
B0016GHKLO,2021Q1,APAGARD,5,0.000350676630558663,15.0407054971488,13.9181227810005,-13.8871203989927,15.0370562934795,15.0371171171621,0.000404491952138591,-0.0238577903635795
B0016GHKLO,2021Q2,APAGARD,5,0.000416020102091333,14.644172250748,13.4618275032857,-13.4156493858638,14.6280732873008,14.6282734745952,0.00136851443429809,-0.108567257203562
B0016GHKLO,2021Q3,APAGARD,5,0.000408409978272589,14.4713985807215,13.3273014208458,-13.2806729446228,14.4378277168499,14.4382256084815,0.00275589679722405,-0.229231280272724
B0016GHKLO,2021Q4,APAGARD,5,0.000408409978272589,14.1176608405803,12.9705112634109,-12.9450965450977,14.0733309268381,14.0736863340935,0.00252539542501299,-0.311485783540255
B0016GHKLO,2022Q1,APAGARD,5,0.000348850189774503,13.4961989028306,12.3703101130918,-12.4493060328339,13.4697343401462,13.4698900946302,0.00115632929361166,-0.19493494716436
B0016GHKLO,2022Q2,APAGARD,5,0.000744213738185607,13.4395801471841,12.2471120830034,-12.2395309180936,13.3953751330413,13.3954776369617,0.00076521873669482,-0.328153928466823
B001G8Z3U2,2020Q2,Orajel,5,0.000756827530358244,3.87234018528693,2.70136702064142,-3.54360181614946,3.83208298289467,3.83215038664052,0.00175893231302078,-1.03786849097384
B001G8Z3U2,2020Q3,Orajel,5,0.000334896182183523,3.55441301015669,2.31582049551789,-3.2925728958183,3.50468136931091,3.50482648655783,0.00414066876912672,-1.39506926902326
B001G8Z3U2,2022Q1,Orajel,5,0.000348850189774503,3.86664994938806,2.78255748132312,-3.56671599821174,3.87418981019734,3.87431102620795,0.00312880928768778,0.198132153677366
B001G8Z3U2,2022Q2,Orajel,5,0.000372106869092803,4.18240274861218,3.06668700805414,-3.86926635438471,4.2128323483748,4.21293229339734,0.00237239496561191,0.729952293458425
B002OTJT2A,2020Q3,Arm & Hammer,5,0.000334896182183523,3.0533437308892,1.97290217302229,-2.82841548835635,3.04937043690462,3.04938403386961,0.000445894169834382,-0.12968395859041
B002OTJT2A,2021Q2,Arm & Hammer,5,0.000416020102091333,2.76299839048598,1.67111401215513,-2.53120606789999,2.76631613818392,2.76637684741481,0.00219458759801277,0.122275023411689
B002OTJT2A,2021Q3,Arm & Hammer,5,0.000816819956545178,2.78057184500697,1.66247559323253,-2.49107306716326,2.77688596124643,2.77731201164062,0.0153427400382237,-0.117236077614968
B002OTJT2A,2021Q4,Arm & Hammer,5,0.000408409978272589,3.14079554330845,2.04975567147712,-2.87993188075973,3.14438332939795,3.14466298663145,0.00889386579828914,0.123135787404016
B002OTJT2A,2022Q2,Arm & Hammer,5,0.000372106869092803,3.40868801472027,2.32623714142299,-3.15347962420119,3.41466538795796,3.41469407125029,0.000840003018646336,0.176198481764422
B0037LGIH8,2018Q1,Crest,3,0.00653455965236143,2.97,-0.319754327437827,-2.16124770969436,2.97,2.97,,
B0037LGIH8,2018Q2,Crest,3,0.00142509013695116,2.9471084803343,-0.324781947195329,-2.58213963725823,2.9471084803343,2.9471084803343,,
B0037LGIH8,2018Q3,Crest,3,0.00199938019214044,2.94215780171487,-0.342205455604489,-2.55669940976705,2.94215780171487,2.94215780171487,,
B003QYQYGG,2020Q2,Orajel,5,0.000378413765179122,2.78831443888547,1.61734127423996,-2.58568516717389,2.74805723649321,2.74812464023906,0.00245277809182295,-1.44136536704504
B003QYQYGG,2020Q3,Orajel,5,0.000334896182183523,2.77417600792717,1.53558349328837,-2.56981299185818,2.72444436708139,2.72458948432831,0.00532648963839622,-1.78743250093608
B003QYQYGG,2021Q2,Orajel,5,0.000832040204182666,2.67028032369115,1.51982466137784,-2.38366474333193,2.69611325292956,2.69633280908245,0.00814343212943598,0.975646083302784
B003QYQYGG,2021Q3,Orajel,5,0.000408409978272589,2.61629804849202,1.47220088861636,-2.40102561710694,2.60915076549524,2.60977466922518,0.023912137933528,-0.249336243269349
B004N1ZWIM,2019Q2,Other,2,0.000778828330659356,4.76788075993308,3.6578489801688,-4.32055417551422,4.76788075993308,4.76788075993308,,
B004N1ZWIM,2019Q3,Other,2,0.000650283848900045,4.75292736177725,3.65877605655985,-4.36493287552976,4.75292736177725,4.75292736177725,,
B004N1ZWIM,2020Q2,Other,2,0.000378413765179122,4.49228437375993,3.37198588880096,-4.15736659387671,4.77453043357248,4.77456683704027,0.000762451267151846,6.28371758763069
B004N1ZWIM,2020Q3,Other,2,0.000334896182183523,4.44122724492975,3.34555216796175,-4.11955368869046,4.75207478161189,4.7520931504023,0.000386542536704826,6.99954963636331
B004N1ZWIM,2021Q2,Other,2,0.000416020102091333,4.53391346626727,3.40755776099535,-4.18608160426879,4.77537876376295,4.77540843984741,0.000621439385836953,5.32641338165982
B004N1ZWIM,2021Q4,Other,2,0.000816819956545178,4.4178618512425,3.32065713675533,-4.03618103201826,4.72492985051293,4.72494008908169,0.000216692502926435,6.950833868941
B004N1ZWIM,2022Q1,Other,2,0.000348850189774503,4.39512146866661,3.29920737164984,-4.08640566342364,4.74319559721721,4.74320981147687,0.000299676860625857,7.91987992349768
B004N1ZWIM,2022Q3,Other,2,0.000769876280881662,4.28469620141644,3.1703594094783,-3.91889985432208,4.752106102524,4.75214054416707,0.00072476586856512,10.9096262786636
B004YDVX7I,2020Q4,Other,5,0.000376287845150026,5.18871553901522,3.75035773791855,-4.79071262338877,5.07185351483119,5.07288393604065,0.0203164623436645,-2.23237527869087
B004YDVX7I,2021Q1,Other,5,0.00140270652223465,5.13926730596327,3.59362407480202,-4.49456267332013,5.08178374754967,5.08220879885878,0.00836421481564372,-1.11024594961786
B004YDVX7I,2021Q2,Other,5,0.000832040204182666,5.04386283363884,3.34213795121509,-4.50247784851586,5.05886192043424,5.05990920121664,0.0207019048725074,0.318136478073616
B004YDVX7I,2021Q3,Other,5,0.000816819956545178,4.97548691372851,3.39790839973425,-4.45746491645904,4.88821430151256,4.89150938084357,0.0674086512530442,-1.68782541972383
B004YDVX7I,2021Q4,Other,5,0.000408409978272589,4.89568130532894,3.39860782429663,-4.48906287430744,4.80065305485705,4.80355134012909,0.0603727292707015,-1.88186198108059
B004YDVX7I,2022Q1,Other,5,0.000348850189774503,4.778641304915,2.33175947886141,-4.40796467615414,4.86682452061687,4.8704454223832,0.0743996778800864,1.92113430597467
B004YDVX7I,2022Q2,Other,5,0.000372106869092803,4.71451649089036,2.79626726032903,-4.36154075344537,4.62733564840634,4.62805900969045,0.0156323495651327,-1.83385679882475
B0051B5IV4,2019Q2,Other,5,0.000778828330659356,9.74128045985118,7.70946065902678,-8.78937544948394,9.74128045985118,9.74128045985118,,
B0051B5IV4,2019Q3,Other,5,0.000650283848900045,10.6917084698321,8.97961618525964,-9.77404547075055,10.6917084698321,10.6917084698321,,
B0051B5IV4,2020Q1,Other,5,0.000374185678417344,12.4752666067218,11.1403612385296,-11.5233875154023,9.81600086913901,9.81733334849758,0.0135745643906186,-21.3056228937993
B0051B5IV4,2020Q3,Other,5,0.000669792364367046,9.61329047191429,8.13170928811234,-8.77804335905404,9.69503051996119,9.69534972655131,0.00329247638221776,0.853602155024436
B0051B5IV4,2021Q1,Other,5,0.000350676630558663,9.43230683719501,7.88666360603376,-8.70887211462253,9.83269809387075,9.83312314517986,0.00432283494369368,4.24939852893975
B0051B5IV4,2022Q1,Other,5,0.000348850189774503,8.73772571830244,6.29084389224885,-8.05994504684546,10.8796034593232,10.8832243610895,0.0332815601218238,24.5544288291522
B0051B5IV4,2022Q2,Other,5,0.000372106869092803,8.53453465339737,6.61628542283604,-7.89555424706013,10.1756068063701,10.1763301676542,0.00710877786334883,19.2370829920213
B005PLQIQ4,2018Q1,Crest,3,0.00163363991309036,6.92,3.63024567256217,-6.13518459015147,6.92,6.92,,
B005PLQIQ4,2018Q2,Crest,3,0.00427527041085349,6.81732793970486,3.54543751217523,-5.1087464552104,6.81732793970486,6.81732793970486,,
B005PLQIQ4,2018Q3,Crest,3,0.00599814057642131,6.83789510009393,3.55353184277457,-4.97702451177413,6.83789510009393,6.83789510009393,,
B005PLQIQ4,2018Q4,Crest,3,0.00309134937400175,7.16562160957832,3.88972384734033,-5.82345580888591,7.16562160957832,7.16562160957832,,
B005PLQIQ4,2019Q1,Crest,3,0.00499845048035109,6.82798294298206,3.56243264240517,-4.61374163696762,6.82798294298206,6.82798294298206,,
B005PLQIQ4,2019Q2,Crest,3,0.00155765666131871,6.80595293198565,3.51664473186754,-6.04851339768663,6.80595293198565,6.80595293198565,,
B005PLQIQ4,2019Q3,Crest,3,0.00650283848900045,6.77397859950029,3.49107544955561,-4.77150823899447,6.77397859950029,6.77397859950029,,
B005PLQIQ4,2019Q4,Crest,3,0.00509624625061883,6.40257170233609,3.12723286273862,-4.66196077269487,6.40257170233609,6.40257170233609,,
B005PLQIQ4,2020Q1,Crest,3,0.00449022814100813,5.6723378706161,2.39433176449806,-4.32507591589515,6.81426152862549,6.81426325380963,2.53172575498327e-05,20.1314768132721
B005PLQIQ4,2020Q2,Crest,3,0.00151365506071649,6.3311101362157,3.06004794291467,-5.51457957976728,6.7970551056195,6.79705541577679,4.56311279137601e-06,7.3596141835498
B005PLQIQ4,2020Q3,Crest,3,0.00167448091091762,6.25191503895576,2.99171346931845,-5.25582033039991,6.79834469949149,6.79834506122526,5.32090941153116e-06,8.74020230384907
B005PLQIQ4,2020Q4,Crest,3,0.00225772707090016,6.21905699916276,2.9482557373348,-5.20392730581134,6.88527510279846,6.88527975511261,6.75690378996481e-05,10.7126008981673
B005PLQIQ4,2021Q1,Crest,3,0.00385744293614529,5.78076874156027,2.49677305414112,-4.63953919896338,6.81958773475865,6.8195883911917,9.6256999706038e-06,17.9702682475938
B005PLQIQ4,2021Q2,Crest,3,0.002496120612548,6.45257381960128,3.17688900276522,-5.39885049932131,6.80777438561928,6.80777486147836,6.9899360327844e-06,5.50479625352085
B005PLQIQ4,2021Q3,Crest,3,0.00204204989136295,7.55537109214754,4.29993790671109,-6.01294883807118,6.79572441058989,6.79572893494695,6.6576523467468e-05,-10.0543328439566
B005PLQIQ4,2021Q4,Crest,3,0.000408409978272589,6.74056120899149,3.47655085822274,-6.18071340598579,6.80390834969515,6.80391527788182,0.000101826572490955,0.939893087919974
B005PLQIQ4,2022Q1,Crest,3,0.00139540075909801,7.85164549160121,4.59800663856265,-6.58281620158443,6.808650379689,6.80865133773121,1.40709561860148e-05,-13.2837652309401
B005PLQIQ4,2022Q2,Crest,3,0.00111632060727841,8.04920241080665,4.78507199993155,-7.0848312774738,6.8048544173157,6.80485477384645,5.23935888438437e-06,-15.4592663154994
B005PLQIQ4,2022Q3,Crest,3,0.00192469070220416,7.96437466559581,4.69633992449212,-6.74090282098539,6.809314534545,6.80931568267929,1.68612315777631e-05,-14.5028207664074
B008VPSTOA,2018Q1,Sensodyne,1,0.00163363991309036,6.57,3.32885235577748,-4.79092528827409,6.57,6.57,,
B008VPSTOA,2018Q3,Sensodyne,1,0.000999690096070218,6.32019083331343,3.73333746162485,-5.43887030631548,6.32019083331343,6.32019083331343,,
B008VPSTOA,2018Q4,Sensodyne,1,0.00103044979133392,6.57672132833796,3.69940429149012,-5.90106880343643,6.57672132833796,6.57672132833796,,
B008VPSTOA,2020Q3,Sensodyne,1,0.000334896182183523,14.4392008190376,11.25871742415,-13.4133925236396,7.11702853431783,7.11703180219649,4.59163349598616e-05,-50.710348229156
B008VPSTOA,2020Q4,Sensodyne,1,0.000376287845150026,11.8939858035882,8.86609288360404,-11.0208317356625,6.81535821860287,6.81536151947844,4.84328990870214e-05,-42.6990948869103
B008VPSTOA,2021Q1,Sensodyne,1,0.000701353261117326,12.2353097947728,9.1854362749453,-10.9795766112745,6.86849126264257,6.86849217867837,1.3336783273899e-05,-43.8633570061892
B008VPSTOA,2021Q2,Sensodyne,1,0.000416020102091333,11.0241781419055,7.73040123183067,-10.2175745972772,6.89060159157841,6.89060245656352,1.25531144743765e-05,-37.4955450840302
B009088IN4,2018Q4,Other,5,0.00103044979133392,17.7118587869461,16.2937063930245,-16.0487354886921,17.7118587869461,17.7118587869461,,
B009088IN4,2019Q4,Other,5,0.000728035178659833,17.3103406797355,15.6662945916506,-15.7862849833434,17.3103406797355,17.3103406797355,,
B009088IN4,2020Q2,Other,5,0.000378413765179122,17.4859916338583,15.8765803767694,-16.215269185733,17.4152987631733,17.4156454368248,0.0019906270703576,-0.402300301329595
B009088IN4,2021Q1,Other,5,0.000350676630558663,16.9857057058196,15.4400624746584,-15.682943878084,17.4681601638823,17.4685852151914,0.002433291801313,2.84285809335745
B009088IN4,2021Q2,Other,5,0.000416020102091333,16.6799802163902,14.9782553339664,-15.2806701884298,17.6967244593249,17.6977717401073,0.00591793574457886,6.101874885421
B009088IN4,2022Q2,Other,5,0.000744213738185607,16.2996758310823,14.381426600521,-14.8442424617881,17.8110688768534,17.8117922381375,0.00406130193035585,9.27697227064905
B00C7PZ20O,2018Q1,Arm & Hammer,2,0.00980183947854214,5.43026218729419,3.6407552393519,-3.034501874127,5.43026218729419,5.43026218729419,,
B00C7PZ20O,2018Q4,Arm & Hammer,2,0.00309134937400175,5.35711555709277,4.077064336255,-4.18507905768539,5.35711555709277,5.35711555709277,,
B00C7PZ20O,2019Q1,Arm & Hammer,2,0.00299907028821066,5.36451487532699,4.14588113506768,-4.4020731562754,5.36451487532699,5.36451487532699,,
B00C7PZ20O,2019Q2,Arm & Hammer,2,0.00311531332263742,5.35256656733358,4.11196411850228,-4.31448976453007,5.35256656733358,5.35256656733358,,
B00C7PZ20O,2019Q3,Arm & Hammer,2,0.00390170309340027,5.29018687993862,4.05933052079279,-4.29797257870919,5.29018687993862,5.29018687993862,,
B00C7PZ20O,2019Q4,Arm & Hammer,2,0.00364017589329916,5.25249214743725,4.01376109997351,-4.24021998818188,5.25249214743725,5.25249214743725,,
B00C7PZ20O,2020Q1,Arm & Hammer,2,0.0033676711057561,5.23334333308826,3.9938054200245,-4.22201150762143,5.26564981379438,5.26592141254659,0.005157934192619,0.622509882971944
B00C7PZ20O,2020Q2,Arm & Hammer,2,0.00113524129553737,5.27532645811656,4.16078946401523,-4.73319996198974,5.13355423496074,5.13359738752764,0.000840598246799378,-2.68664075511117
B00C7PZ20O,2020Q3,Arm & Hammer,2,0.00234427327528466,5.21335665915826,4.04456963978098,-4.46098514843261,5.19239447512544,5.19246741677459,0.00140477865274214,-0.400686999746602
B00C7PZ20O,2020Q4,Arm & Hammer,2,0.00301030276120021,5.04557560551008,3.84288629078511,-4.19524439415502,5.18203265988221,5.18225875416862,0.00436304248249893,2.70897038009439
B00C7PZ20O,2021Q1,Arm & Hammer,2,0.00175338315279331,4.9238511357229,3.79235969766058,-4.35164683539719,5.13574489573436,5.1357742523193,0.000571612989643421,4.30401144865813
B00C7PZ20O,2021Q2,Arm & Hammer,2,0.000832040204182666,4.92039028923554,3.81771399296226,-4.46285396116404,5.10153684751438,5.10155254758603,0.000307751803532045,3.68186765075988
B00C7PZ20O,2021Q3,Arm & Hammer,2,0.00449250976099848,4.96083998803094,3.75053768849045,-4.10000437809671,5.11621244786598,5.11630243151381,0.00175879420069074,3.13379274191374
B00C7PZ20O,2021Q4,Arm & Hammer,2,0.00122522993481777,4.85738189688663,3.74689648573504,-4.37471120985707,5.07347151858558,5.07347343759231,3.7824332362818e-05,4.44872454529845
B00C7PZ20O,2022Q1,Arm & Hammer,2,0.00139540075909801,4.81569981309283,3.70505900472671,-4.33596512645458,5.09422841341834,5.0942385546445,0.00019907285917946,5.7839722649319
B00C7PZ20O,2022Q2,Arm & Hammer,2,0.00372106869092803,4.72846741906522,3.50824475755998,-3.87556966735612,5.16815056149915,5.1681869674943,0.000704429848171506,9.29940950118697
B00DDZOPN2,2018Q1,Other,5,0.00163363991309036,14.949750970829,13.0820433873188,-13.1829659187762,14.949750970829,14.949750970829,,
B00DDZOPN2,2018Q2,Other,5,0.00142509013695116,14.9080491313887,13.2998936438069,-13.2182520233345,14.9080491313887,14.9080491313887,,
B00DDZOPN2,2019Q3,Other,5,0.000650283848900045,15.5417808823759,13.8296885978034,-14.2078390436294,15.5417808823759,15.5417808823759,,
B00DDZOPN2,2020Q2,Other,5,0.000756827530358244,15.5490108649479,13.939599607859,-14.2289934519981,14.8391734807863,14.8395201544379,0.00233620593500204,-4.5629314730843
B00DDZOPN2,2020Q3,Other,5,0.000669792364367046,15.3537307367791,13.8721495529771,-14.019727638985,14.7543673080073,14.7546865145974,0.00216347189584531,-3.90161995446936
B00DDZOPN2,2020Q4,Other,5,0.000376287845150026,15.1853895704936,13.7470317693969,-14.0205869756057,14.7253709870144,14.7264014082239,0.00699759082726045,-3.02256428877915
B00DPIUVOO,2020Q2,Other,5,0.000378413765179122,6.1284827771337,4.51907152004478,-5.68312052368428,5.95436979093025,5.95471646458181,0.00582217201376097,-2.83538877191981
B00DPIUVOO,2020Q3,Other,5,0.000334896182183523,6.09740768408993,4.61582650028798,-5.64823480502164,5.96631859827666,5.96663780486678,0.00535014322250118,-2.14467993610422
B00DPIUVOO,2021Q3,Other,5,0.000408409978272589,5.75560498593569,4.17802647194143,-5.28202626652006,5.66833237371974,5.67162745305075,0.058131371164546,-1.45905657337758
B00DPIUVOO,2022Q2,Other,5,0.000372106869092803,5.62988822481368,3.71163899425235,-5.20837862744006,5.54270738232966,5.54343074361377,0.0130506850571835,-1.53568734844233
B00DPIUVOO,2022Q3,Other,5,0.000769876280881662,5.54649730365566,3.69084425280419,-5.0261356548796,5.48168970357178,5.48377673330562,0.0380727448414617,-1.13081404202076
B00EF39784,2018Q1,Sensodyne,1,0.00163363991309036,21.4780322706019,18.2368846263794,-15.6620468717799,21.4780322706019,21.4780322706019,,
B00EF39784,2018Q2,Sensodyne,1,0.00142509013695116,21.4222400460382,18.8291935107721,-18.4321851307773,21.4222400460382,21.4222400460382,,
B00EF39784,2018Q3,Sensodyne,1,0.000999690096070218,21.7838552389596,19.197001867271,-18.746200319103,21.7838552389596,21.7838552389596,,
B00EF39784,2018Q4,Sensodyne,1,0.00103044979133392,20.5712563243783,17.6939392875305,-18.4578900158388,20.5712563243783,20.5712563243783,,
B00EF39784,2019Q2,Sensodyne,1,0.000778828330659356,31.8176157562507,28.5567980758268,-28.4559717684146,31.8176157562507,31.8176157562507,,
B00EF39784,2019Q3,Sensodyne,1,0.000650283848900045,27.163605701361,23.908710177762,-24.2947570065931,27.163605701361,27.163605701361,,
B00EF39784,2020Q2,Sensodyne,1,0.000378413765179122,40.813606931946,37.846853245712,-37.6994220589987,25.8224191147447,25.8224318600712,4.93576006346553e-05,-36.7308263071961
B00EF39784,2020Q3,Sensodyne,1,0.000334896182183523,33.7139445407816,30.533461145894,-31.3187950852158,24.6002517570475,24.6002550249262,1.32839236495623e-05,-27.0324034757521
B00EF39784,2021Q3,Sensodyne,1,0.000408409978272589,29.9723490570188,26.6867009001068,-27.7375117195336,24.3951896143582,24.3951954594019,2.3959820790232e-05,-18.6076626393449
B00EF39784,2022Q3,Sensodyne,1,0.000384938140440831,27.8441276191768,24.5684268935837,-25.719491586985,24.350607544841,24.3506089614174,5.81741741740954e-06,-12.5466981962592
B00H88H4Q0,2018Q2,Sensodyne,1,0.00142509013695116,9.93538431104557,7.34233777577951,-8.54863182249142,9.93538431104557,9.93538431104557,,
B00H88H4Q0,2018Q4,Sensodyne,1,0.00103044979133392,9.68786495072537,6.81054791387753,-8.69259236913389,9.68786495072537,9.68786495072537,,
B00H88H4Q0,2019Q2,Sensodyne,1,0.000778828330659356,9.10746341291392,5.84664573249006,-8.14522759169451,9.10746341291392,9.10746341291392,,
B00H88H4Q0,2019Q3,Sensodyne,1,0.000650283848900045,9.60210760666453,6.34721208306552,-8.58799356829809,9.60210760666453,9.60210760666453,,
B00H88H4Q0,2020Q1,Sensodyne,1,0.000374185678417344,10.4046428571429,7.50278834672652,-9.57602167800517,9.61312012925366,9.61312217507845,2.12815898209726e-05,-7.60737963745735
B00H88H4Q0,2020Q2,Sensodyne,1,0.000756827530358244,10.4671022714476,7.50034858521358,-9.5024809107707,11.3386837258239,11.3386964711504,0.000112405697248924,8.32698656322821
B00H88H4Q0,2020Q3,Sensodyne,1,0.000669792364367046,9.8454028335854,6.66491943869784,-9.0416360668331,10.1165163682333,10.116519636112,3.23024106701796e-05,2.75374006639644
B00H88H4Q0,2020Q4,Sensodyne,1,0.000376287845150026,9.76699395579335,6.73910103580919,-9.04998532262903,9.81484605175572,9.81484935263129,3.36314553678878e-05,0.489970579018872
B00H88H4Q0,2021Q1,Sensodyne,1,0.000350676630558663,9.17211503242093,6.12224151259343,-8.42422217896007,9.86797908914109,9.86798000517689,9.28291183079464e-06,7.58674493610547
B00H88H4Q0,2021Q2,Sensodyne,1,0.000416020102091333,8.97510886573971,5.68133195566488,-8.31842910863275,9.89008942033632,9.89009028532143,8.74597859761593e-06,10.194655388242
B00H88H4Q0,2021Q3,Sensodyne,1,0.000408409978272589,9.37001511223871,6.08436695532674,-8.67135583845958,9.91145421943928,9.91146006448299,5.89726147508572e-05,5.77848536804464
B00H88H4Q0,2021Q4,Sensodyne,1,0.000408409978272589,9.13951510630362,5.97559840056845,-8.47308404578141,9.83150699422595,9.83151027039516,3.33231640871135e-05,7.57146474449464
B00H88H4Q0,2022Q1,Sensodyne,1,0.00104655056932351,8.75344834022428,5.4685974153052,-7.90357973568094,9.8624028802952,9.86240398263866,1.11772300580322e-05,12.6687860522172
B00H88H4Q0,2022Q2,Sensodyne,1,0.000372106869092803,9.84229113572281,6.5596173389353,-9.11438702413662,9.86342284564467,9.86342330381856,4.64518152002726e-06,0.214707813499371
B00I8YJZ4M,2018Q1,Tom's of Maine,4,0.00163363991309036,3.78,0.518488166774021,-3.07369076027913,3.78,3.78,,
B00I8YJZ4M,2018Q3,Tom's of Maine,4,0.000999690096070218,3.74005920327383,0.448995283394017,-3.25122529495181,3.74005920327383,3.74005920327383,,
B00I8YJZ4M,2019Q1,Tom's of Maine,4,0.000999690096070218,4.41094789573621,1.12519436083849,-3.83442736970012,4.41094789573621,4.41094789573621,,
B00I8YJZ4M,2019Q2,Tom's of Maine,4,0.00155765666131871,4.52412407486493,1.24750422031496,-3.73065929276133,4.52412407486493,4.52412407486493,,
B00I8YJZ4M,2022Q3,Tom's of Maine,4,0.000384938140440831,5.02881820031193,1.73524623185748,-4.43645153756782,4.13917304534365,4.14065114470746,0.03571001617033,-17.6615463161777
B00I98BAAE,2019Q4,Other,5,0.000728035178659833,9.51635738313421,7.8723112950493,-8.6785079758347,9.51635738313421,9.51635738313421,,
B00I98BAAE,2020Q2,Other,5,0.000756827530358244,9.65233350365015,8.04292224656122,-8.83290849899348,9.30760956601688,9.30795623966844,0.00372462606112232,-3.56781356395817
B00I98BAAE,2021Q2,Other,5,0.000416020102091333,9.2532630661242,7.55153818370045,-8.4769921334369,9.5890352635538,9.5900825443362,0.0109216490878759,3.64000759305201
B00I98BAAE,2022Q1,Other,5,0.000348850189774503,8.13754135257264,5.69065952651905,-7.50631665866828,10.4073763319442,10.4109972337106,0.034791686692608,27.9378719276084
B00I98BAAE,2022Q2,Other,5,0.000372106869092803,8.10738076684095,6.18913153627962,-7.50038136182189,9.70337967937663,9.70410304066075,0.00745473544283026,19.6946747629069
B00I98BAAE,2022Q3,Other,5,0.000384938140440831,6.67438896029634,4.81873590944487,-6.15957381191362,9.66315674173503,9.66524377146887,0.0215978048335666,44.8109157102486
B00IAH1A40,2021Q2,Colgate,2,0.000416020102091333,2.41742075949367,-0.179501152508745,-2.23196155956308,2.52341611587207,2.52405165574942,0.0251856946364955,4.41093656687552
B00IAH1A40,2022Q1,Colgate,2,0.000697700379549007,1.98718390432953,-0.789754991746637,-1.82814293997894,2.24092364014407,2.24144496377011,0.0232637835890443,12.7950442274927
B00IAH1A40,2022Q2,Colgate,2,0.00186053434546402,1.35298837183121,-1.00981254458091,-1.19007309429305,1.61756823685827,1.61802802357971,0.028424564167225,19.5892039626164
B00IAH1A40,2022Q3,Colgate,2,0.00153975256176332,1.34782434988495,-1.59436334804968,-1.19916237386136,1.50012452493795,1.50130441164165,0.0786525841081668,11.3872450642255
B00ISUV79C,2020Q4,SENSODYNE PRONAMEL,1,0.000376287845150026,5.43217187887577,2.40427895889161,-5.03338857342731,5.63243913414043,5.632442435016,5.86047268458743e-05,3.68674925252326
B00ISUV79C,2021Q1,SENSODYNE PRONAMEL,1,0.000701353261117326,5.33621751167918,2.28634399185169,-4.788551329443,5.56763720572437,5.56763812176017,1.64528643426702e-05,4.33679117416943
B00ISUV79C,2021Q2,SENSODYNE PRONAMEL,1,0.000832040204182666,5.3071660774208,2.01338916734597,-4.85135607965761,5.3167927133962,5.3167935783813,1.62689265994568e-05,0.181405684692226
B00ISUV79C,2021Q3,SENSODYNE PRONAMEL,1,0.000408409978272589,5.1150766091225,1.82942845221053,-4.73367960322159,5.15419679646579,5.1542026415095,0.000113403580427754,0.764915862984683
B00ISUV79C,2021Q4,SENSODYNE PRONAMEL,1,0.000408409978272589,5.06924168287002,1.90532497713485,-4.6996049930167,5.15014609587452,5.15014937204373,6.36131314905086e-05,1.5960511302334
B00ISUV79C,2022Q1,SENSODYNE PRONAMEL,1,0.00104655056932351,5.46839257470142,2.18354164978234,-4.93746864781873,5.45925865626539,5.45925975860885,2.01921822993979e-05,-0.167010981157889
B00ISUV79C,2022Q3,SENSODYNE PRONAMEL,1,0.000384938140440831,5.1716020120032,1.89590128641012,-4.77698480118098,5.17608756898481,5.17608898556129,2.73677070376906e-05,0.0867617722260405
B00IUU15GA,2019Q3,Orajel,5,0.000650283848900045,2.4202022762424,1.32631454041922,-2.21247774975842,2.4202022762424,2.4202022762424,,
B00IUU15GA,2019Q4,Orajel,5,0.000728035178659833,2.37668379538337,1.28014077097958,-2.16743323562303,2.37668379538337,2.37668379538337,,
B00IUU15GA,2020Q1,Orajel,5,0.000748371356834689,2.40107142857143,1.25969891448011,-2.17980112516806,2.42212329307427,2.42232041643057,0.0081384526073532,0.884979414035136
B00IUU15GA,2020Q2,Orajel,5,0.000756827530358244,2.40187972710576,1.23090656246025,-2.19797459827612,2.43394361791785,2.4340110216637,0.00276932240135957,1.33775618301497
B00IUU15GA,2020Q3,Orajel,5,0.00167448091091762,2.37446158644802,1.13586907180922,-2.0739975086144,2.49208852935819,2.49223364660511,0.00582311764639746,4.95994800797195
B00IUU15GA,2020Q4,Orajel,5,0.00112886353545008,3.88126002167774,2.75864728387603,-3.45734543265381,2.54043314275173,2.54114331861065,0.0279549123717345,-34.5278774310977
B00IUU15GA,2021Q1,Orajel,5,0.00140270652223465,3.34572896394173,2.15815623953789,-2.9260179751557,2.43198010894785,2.43205180334136,0.00294798437037487,-27.3087620200991
B00IUU15GA,2021Q4,Orajel,5,0.000408409978272589,2.18899072669387,1.09841092364662,-2.00718069468872,2.39252291555269,2.39275358776069,0.00964137925267799,9.30853011764776
B00J4YVQ6U,2021Q2,Colgate,2,0.000416020102091333,3.32857859793446,0.731656685932044,-3.07321737409508,3.43457395431286,3.43520949419021,0.0185041838028859,3.20349642102238
B00J4YVQ6U,2021Q3,Colgate,2,0.00122522993481777,3.03829291810876,0.624269628660696,-2.76093521602148,3.60461000421553,3.60691256940827,0.0638783443991273,18.7151030735197
B00J4YVQ6U,2022Q2,Colgate,2,0.000372106869092803,3.2378264600977,0.875025543685576,-3.00327663877176,3.50240632512476,3.5028661118462,0.0131277378680069,8.18572752476985
B00JUJ140M,2018Q1,Tom's of Maine,4,0.00326727982618071,7.54985047830112,4.28833864507514,-5.18477822759858,7.54985047830112,7.54985047830112,,
B00JUJ140M,2018Q2,Tom's of Maine,4,0.00285018027390232,8.21071621824693,4.90537625296744,-6.558552815247,8.21071621824693,8.21071621824693,,
B00JUJ140M,2018Q3,Tom's of Maine,4,0.00199938019214044,7.47475544809587,4.18369152821606,-5.9726541319893,7.47475544809587,7.47475544809587,,
B00JUJ140M,2018Q4,Tom's of Maine,4,0.00103044979133392,12.7880702629516,9.52932877363091,-9.99845152351222,12.7880702629516,12.7880702629516,,
B00JUJ140M,2019Q1,Tom's of Maine,4,0.00399876038428087,10.9051691870752,7.61941565217748,-7.18143143743835,10.9051691870752,10.9051691870752,,
B00JUJ140M,2019Q2,Tom's of Maine,4,0.00155765666131871,9.77710489001003,6.50048503546006,-8.06234457999633,9.77710489001003,9.77710489001003,,
B00JUJ140M,2019Q3,Tom's of Maine,4,0.000650283848900045,8.74599264274713,5.4726085864384,-7.42903876503337,8.74599264274713,8.74599264274713,,
B00JUJ14VQ,2018Q1,Tom's of Maine,4,0.00163363991309036,8.98,5.71848816677402,-7.30204841992237,8.98,8.98,,
B00JUJ14VQ,2018Q2,Tom's of Maine,4,0.00142509013695116,13.1079444664245,9.80260450114501,-11.3929786008457,13.1079444664245,13.1079444664245,,
B00JUJ14VQ,2018Q4,Tom's of Maine,4,0.00103044979133392,10.4164239002718,7.15768241095111,-8.14416149377517,10.4164239002718,10.4164239002718,,
B00JUJ14VQ,2019Q2,Tom's of Maine,4,0.000778828330659356,11.3883123263841,8.11169247183413,-10.0454420029168,11.3883123263841,11.3883123263841,,
B00JUJ14VQ,2019Q3,Tom's of Maine,4,0.000650283848900045,12.0342523905208,8.76086833421207,-10.222159012621,12.0342523905208,12.0342523905208,,
B00JUJ1BCS,2018Q2,Tom's of Maine,4,0.00285018027390232,8.91091183687787,5.60557187159838,-7.11785480836546,8.91091183687787,8.91091183687787,,
B00JUJ1BCS,2018Q3,Tom's of Maine,4,0.000999690096070218,8.87005729884806,5.57899337896825,-7.71072143254929,8.87005729884806,8.87005729884806,,
B00JUJ1BCS,2018Q4,Tom's of Maine,4,0.00103044979133392,11.2018766479014,7.94313515858071,-8.75827379216752,11.2018766479014,11.2018766479014,,
B00JUJ1BCS,2019Q1,Tom's of Maine,4,0.000999690096070218,11.1698168317418,7.88406329684408,-9.70989737048784,11.1698168317418,11.1698168317418,,
B00JUJ1BCS,2019Q2,Tom's of Maine,4,0.00233648499197807,10.7798993957987,7.50327954124873,-8.26975635813276,10.7798993957987,10.7798993957987,,
B00JUJ1BCS,2019Q3,Tom's of Maine,4,0.00130056769780009,11.0227076479902,7.74932359168147,-8.3694518849455,11.0227076479902,11.0227076479902,,
B00JUJ1BCS,2019Q4,Tom's of Maine,4,0.00145607035731967,9.27633461282758,6.0001425171154,-7.25154972930395,9.27633461282758,9.27633461282758,,
B00JUJ1BCS,2020Q1,Tom's of Maine,4,0.00261929974892141,6.58898745350242,3.30990821873911,-4.73362808176966,10.1672684066817,10.1713024466204,0.0396767329956834,54.3682169437697
B00JUJ1BI2,2018Q2,Tom's of Maine,4,0.00285018027390232,8.91683462273565,5.61149465745616,-7.12258580902717,8.91683462273565,8.91683462273565,,
B00JUJ1BI2,2020Q4,Tom's of Maine,4,0.000376287845150026,11.4266198818754,8.16403087364215,-9.53573004171121,8.8790650793469,8.88466515173835,0.0630705185895205,-22.2459026065007
B00JUJ1BI2,2021Q1,Tom's of Maine,4,0.000350676630558663,9.42286508860923,6.13047688818221,-8.42855684095369,8.9057118432577,8.90655028842428,0.009414690047704,-5.47938228266788
B00JUJ1BI2,2022Q3,Tom's of Maine,4,0.000384938140440831,9.76340863661312,6.46983666815867,-8.61333369639778,8.91562219491349,8.9171002942773,0.0165787572812547,-8.66816471413617
B00JUJ1E0W,2018Q1,Tom's of Maine,4,0.00163363991309036,7.468452261226,4.20694042800002,-6.07293987008363,7.468452261226,7.468452261226,,
B00JUJ1E0W,2018Q2,Tom's of Maine,4,0.00285018027390232,8.36998654263294,5.06464657735345,-6.68577470510671,8.36998654263294,8.36998654263294,,
B00JUJ1E0W,2018Q3,Tom's of Maine,4,0.00499845048035109,7.43117788276424,4.14011396288443,-4.37161496270755,7.43117788276424,7.43117788276424,,
B00JUJ1E0W,2019Q1,Tom's of Maine,4,0.00299907028821066,8.10126935604279,4.81551582114507,-5.90411613782142,8.10126935604279,8.10126935604279,,
B00JUJ1E0W,2019Q2,Tom's of Maine,4,0.00155765666131871,8.23438315234598,4.95776329779601,-6.79019353119179,8.23438315234598,8.23438315234598,,
B00JUJ1E0W,2019Q3,Tom's of Maine,4,0.00195085154670013,7.15587158942885,3.88248753312012,-4.78843477620496,7.15587158942885,7.15587158942885,,
B00JUJ1E0W,2019Q4,Tom's of Maine,4,0.00364017589329916,7.33502037643508,4.0588282807229,-3.99748400045755,7.33502037643508,7.33502037643508,,
B00JUJ1E0W,2020Q1,Tom's of Maine,4,0.00261929974892141,7.65740636260057,4.37832712783727,-5.50119635942852,7.71895220352342,7.72298624346209,0.0522614965387683,0.85642419581935
B00JUJ1E0W,2020Q2,Tom's of Maine,4,0.000756827530358244,7.74047069949872,4.47355661115145,-4.02234258435823,7.69905562620227,7.70069203763285,0.0212547033042328,-0.513904947259147
B00JUJ1E0W,2020Q3,Tom's of Maine,4,0.000669792364367046,7.08494157951816,3.81619813509431,-5.38092389776184,7.70916884353934,7.71076139240997,0.0206578543414725,8.83309771672631
B00JUJ1E0W,2020Q4,Tom's of Maine,4,0.000376287845150026,7.6095776335957,4.34698862536244,-6.35033621451865,7.71418411849147,7.71978419088291,0.0725944870568949,1.44826115973451
B00JUJ1E0W,2021Q1,Tom's of Maine,4,0.00140270652223465,7.52035682410363,4.22796862367661,-5.70990735371096,7.74083088430417,7.74166932947075,0.0108314621403587,2.94284580563764
B00JUJ1E0W,2021Q2,Tom's of Maine,4,0.00208010051045667,7.39733078101124,4.12444240395769,-4.03502042837454,7.72270963057161,7.72377480282124,0.0137927269129966,4.41299749158135
B00JUJ1E0W,2021Q3,Tom's of Maine,4,0.00122522993481777,7.24867896580062,3.96508814735782,-4.52623706109624,7.77533819721813,7.77859361036397,0.0418684443461943,7.31049956914205
B00JUJ1E0W,2021Q4,Tom's of Maine,4,0.00204204989136295,7.10631355548587,3.82141876486164,-3.87636316303563,7.90885271428177,7.91007131652815,0.0154080786480748,11.3104741968753
B00JUJ1E0W,2022Q1,Tom's of Maine,4,0.00174425094887252,6.95771407060443,3.66034187092797,-4.84880329287771,7.76114511516183,7.76184498393741,0.00901759682626414,11.5574009678027
B00JUJ1E0W,2022Q2,Tom's of Maine,4,0.000372106869092803,6.8643146142171,3.59638127127775,-5.36831855691412,7.72321980700208,7.72402010395697,0.0103622190600741,12.5242728233826
B00JUJ1E0W,2022Q3,Tom's of Maine,4,0.00153975256176332,7.38938971112651,4.09581774267206,-5.24769130558471,7.75074123598702,7.75221933535083,0.0190704258961245,4.91014330558297
B00JUJ1EFC,2018Q4,Tom's of Maine,4,0.00103044979133392,8.486559349928,5.22781786060731,-6.63528198679758,8.486559349928,8.486559349928,,
B00JUJ1EFC,2019Q2,Tom's of Maine,4,0.000778828330659356,8.36638501957189,5.08976516502192,-7.37984989167099,8.36638501957189,8.36638501957189,,
B00JUJ1EFC,2021Q1,Tom's of Maine,4,0.000701353261117326,10.8507336753455,7.55834547491848,-9.21668033861782,8.45300870280591,8.45384714797249,0.00991889628962601,-22.0896263707872
B00KS6X5OO,2020Q2,Other,2,0.000756827530358244,2.12427187184169,1.00397338688272,-1.93593346261305,2.12019130222866,2.12022770569645,0.00171698977132404,-0.190378934017255
B00KS6X5OO,2020Q3,Other,2,0.000334896182183523,2.20585522852542,1.11018015155742,-2.04608738581508,2.20394241505583,2.20396078384624,0.000833451467763854,-0.0858825481693137
B00KS6X5OO,2020Q4,Other,2,0.00112886353545008,1.61560128150462,0.500195839804085,-1.45246005729082,1.61098066173627,1.61107817140767,0.00605281451962881,-0.279964502920971
B00KS6X5OO,2021Q2,Other,2,0.000832040204182666,1.55358763990987,0.427231934637955,-1.40912292424357,1.54429818059523,1.54432785667969,0.00192165508149977,-0.596025804550959
B00KS6X5OO,2022Q1,Other,2,0.000348850189774503,1.75276387227386,0.656849775257092,-1.6296487515457,1.74173285491003,1.74174706916969,0.000816098727126358,-0.628538919499511
B00KS6X5OO,2022Q3,Other,2,0.000384938140440831,1.53636877953991,0.42203198760177,-1.42435171134395,1.51582557241371,1.51586001405678,0.00227213761899077,-1.33488559232966
B00MOZJX4S,2020Q4,Sensodyne,1,0.000752575690300052,5.46818895278485,2.44029603280069,-4.99587412940352,5.66845620804951,5.66845950892508,5.82323554804164e-05,3.66246590725867
B00MOZJX4S,2021Q2,Sensodyne,1,0.001248060306274,4.56818793058235,1.27441102050752,-4.11774290760204,4.57781456655775,4.57781543154285,1.88951538015209e-05,0.210750982814112
B00MOZJX4S,2021Q3,Sensodyne,1,0.00122522993481777,4.51114985384149,1.22550169692952,-4.04742919702138,4.55027004118478,4.55027588622849,0.000128454875388874,0.867318392309224
B00MOZJX4S,2022Q1,Sensodyne,1,0.000697700379549007,4.63801438180957,1.35316345689049,-4.24435990938642,4.62888046337354,4.628881565717,2.38144723932961e-05,-0.196912198642463
B00MOZJX4S,2022Q2,Sensodyne,1,0.000372106869092803,4.55346043069149,1.27078663390398,-4.21670118188047,4.5475236033058,4.5475240614797,1.00752395592036e-05,-0.130370501778787
B00MOZJX4S,2022Q3,Sensodyne,1,0.000384938140440831,5.4318612041657,2.15616047857263,-5.01738501033132,5.43634676114731,5.43634817772379,2.60575077942038e-05,0.0826047166788912
B00NIAULVC,2019Q2,Other,5,0.000778828330659356,7.06719944691652,5.03537964609212,-6.37660208751278,7.06719944691652,7.06719944691652,,
B00NIAULVC,2019Q3,Other,5,0.000650283848900045,6.63854680591792,4.92645452134546,-6.06876426941769,6.63854680591792,6.63854680591792,,
B00NIAULVC,2021Q1,Other,5,0.000350676630558663,8.44092323568803,6.89528000452678,-7.79352519566821,6.46907676073147,6.46950181204059,0.00657050959252279,-23.3555189237159
B00NIAULVC,2021Q3,Other,5,0.000408409978272589,6.92685687496553,5.34927836097127,-6.35690601550984,6.47122298631777,6.47451806564878,0.0509189582552478,-6.53021734795121
B00NIAULVC,2022Q3,Other,5,0.000384938140440831,5.47189309599474,3.61624004514327,-5.04982997187861,6.77176253266215,6.77384956239599,0.0308195942160716,23.7935289224536
B00QJA4GB4,2018Q3,Other,5,0.000999690096070218,15.8401021041821,14.3402575274451,-14.4028673624007,15.8401021041821,15.8401021041821,,
B00QJA4GB4,2019Q1,Other,5,0.000999690096070218,15.6492935263512,14.0002295457721,-14.2293715970305,15.6492935263512,15.6492935263512,,
B00QJA4GB4,2019Q2,Other,5,0.000778828330659356,15.5918993546567,13.5600795538323,-14.0682796233482,15.5918993546567,15.5918993546567,,
B00QJA4GB4,2020Q2,Other,5,0.000378413765179122,15.4809541242287,13.8715428671398,-14.3559395219133,15.4021538131895,15.402500486841,0.00225081281338903,-0.506775207510635
B00QJA4GB4,2020Q4,Other,5,0.000752575690300052,15.2687318196795,13.8303740185828,-13.8493020462943,15.28835131908,15.2893817402895,0.00673991058917934,0.135243194090218
B00QJA4GB4,2021Q1,Other,5,0.000350676630558663,15.1510453892986,13.6054021581374,-13.9889974929486,15.4550152142922,15.4554402656013,0.00275024840299238,2.00906847337223
B00QJA4GB4,2021Q2,Other,5,0.000416020102091333,15.857906835443,14.1561819530193,-14.5275618488529,15.6835795119908,15.6846267927732,0.00667756223378296,-1.09270438064696
B00QJA4GB4,2021Q4,Other,5,0.000408409978272589,15.2900046649887,13.7929311839564,-14.0200695283977,15.3689007726778,15.3717990579498,0.0188581168874995,0.534953355170664
B00QJA4GB4,2022Q1,Other,5,0.000348850189774503,14.9645518542376,12.517670028184,-13.8037596377261,16.5019205808766,16.505541482643,0.0219423051309858,10.2975995767558
B00QJA4GB4,2022Q2,Other,5,0.000372106869092803,14.6513448863755,12.7330956558142,-13.5543990435044,15.7979239276785,15.7986472889626,0.00457883762082024,7.83069685059392
B00QJA4GB4,2022Q3,Other,5,0.000384938140440831,14.335506916661,12.4798538658095,-13.2297673254648,15.7577009911297,15.7597880208635,0.0132445065115551,9.93533826520778
B00T69D4WM,2020Q1,Tom's of Maine,4,0.000374185678417344,5.45492796968282,2.17584873491951,-4.95286293379598,5.44818723838821,5.45222127832689,0.0740437096260113,-0.0496191951750102
B00T69D4WM,2021Q2,Tom's of Maine,4,0.000832040204182666,9.7399675055702,6.46707912851665,-7.61586801276611,9.74317505966004,9.74424023190966,0.0109324962664234,0.0438679732454927
B00T69D4WM,2021Q3,Tom's of Maine,4,0.000408409978272589,10.601457717327,7.3178668988842,-8.84701104956804,10.6465913970291,10.649846810175,0.0305770459711637,0.456438106326407
B00T69D4WM,2022Q2,Tom's of Maine,4,0.000372106869092803,10.4823563760947,7.21442303315535,-8.19785097516168,10.4910291419057,10.4918294388606,0.00762839321165961,0.0903715007006589
B00USCCC5G,2020Q1,Other,5,0.000374185678417344,6.71301875142305,5.3781133832308,-6.20080667687931,6.84957582648929,6.85090830584786,0.0194534580289302,2.05406180931014
B00USCCC5G,2022Q1,Other,5,0.000697700379549007,6.08249916113488,3.63561733508129,-5.50654040878154,6.17068237683675,6.17430327860308,0.0586791143216331,1.50931574400857
B00USCCC5G,2022Q2,Other,5,0.000744213738185607,6.02783406449467,4.10958483393334,-5.48959570117065,5.94065322201065,5.94137658329476,0.0121764603500295,-1.43430426708594
B00WQ1BZU0,2018Q1,Other,5,0.00163363991309036,13.9,12.0322924164898,-12.257276166576,13.9,13.9,,
B00WQ1BZU0,2022Q1,Other,5,0.000348850189774503,8.79905079598786,6.35216896993427,-8.11651317132923,14.5673574455904,14.5709783473568,0.0248562704653407,65.5971613892803
B00WQ1BZU0,2022Q2,Other,5,0.000372106869092803,7.68876995801565,5.77052072745432,-7.1131119342884,13.8633607906164,13.8640841519005,0.0052177916670862,80.3160222975204
B00WQ1BZU0,2022Q3,Other,5,0.000384938140440831,6.23913850698938,4.38348545613791,-5.7578954995226,13.8231378570329,13.8252248867667,0.0150980895613474,121.588683618404
B012T95DI8,2019Q3,Other,5,0.000650283848900045,2.0185887766642,0.306496492091736,-1.84533449874101,2.0185887766642,2.0185887766642,,
B012T95DI8,2019Q4,Other,5,0.000728035178659833,1.88595151374551,0.2419054256606,-1.71990653515026,1.88595151374551,1.88595151374551,,
B012T95DI8,2020Q1,Other,5,0.000374185678417344,1.89,0.555094631807755,-1.74579053824594,1.74566340251014,1.74699588186871,0.076330829680532,-7.56635545668214
B012T95DI8,2020Q2,Other,5,0.00151365506071649,1.95884550298275,0.349434245893824,-1.74466499562046,1.70949922979785,1.70984590344941,0.0202792516966722,-12.7115486726333
B012T95DI8,2020Q3,Other,5,0.00133958472873409,1.65053499074074,0.168953806938787,-1.46349395743444,1.62469305678043,1.62501226337055,0.0196471935906446,-1.54633058452957
B015LW1HL2,2020Q1,hello,5,0.000374185678417344,3.83007679845709,2.46666942005138,-3.53783695000089,3.69595331500332,3.71174358945515,0.427231436818512,-3.08957797007121
B015LW1HL2,2020Q4,hello,5,0.00225772707090016,4.64753953571065,3.24293565914435,-3.9132564046114,4.55086951005109,4.56522668370977,0.315481989254195,-1.77110600928537
B015LW1HL2,2021Q1,hello,5,0.000350676630558663,3.76725768572654,2.5796849613227,-3.47831829202642,3.67206210954896,3.694827072061,0.619950366657486,-1.92263496972789
B015ZRTHVA,2018Q3,Other,5,0.000999690096070218,6.89789283136782,5.39804825463086,-6.27201989462018,6.89789283136782,6.89789283136782,,
B015ZRTHVA,2018Q4,Other,5,0.00103044979133392,6.88664184422433,5.46848945030275,-6.23999404538902,6.88664184422433,6.88664184422433,,
B015ZRTHVA,2019Q1,Other,5,0.00199938019214044,6.87723695534229,5.22817297476318,-6.04495320606927,6.87723695534229,6.87723695534229,,
B015ZRTHVA,2019Q2,Other,5,0.00155765666131871,6.81459598373186,4.78277618290746,-5.89469665440395,6.81459598373186,6.81459598373186,,
B015ZRTHVA,2019Q3,Other,5,0.00130056769780009,6.79194983785095,5.07985755327849,-6.03661011141093,6.79194983785095,6.79194983785095,,
B015ZRTHVA,2019Q4,Other,5,0.000728035178659833,6.74550626456594,5.10146017648103,-6.15161112190156,6.74550626456594,6.74550626456594,,
B015ZRTHVA,2020Q1,Other,5,0.00112255703525203,6.72213154856775,5.38722618037551,-5.9960853063138,6.64792987560085,6.64926235495941,0.0200435230740836,-1.08401915496376
B015ZRTHVA,2020Q2,Other,5,0.000378413765179122,6.80027681566211,5.19086555857319,-6.30609469639382,6.61176570295303,6.61211237660459,0.00524328397495136,-2.76701146377076
B015ZRTHVA,2020Q3,Other,5,0.000334896182183523,6.73315635257324,5.25157516877129,-6.23715028232247,6.52695953010955,6.52727873669967,0.0048905863235059,-3.05766872315227
B015ZRTHVA,2020Q4,Other,5,0.000376287845150026,6.68227985663743,5.24392205554076,-6.16971237322546,6.49796320906343,6.4989936302729,0.0158576030105614,-2.74286965372269
B015ZRTHVA,2021Q2,Other,5,0.000832040204182666,6.50261440916292,4.80088952673917,-5.80465375454588,6.89319140044303,6.89423868122543,0.0151929740748472,6.02256642360128
B015ZRTHVA,2021Q3,Other,5,0.000408409978272589,6.37767792720127,4.80009941320701,-5.85291423111898,6.66677333300042,6.67006841233143,0.0494253991611888,4.58459157812108
B015ZRTHVA,2021Q4,Other,5,0.000816819956545178,6.21677261520803,4.71969913417572,-5.55987530263927,6.57851266201046,6.5814109472825,0.0440568472075991,5.86539599634792
B015ZRTHVA,2022Q1,Other,5,0.000348850189774503,6.15669319959511,3.70981137354152,-5.67912182858772,7.7115324705485,7.71515337231483,0.0469543735977065,25.3132667520645
B015ZRTHVA,2022Q2,Other,5,0.000372106869092803,5.97161133405882,4.05336210349749,-5.52451693563066,7.00753581763576,7.00825917891987,0.0103226198614571,17.3596000621905
B015ZRTHVA,2022Q3,Other,5,0.000769876280881662,7.14563916662164,5.28998611577017,-6.47524912138511,6.96731288297997,6.96939991271381,0.0299545860634299,-2.4663889373406
B0195UTEXE,2020Q1,Colgate,2,0.000374185678417344,1.75665176470588,-0.544541822895076,-1.62454568930142,1.69372722979469,1.69564195855688,0.11304823636977,-3.47307345569491
B0195UTEXE,2020Q3,Colgate,2,0.00100468854655057,1.60185155662951,-0.828859448598941,-1.4474468964982,1.53740856478083,1.53820074445645,0.0515269456520597,-3.97357744602674
B0195UTEXE,2020Q4,Colgate,2,0.000376287845150026,1.74943807405529,-0.462220820948985,-1.62005300810015,1.87096380772075,1.87368508408282,0.145447835540186,7.10210963566853
B0195UTEXE,2021Q1,Colgate,2,0.00105202989167599,1.57611286409327,-1.21855419592623,-1.4281071216961,1.60060996273988,1.60114892741467,0.0336724553348297,1.58846894101115
B0195UTEXE,2021Q3,Colgate,2,0.000408409978272589,1.4780884466475,-0.935934842800563,-1.37354673941713,2.04440553275427,2.04670809794701,0.112627615013115,38.4699340955685
B019FGCLL0,2019Q1,Crest,5,0.000999690096070218,2.45350196586171,1.34035570009694,-2.2308860861677,2.45350196586171,2.45350196586171,,
B019FGCLL0,2021Q3,Crest,5,0.000816819956545178,1.80778927656219,0.681451764464331,-1.61957159497144,2.44153527110403,2.44176689452679,0.00948679404751426,35.0692210748266
B019FGCLL0,2021Q4,Crest,5,0.00122522993481777,1.77687315713316,0.616447776559738,-1.54894635581669,2.46637430362626,2.46682724535565,0.0183646792267127,38.8296759086438
B019FGCM00,2018Q1,Crest,3,0.00326727982618071,5.3378365995264,2.04808227208857,-4.4497408127204,5.3378365995264,5.3378365995264,,
B019FGCM00,2018Q2,Crest,3,0.00142509013695116,5.67878322483185,2.40689279730222,-4.9755247742262,5.67878322483185,5.67878322483185,,
B019FGCM00,2018Q3,Crest,3,0.00499845048035109,5.64375003522302,2.35938677790366,-4.30697889072848,5.64375003522302,5.64375003522302,,
B019FGCM00,2018Q4,Crest,3,0.0061826987480035,5.62362498671268,2.34772722447469,-3.85688031187037,5.62362498671268,5.62362498671268,,
B019FGCM00,2019Q1,Crest,3,0.00299907028821066,5.60803543347086,2.34248513289397,-4.38126282037054,5.60803543347086,5.60803543347086,,
B019FGCM00,2019Q2,Crest,3,0.00233648499197807,7.43903257955543,4.14972437943732,-6.42202594901858,7.43903257955543,7.43903257955543,,
B019FGCM00,2020Q4,Crest,3,0.000376287845150026,12.4277021654201,9.15690090359214,-11.4635862872899,5.95478430618103,5.95478895849518,7.81273326686918e-05,-52.0845536911539
B019MEOV1S,2018Q1,Crest,3,0.00326727982618071,3.92,0.630245672562173,-3.26780028961763,3.92,3.92,,
B019MEOV1S,2018Q4,Crest,3,0.00103044979133392,3.92823338819173,0.652335625953735,-3.52467047673035,3.92823338819173,3.92823338819173,,
B019MEOV1S,2019Q1,Crest,3,0.000999690096070218,4.71978892228016,1.45423862170327,-4.18543295073972,4.71978892228016,4.71978892228016,,
B019MEOV1S,2019Q2,Crest,3,0.00155765666131871,3.84616373721073,0.556855537092622,-3.4181213309432,3.84616373721073,3.84616373721073,,
B01B4OB2FC,2018Q3,hello,5,0.000999690096070218,3.91587813862189,2.69399314840447,-3.56057511920992,3.91587813862189,3.91587813862189,,
B01B4OB2FC,2018Q4,hello,5,0.00103044979133392,4.4204932112734,3.12565432867456,-4.00541395065616,4.4204932112734,4.4204932112734,,
B01B4OB2FC,2019Q3,hello,5,0.000650283848900045,3.8489963911325,2.75510865530932,-3.51863931286882,3.8489963911325,3.8489963911325,,
B01B4OB2FC,2019Q4,hello,5,0.000728035178659833,3.83224763275068,2.54022534024734,-3.49484475069671,3.83224763275068,3.83224763275068,,
B01B4OB2FC,2020Q1,hello,5,0.00112255703525203,3.81280736189558,2.44939998348987,-3.40099238363436,4.00802926267061,4.02381953712244,0.393966047076932,5.53429940719463
B01B4OB2FC,2020Q2,hello,5,0.00151365506071649,3.72891404070668,2.48682945417305,-3.3211939321362,3.91384199121211,3.9228436778513,0.229996168966556,5.20070012415377
B01B4OB2FC,2020Q4,hello,5,0.000752575690300052,3.75323449375458,2.34863061718828,-3.40432190233261,4.08667921849071,4.10103639214938,0.351316384063353,9.26672444723478
B01B4OB2FC,2021Q1,hello,5,0.000701353261117326,3.74558065843433,2.55800793403049,-3.3974390777575,3.8711225158934,3.89388747840544,0.588071351877286,3.95951478543515
B01B4OB2FC,2021Q3,hello,5,0.000816819956545178,3.10799930397972,1.93459078263487,-2.78441047038892,4.02894270807378,4.06371119966729,0.862968131163341,30.7500678801248
B01B4OB2FC,2021Q4,hello,5,0.00163363991309036,3.40786700923338,2.23017318701106,-2.89367825909344,3.92134493472823,3.99969936405257,1.99815192564206,17.3666505534301
B01B4OB2FC,2022Q1,hello,5,0.000348850189774503,3.42815571874337,2.32356032679186,-3.16223552854536,3.88374784382467,3.91333149677951,0.761729498012593,14.1526761863078
B01B4OB2FC,2022Q3,hello,5,0.000769876280881662,4.19191734666136,3.06768620109566,-3.79863976936875,3.91765835871798,3.94381815638726,0.667740657147016,-5.91851340942342
B01BI9K02Y,2019Q2,Sensodyne,1,0.000778828330659356,5.77261064287478,2.51179296245092,-5.1627138482689,5.77261064287478,5.77261064287478,,
B01BI9K02Y,2020Q1,Sensodyne,1,0.000374185678417344,5.74304036244776,2.84118585203138,-5.28566715489936,5.53822721461714,5.53822926044193,3.69400661511664e-05,-3.56624869546511
B01BI9K02Y,2020Q2,Sensodyne,1,0.000378413765179122,5.9291022215973,2.96234853536328,-5.47669622671808,7.2637908117488,7.2638035570753,0.000175463842907911,22.5110191323102
B01BI9K02Y,2020Q3,Sensodyne,1,0.000334896182183523,5.73885460210708,2.55837120721952,-5.33114750455339,6.04162345435569,6.04162672223435,5.40894129813791e-05,5.27582838596574
B01BI9K02Y,2020Q4,Sensodyne,1,0.000752575690300052,5.71674299609326,2.6888500761091,-5.22295931710368,5.73995313793643,5.73995643881199,5.75070124983921e-05,0.406060631632332
B01BI9K02Y,2021Q2,Sensodyne,1,0.001248060306274,5.18517486957787,1.89139795950304,-4.67389200451715,5.81519650711896,5.81519737210406,1.48745636031491e-05,12.1504581498807
B01BI9K02Y,2021Q3,Sensodyne,1,0.00122522993481777,4.83807030062356,1.55242214371159,-4.3407440733344,5.83656130456878,5.83656714961249,0.000100145332264149,20.6383286505827
B01BNEUV9Q,2020Q3,Colgate,2,0.00100468854655057,7.66104281836744,5.23033181313899,-6.92258443392739,7.59659982651876,7.59739200619438,0.0104280822172426,-0.830837441874843
B01BNEUV9Q,2020Q4,Colgate,2,0.000376287845150026,10.682649639149,8.47099074414473,-9.89258147461375,10.8041753728145,10.8068966491765,0.0251872657390941,1.16307296620684
B01BNEUV9Q,2021Q1,Colgate,2,0.000701353261117326,9.45469973536329,6.66003267534379,-8.67229533986503,9.4791968340099,9.47973579868469,0.00568576308968652,0.264800194846582
B01BNEUV9Q,2022Q1,Colgate,2,0.000348850189774503,8.67427280348701,5.89733390741085,-8.06498700046276,8.92801253930155,8.92853386292759,0.00583919011923379,2.93120893475207
B01BNEUV9Q,2022Q2,Colgate,2,0.000372106869092803,10.0979178781939,7.73511696178177,-9.36641949083966,10.362497743221,10.3629575299424,0.00443702602235061,2.62469605066644
B01BNEUV9Q,2022Q3,Colgate,2,0.000384938140440831,9.97326025632332,7.03107255838869,-9.24610712151207,10.1255604313763,10.12674031808,0.0116525570283357,1.5389156385385
B01BNEWDFQ,2018Q2,Colgate,2,0.00142509013695116,5.93848014883395,2.63314018355446,-5.10960409665452,5.93848014883395,5.93848014883395,,
B01BNEWDFQ,2018Q3,Colgate,2,0.00299907028821066,8.29874350768194,5.00767958780213,-6.36464276122949,8.29874350768194,8.29874350768194,,
B01BNEWDFQ,2018Q4,Colgate,2,0.00103044979133392,8.74270739455704,6.5811301252589,-7.75280900767989,8.74270739455704,8.74270739455704,,
B01BNEWDFQ,2019Q1,Colgate,2,0.000999690096070218,8.72365641740256,6.34385138801162,-7.85040540360235,8.72365641740256,8.72365641740256,,
B01BNEWDFQ,2019Q2,Colgate,2,0.00233648499197807,9.66281986745954,7.5272266774358,-8.11129032932716,9.66281986745954,9.66281986745954,,
B01BNEWDFQ,2019Q3,Colgate,2,0.00390170309340027,7.69442616744553,5.47328139997079,-6.25127872173904,7.69442616744553,7.69442616744553,,
B01BNEWDFQ,2019Q4,Colgate,2,0.0065523166079385,7.65724750904755,5.35490133353376,-5.37123874823968,7.65724750904755,7.65724750904755,,
B01BNEWDFQ,2020Q1,Colgate,2,0.00261929974892141,7.50759154457135,5.2063979569704,-6.27832367761745,7.79844200872649,7.80035673748869,0.0245527088623054,3.89958871868878
B01BNEWDFQ,2020Q2,Colgate,2,0.0034057238866121,7.68697655002757,5.11603462040611,-6.24640843514481,8.0697973079992,8.07067462593476,0.0108716229426017,4.99153436217796
B01BNEWDFQ,2020Q3,Colgate,2,0.00301406563965171,7.59713865146609,5.16642764623764,-6.31870334817565,7.9264409695736,7.92723314924923,0.00999414085924742,4.34498451228651
B01BNEWDFQ,2020Q4,Colgate,2,0.00451545414180031,7.54497205582764,5.33331316082337,-5.86567847712182,7.89335758487612,7.89607886123819,0.0344755236641659,4.65352028891028
B01BNEWDFQ,2021Q1,Colgate,2,0.00245473641391064,7.47384570176,4.6791786417405,-6.43859925404948,8.37933711321297,8.37987607788776,0.00643206816368565,12.1226797057691
B01BNEWDFQ,2021Q2,Colgate,2,0.00166408040836533,7.25006930812063,4.65314739611822,-6.33998377862235,8.26309022286967,8.26372576274702,0.00769130991204193,13.9813346817391
B01BNEWDFQ,2021Q3,Colgate,2,0.00204204989136295,7.22829642546347,4.81427313601541,-6.41983275291661,8.54051333040267,8.5428158955954,0.0269605011274977,18.1857438151154
B01BNEWDFQ,2021Q4,Colgate,2,0.00490091973927107,7.04463008626893,4.32348517006024,-5.52207004217059,9.00933345340783,9.0105328462372,0.0133127809684421,27.9064015554218
B01BNEWDFQ,2022Q1,Colgate,2,0.00627930341594106,6.92394491680221,4.14700602072604,-5.28492411505241,8.59085158525193,8.59137290887797,0.00606835796036844,24.0820516643545
B01BNEWDFQ,2022Q2,Colgate,2,0.00260474808364962,7.02672168440931,4.66392076799719,-6.01208484876761,8.18755373595205,8.18801352267349,0.00561567882498327,16.5267942921493
B01BNEWDFQ,2022Q3,Colgate,2,0.00461925768528997,8.37144382551469,5.42925612758006,-6.613460377516,8.65466082932226,8.65584071602597,0.0136329629430102,3.39722629021872
B01BNHREXE,2018Q1,Colgate,2,0.00163363991309036,2.98139816569636,1.51104447038957,-2.61199011929698,2.98139816569636,2.98139816569636,,
B01BNHREXE,2018Q4,Colgate,2,0.00103044979133392,2.94578814223616,0.784210872938016,-2.61224947984231,2.94578814223616,2.94578814223616,,
B01BNHREXE,2019Q1,Colgate,2,0.000999690096070218,2.91661277869505,0.536807749304107,-2.62465549106308,2.91661277869505,2.91661277869505,,
B01BNHREXE,2019Q2,Colgate,2,0.000778828330659356,2.89582941860966,0.760236228585923,-2.62414026610986,2.89582941860966,2.89582941860966,,
B01BNHREXE,2019Q3,Colgate,2,0.000650283848900045,2.90618666906216,0.68504190158742,-2.66894668667361,2.90618666906216,2.90618666906216,,
B01BNHREXE,2019Q4,Colgate,2,0.00145607035731967,2.88528939460449,0.5829432190907,-2.55821998380039,2.88528939460449,2.88528939460449,,
B01BNHREXE,2020Q1,Colgate,2,0.000374185678417344,2.88321428571429,0.582020698113335,-2.66638694890883,3.04831645936757,3.05023118812977,0.0628126635708517,5.79273289685784
B01BNHREXE,2021Q3,Colgate,2,0.000816819956545178,2.89215611115258,0.478132821704516,-2.65786979304332,3.79038778179798,3.79269034699071,0.0607474835106705,31.1371240427009
B01BNHREXE,2021Q4,Colgate,2,0.000408409978272589,3.35881573043311,0.637670814224416,-3.11220693607775,4.25920790530353,4.2604072981329,0.0281599972585346,26.8425433265293
B01BNHREXE,2022Q1,Colgate,2,0.00104655056932351,2.79222733096231,0.0152884348861417,-2.5414123932849,3.84072603710267,3.84124736072871,0.0135735697105768,37.5692916595322
B01BNHREXE,2022Q2,Colgate,2,0.00111632060727841,3.3516260544729,0.988825138060775,-3.02844223409334,3.43742818882011,3.43788797554155,0.0133758931439,2.57373345554246
B01BNHREXE,2022Q3,Colgate,2,0.000769876280881662,3.23930591437799,0.29711821644336,-2.96275742297995,3.90453527928459,3.9057151659883,0.0302183645250726,20.5725939205798
B01CWYES90,2018Q2,Other,5,0.00142509013695116,5.94383158154965,4.33567609396786,-5.27011033682175,5.94383158154965,5.94383158154965,,
B01CWYES90,2022Q2,Other,5,0.000372106869092803,4.30313190011851,2.38488266955718,-3.98095651719169,6.16674447769897,6.16746783898308,0.0117300349759246,43.3250939580362
B01CWYES90,2022Q3,Other,5,0.000384938140440831,4.18933344803506,2.33368039718359,-3.86619790206905,6.12652154205929,6.12860857179313,0.0340654924579247,46.2907798534789
B01CWYEUWK,2018Q1,Other,5,0.00326727982618071,5.98195824934176,4.11425066583158,-4.92963993626856,5.98195824934176,5.98195824934176,,
B01CWYEUWK,2018Q2,Other,5,0.00142509013695116,5.93848014883395,4.33032466125216,-5.26536547814181,5.93848014883395,5.93848014883395,,
B01CWYEUWK,2020Q4,Other,5,0.000376287845150026,5.71330994093772,4.27495213984106,-5.27506775994462,5.5437834405249,5.54481386173437,0.0185869671952259,-2.94918498987817
B01CWYEUWK,2022Q3,Other,5,0.000384938140440831,4.20720285809149,2.35154980724002,-3.88268899224565,6.01313311180875,6.01522014154259,0.0347078585329002,42.9743310326442
B01FA7PEQ2,2018Q1,Other,5,0.00163363991309036,15.9470659121785,14.0793583286683,-14.0624166138246,15.9470659121785,15.9470659121785,,
B01FA7PEQ2,2018Q2,Other,5,0.00142509013695116,15.9025820954573,14.2944266078755,-14.100056694671,15.9025820954573,15.9025820954573,,
B01FA7PEQ2,2021Q4,Other,5,0.000408409978272589,13.3551306196841,11.8580571386518,-12.2458994585887,15.5889376957193,15.5918359809913,0.0185919356957177,16.7479107842683
B01FA7PEQ2,2022Q2,Other,5,0.000744213738185607,13.6817710767484,11.7635218461871,-12.4600960948343,16.0179608509502,16.0186842122343,0.00451593864439834,17.0804870391185
B01J37CQQ6,2018Q2,Colgate,2,0.00142509013695116,2.96695432868672,-0.338385636592771,-2.55283534043997,2.96695432868672,2.96695432868672,,
B01J37CQQ6,2019Q2,Colgate,2,0.00155765666131871,2.91508447321643,0.779491283192693,-2.54430351926422,2.91508447321643,2.91508447321643,,
B01J37CQQ6,2019Q3,Colgate,2,0.000650283848900045,2.83378809031705,0.612643322842311,-2.60245820232446,2.83378809031705,2.83378809031705,,
B01J37CQQ6,2020Q1,Colgate,2,0.00187092839208672,2.82007802213917,0.518884434538215,-2.44155151593268,2.58951870939459,2.59143343815679,0.0739414917239448,-8.10773965072578
B01J37CQQ6,2020Q3,Colgate,2,0.000669792364367046,3.06306448094593,0.632353475717479,-2.80451067881564,2.71751767008597,2.7183098497616,0.0291508564725992,-11.2552195139512
B01J37CQQ6,2020Q4,Colgate,2,0.000752575690300052,2.57635825660056,0.364699361596286,-2.35100843301844,2.68443428516846,2.68715556153053,0.10137243355535,4.30053951720855
B01KZOTRG8,2018Q1,Crest,3,0.00326727982618071,7.84,4.55024567256217,-6.53560057923526,7.84,7.84,,
B01KZOTRG8,2018Q3,Crest,3,0.000999690096070218,9.87653645895531,6.59217320163595,-8.93105598647142,9.87653645895531,9.87653645895531,,
B01KZOTRG8,2018Q4,Crest,3,0.00103044979133392,9.82257785220552,6.54668008996753,-8.8134656828502,9.82257785220552,9.82257785220552,,
B01KZOTRG8,2019Q2,Crest,3,0.00623062664527485,9.7277135907498,6.43840539063169,-7.16135208005761,9.7277135907498,9.7277135907498,,
B01KZOTRG8,2019Q3,Crest,3,0.00325141924450022,9.69410978882557,6.41120663888089,-7.96826774659936,9.69410978882557,9.69410978882557,,
B01KZOTRG8,2019Q4,Crest,3,0.00509624625061883,9.4934941106291,6.21815527103163,-6.91258125596847,9.4934941106291,9.4934941106291,,
B01KZOTRG8,2020Q1,Crest,3,0.00224511407050407,9.61392857142857,6.33592246531053,-8.181634961288,9.40086533771101,9.40086706289515,1.83513334075833e-05,-2.21617528100442
B01KZOTRG8,2020Q2,Crest,3,0.00491937894732859,9.6817693422123,6.41070714891127,-6.9403887444916,9.38365891326142,9.38365922341871,3.30529160256339e-06,-3.07908718186287
B01KZOTRG8,2020Q3,Crest,3,0.00234427327528466,9.55363602838537,6.29343445874806,-7.65363034897087,9.38494850733929,9.38494886907306,3.8544032784057e-06,-1.76568542920326
B01KZOTRG8,2020Q4,Crest,3,0.00301030276120021,8.47210492902045,5.20130366719249,-6.79895535310414,9.47187890962682,9.47188356194096,4.91171201321876e-05,11.800829207106
B01KZOTRG8,2021Q1,Crest,3,0.00175338315279331,8.57362960611864,5.28963391869949,-7.52158428775598,9.40619154249241,9.40619219892546,6.97873364290269e-06,9.71073665478455
B01KZOTRG8,2021Q2,Crest,3,0.002496120612548,8.52783020019408,5.25214538335802,-7.13521171886262,9.39437819175429,9.39437866761336,5.06535997722965e-06,10.1614179348876
B01KZOTRG8,2021Q3,Crest,3,0.00122522993481777,8.08452208899151,4.82908890355506,-6.89877673088524,9.3823282132803,9.38233273763736,4.82221145627939e-05,16.0530286683617
B01KZOTRG8,2021Q4,Crest,3,0.00163363991309036,10.2444141586841,6.98040380791535,-8.69870756335699,9.39051215819552,9.39051908638219,7.37785815214984e-05,-8.33522599804375
B01KZOTRG8,2022Q1,Crest,3,0.000348850189774503,12.4919916720876,9.23835281904904,-11.4209789368761,9.39525419153881,9.39525514958102,1.01970866499768e-05,-24.7897741512749
B01KZOTRG8,2022Q2,Crest,3,0.00260474808364962,8.54771378718155,5.28358337630645,-6.84707334400667,9.39145821993785,9.3914585764686,3.79633000445557e-06,9.87099954788326
B01KZOTRG8,2022Q3,Crest,3,0.00192469070220416,8.41230158676341,5.14426684565972,-7.12002007416249,9.39591833896036,9.39591948709465,1.2219500534386e-05,11.6926133732407
B01KZOTTZW,2018Q2,Crest,3,0.00427527041085349,15.8369869852308,12.5650965577012,-11.8678684431182,15.8369869852308,15.8369869852308,,
B01KZOTTZW,2018Q3,Crest,3,0.000999690096070218,14.605434370567,11.3210711132476,-13.207256674681,14.605434370567,14.605434370567,,
B01KZOTTZW,2019Q2,Crest,3,0.000778828330659356,9.73811344478566,6.44880524466755,-8.90190882392521,9.73811344478566,9.73811344478566,,
B01KZOTTZW,2019Q3,Crest,3,0.000650283848900045,13.3086962572615,10.0257931073168,-12.1912419303831,13.3086962572615,13.3086962572615,,
B01KZOTTZW,2020Q1,Crest,3,0.000748371356834689,14.9650751548193,11.6870690487013,-13.6188336196096,13.3649124678469,13.364914193031,1.29083085822527e-05,-10.6926356549101
B01KZOTTZW,2020Q2,Crest,3,0.000378413765179122,14.6386508041487,11.3675886108477,-13.503004374755,13.3477060420209,13.3477063521781,2.32367486290747e-06,-8.81873930352031
B01KZOTTZW,2020Q3,Crest,3,0.000334896182183523,15.7002778077712,12.4400762381339,-14.4407466398849,13.3489956373715,13.3489959991053,2.70982005683271e-06,-14.9760522549615
B01KZOTTZW,2022Q3,Crest,3,0.000384938140440831,13.3989317149251,10.1308969738214,-12.3393195120699,13.359965468609,13.3599666167432,8.59384174727903e-06,-0.290807498768408
B01LTHYW9W,2018Q1,Colgate,2,0.00163363991309036,10.44,8.96964630469321,-9.14643913020966,10.44,10.44,,
B01LTHYW9W,2018Q2,Colgate,2,0.00570036054780465,9.76651203860563,6.46117207332614,-6.08487700089032,9.76651203860563,9.76651203860563,,
B01LTHYW9W,2018Q3,Colgate,2,0.000999690096070218,12.4043652203567,9.11330130047689,-10.940836026157,12.4043652203567,12.4043652203567,,
B01LTHYW9W,2018Q4,Colgate,2,0.00103044979133392,8.47671415346637,6.31513688416823,-7.51693301384375,8.47671415346637,8.47671415346637,,
B01LTHYW9W,2019Q1,Colgate,2,0.00399876038428087,8.66545096384555,6.28564593445461,-6.76717469115494,8.66545096384555,8.66545096384555,,
B01LTHYWAQ,2018Q2,Colgate,2,0.00142509013695116,10.359532839963,7.05419287468351,-8.91357891444592,10.359532839963,10.359532839963,,
B01LTHYWAQ,2018Q3,Colgate,2,0.00199938019214044,10.3962930587433,7.10522913886349,-8.57151240748776,10.3962930587433,10.3962930587433,,
B01LTHYWAQ,2018Q4,Colgate,2,0.00309134937400175,11.2950440128134,9.13346674351526,-8.82390003536031,11.2950440128134,11.2950440128134,,
B01LTHYWAQ,2019Q2,Colgate,2,0.00155765666131871,11.2016749432158,9.06608175319206,-9.77689025533835,11.2016749432158,11.2016749432158,,
B01LTHYWAQ,2019Q3,Colgate,2,0.00195085154670013,12.3992502364841,10.1781054690094,-10.8617103485613,12.3992502364841,12.3992502364841,,
B01LTHYWAQ,2020Q2,Colgate,2,0.000378413765179122,12.6732763906288,10.1023344610073,-11.7284329124669,11.0170395483236,11.0179168662591,0.00796328207511222,-13.0618119051971
B01LTHYWAQ,2020Q4,Colgate,2,0.000752575690300052,12.5065379412486,10.2948790462443,-11.4126116165758,10.8405998269119,10.8433211032739,0.0251026364363596,-13.2987789729491
B01LTHYWAQ,2021Q1,Colgate,2,0.00105202989167599,12.064888633815,9.2702215737955,-10.9319286536843,11.3265793562183,11.3271183208931,0.00475840638057222,-6.11501966834655
B01LTHYWAQ,2021Q3,Colgate,2,0.000408409978272589,11.7491205118306,9.33509722238254,-10.9181329484355,11.4877555732516,11.4900581384443,0.020043647151585,-2.20495119720181
B01LTHYWAQ,2022Q2,Colgate,2,0.00111632060727841,12.6579176879586,10.2951167715465,-11.4373655947485,11.1347959812748,11.1352557679962,0.004129278364931,-12.0293239180319
B01LTHYWB0,2018Q1,Colgate,2,0.00163363991309036,8.96586132273203,7.49550762742524,-7.85495257071548,8.96586132273203,8.96586132273203,,
B01LTHYWB0,2019Q1,Colgate,2,0.000999690096070218,12.8202383161153,10.4404332867244,-11.5369133465103,12.8202383161153,12.8202383161153,,
B01LTHYWB0,2020Q1,Colgate,2,0.000748371356834689,11.4902303953713,9.18903680777035,-10.4565820342806,11.2062395100601,11.2081542388223,0.0170862737716579,-2.45492167557115
B01LTHYWB0,2020Q2,Colgate,2,0.000756827530358244,12.2923124610231,9.72137053140164,-11.2024733470479,11.4775948091407,11.4784721270762,0.00764374374723033,-6.62072605563393
B01LTHYWB0,2020Q4,Colgate,2,0.000752575690300052,11.8927558027503,9.68109690774602,-10.8525159932483,11.3011550866978,11.3038763630599,0.0240796302784432,-4.95158102509966
B01LTHYWB0,2021Q1,Colgate,2,0.000350676630558663,12.1663178735831,9.3716508135636,-11.2952049726979,11.7871346166403,11.7876735813151,0.00457248256102503,-3.11223408924889
B01LTHYWB0,2021Q3,Colgate,2,0.000408409978272589,11.2824498372952,8.86842654784714,-10.4844687892686,11.9483108324079,11.9506133976006,0.0192710519924724,5.92214962123483
B01LTHYWB0,2021Q4,Colgate,2,0.000816819956545178,10.699104602594,7.97795968638531,-9.77475632118828,12.4171309543027,12.4183303471321,0.00965917838654489,16.0688749983926
B01LTHYWB0,2022Q1,Colgate,2,0.000697700379549007,9.51399781540142,6.73705891932525,-8.75256079686771,11.9986490839952,11.9991704076213,0.00434485267789403,26.1212230698308
B01LTHYWB0,2022Q2,Colgate,2,0.000744213738185607,8.28153036819034,5.91872945177822,-7.58229386649366,11.5953512317205,11.595811018442,0.0039652677374529,40.0201472783569
B01LTHYWB0,2022Q3,Colgate,2,0.000769876280881662,8.57321692980256,5.63102923186793,-7.84129772518483,12.0624583256018,12.0636382123055,0.00978147796953393,40.7130871769892
B01LWQDM4I,2019Q1,Colgate,2,0.000999690096070218,14.7064342982564,12.3266292688655,-13.2342982986405,14.7064342982564,14.7064342982564,,
B01LWQDM4I,2019Q3,Colgate,2,0.00130056769780009,10.18582235479,7.96467758731526,-9.13853957547377,10.18582235479,10.18582235479,,
B01LWQDM4I,2019Q4,Colgate,2,0.000728035178659833,11.7153713951117,9.41302521959791,-10.6972742150834,11.7153713951117,11.7153713951117,,
B01LWQDM4I,2020Q3,Colgate,2,0.000334896182183523,10.4898530299746,8.05914202474615,-9.7300836818892,12.2677120371617,12.2685042168373,0.00645743618065346,16.9559209436037
B01LX217F9,2018Q2,SENSODYNE PRONAMEL,1,0.00427527041085349,9.93538431104557,7.34233777577951,-6.97627081120244,9.93538431104557,9.93538431104557,,
B01LX217F9,2018Q4,SENSODYNE PRONAMEL,1,0.00309134937400175,9.70301571553508,6.82569867868724,-7.88558010889292,9.70301571553508,9.70301571553508,,
B01LX217F9,2019Q1,SENSODYNE PRONAMEL,1,0.00199938019214044,9.04311896081832,5.7885740946338,-7.22584467176933,9.04311896081832,9.04311896081832,,
B01LX217F9,2019Q2,SENSODYNE PRONAMEL,1,0.000778828330659356,9.00924708011895,5.74842939969509,-8.05738816291324,9.00924708011895,9.00924708011895,,
B01LX217F9,2019Q3,SENSODYNE PRONAMEL,1,0.00260113539560018,9.59403476575302,6.33913924215401,-7.28080349854633,9.59403476575302,9.59403476575302,,
B01LX217F9,2019Q4,SENSODYNE PRONAMEL,1,0.000728035178659833,9.52477064824976,6.63468114799785,-8.57212915041855,9.52477064824976,9.52477064824976,,
B01LX217F9,2020Q1,SENSODYNE PRONAMEL,1,0.000748371356834689,9.85192812233089,6.95007361191451,-8.87824892171991,9.472910975557,9.4729130213818,2.15965799948962e-05,-3.84711597814034
B01LX217F9,2020Q2,SENSODYNE PRONAMEL,1,0.000378413765179122,9.95311586051744,6.98636217428342,-9.19366710845789,11.1984745724988,11.1984873178253,0.00011381305922335,12.5123777795861
B01LX217F9,2020Q3,SENSODYNE PRONAMEL,1,0.00100468854655057,9.80990897820464,6.62942558331708,-8.90509897957541,9.97630721517206,9.97631048305072,3.27563956334112e-05,1.69625941704235
B01LX217F9,2020Q4,SENSODYNE PRONAMEL,1,0.0015051513806001,9.62902489153454,6.60113197155038,-8.54766406675363,9.67463689861348,9.67464019948904,3.4118857401458e-05,0.473727178694983
B01LX217F9,2021Q1,SENSODYNE PRONAMEL,1,0.00105202989167599,10.0012600734154,6.95138655358791,-8.76386448825086,9.7277699381555,9.72777085419129,9.41670907718031e-06,-2.73454761916528
B01LX217F9,2021Q2,SENSODYNE PRONAMEL,1,0.001248060306274,9.01503190039425,5.72125499031942,-8.12610694519353,9.74988026759241,9.74988113257751,8.87175103947495e-06,8.15137694799642
B01LX217F9,2022Q2,SENSODYNE PRONAMEL,1,0.000744213738185607,9.84229113572281,6.5596173389353,-8.98142761913653,9.7232136928118,9.7232141509857,4.7121652340805e-06,-1.20985025839074
B01LX217F9,2022Q3,SENSODYNE PRONAMEL,1,0.000384938140440831,8.43126825268836,5.15556752709528,-7.78792339478019,9.72666300400698,9.72666442058346,1.45638486747442e-05,15.3641911165862
B01M9BRYDL,2020Q3,Other,5,0.000669792364367046,11.4451411398915,9.96355995608955,-10.4507343734153,11.3140520540782,11.3143712606683,0.00282132863266869,-1.14257987406868
B01M9BRYDL,2020Q4,Other,5,0.000376287845150026,7.71473511345695,6.27637731236028,-7.12297265406716,7.59787308927292,7.59890351048238,0.0135619692163642,-1.50143331262947
B01M9BRYDL,2021Q1,Other,5,0.000350676630558663,7.99717467702816,6.45153144586691,-7.38381105944253,7.93969111861456,7.94011616992367,0.00535349930824127,-0.713483316406638
B01M9BRYDL,2021Q3,Other,5,0.000408409978272589,6.3499733885275,4.77239487453324,-5.82748925818663,6.26270077631155,6.26599585564256,0.0526143504008651,-1.32248637508726
B01M9BRYDL,2021Q4,Other,5,0.000408409978272589,6.29059050078111,4.7935170197488,-5.76811571533253,6.19556225030922,6.19846053558126,0.0467800201973718,-1.4645678364919
B01MR8EL31,2021Q3,Crest,3,0.000408409978272589,5.46527765149293,2.20984446605648,-4.97784019580196,5.46602830477487,5.46603282913192,8.2772294687175e-05,0.0138177360264224
B01MR8EL31,2022Q1,Crest,3,0.00139540075909801,5.19892298993404,1.94528413689548,-4.35877479765688,5.2143939440489,5.21439490209111,1.83730308888919e-05,0.297598410036604
B01MR8EL31,2022Q2,Crest,3,0.000744213738185607,5.10867653412586,1.84454612325076,-4.59769505979906,5.10985996761412,5.10986032414487,6.97730956025075e-06,0.0231721466626533
B01MTBFP2D,2020Q3,Crest,3,0.000334896182183523,3.75207129313031,0.491869723493005,-3.45106701819386,3.75067385324648,3.75067421498024,9.64450062952168e-06,-0.0372348508576148
B01MTBFP2D,2021Q1,Crest,3,0.000350676630558663,3.71432757511261,0.430331887693455,-3.44355439183155,3.7103790545979,3.71037971103095,1.76918057047095e-05,-0.106287450469178
B01MTBFP2D,2021Q3,Crest,3,0.000408409978272589,3.58695891015388,0.331525724717433,-3.26704504002217,3.58770956343582,3.58771408779287,0.000126107115903555,0.021053423189632
B01MTBFP2D,2021Q4,Crest,3,0.000408409978272589,3.52777035236938,0.263760001600633,-3.23476589472154,3.52812778120258,3.52813470938925,0.000196370060768009,0.0103282522237125
B01MTBFP2D,2022Q2,Crest,3,0.000744213738185607,3.14614829372761,-0.117982117147489,-2.83146336841657,3.14733172721587,3.14733208374662,1.13280320052763e-05,0.0376266440258455
B01MTBFP2D,2022Q3,Crest,3,0.00153975256176332,3.29803830861885,0.0300035675151551,-2.85285586886725,3.29977753033639,3.29977867847069,3.47942939309292e-05,0.0527698494977802
B01MUA08C1,2018Q2,Crest,3,0.00142509013695116,3.89856921914901,0.626678791619382,-3.41577182398716,3.89856921914901,3.89856921914901,,
B01MUA08C1,2019Q4,Crest,3,0.000728035178659833,3.79353806070269,0.518199221105219,-3.44965495669842,3.79353806070269,3.79353806070269,,
B01MUA08C1,2020Q1,Crest,3,0.000374185678417344,3.7628824686596,0.484876362541564,-3.47990114866753,3.84715996622419,3.84716169140833,4.48430571128649e-05,2.23975166513122
B01MUA08C1,2020Q3,Crest,3,0.000334896182183523,3.5316028320659,0.271401262428595,-3.24828530774918,3.83124313587433,3.83124349760809,9.44168117831663e-06,8.48455162685737
B01MUA08C1,2020Q4,Crest,3,0.000376287845150026,3.51799568990354,0.247194428075577,-3.24507673363284,3.91817353933899,3.91817819165313,0.000118736806743014,11.3752982386559
B01MUA08C1,2021Q3,Crest,3,0.000408409978272589,4.53309974374138,1.27766655830493,-4.1288014177672,3.82862284665187,3.82862737100893,0.000118171918171607,-15.5406325154235
B01MUA08C1,2021Q4,Crest,3,0.000408409978272589,3.26133031345484,-0.00268003731390687,-2.99045544795729,3.83680678519546,3.83681371338212,0.000180571685148528,17.6456643337563
B01MUA08C1,2022Q3,Crest,3,0.000769876280881662,3.30630100581742,0.0382662647137244,-2.98322283240225,3.84221296846949,3.84221411660378,2.98821096463368e-05,16.2088421424251
B01MUBCKFE,2019Q1,Parodontax,1,0.000999690096070218,5.37302197996673,2.11847711378221,-4.67075626939505,5.37302197996673,5.37302197996673,,
B01MUBCKFE,2019Q2,Parodontax,1,0.000778828330659356,5.77073389320632,2.50991621278246,-5.16103538386129,5.77073389320632,5.77073389320632,,
B01MUBCKFE,2019Q4,Parodontax,1,0.000728035178659833,5.72901666310202,2.83892716285011,-5.1560160926326,5.72901666310202,5.72901666310202,,
B01MUBCKFE,2020Q2,Parodontax,1,0.000756827530358244,5.70396081234408,2.73720712611006,-5.17829837995723,7.24110467900538,7.24111742433188,0.000176013565113063,26.9489336017386
B01MUBCKFE,2020Q3,Parodontax,1,0.000334896182183523,5.68127412114949,2.50079072626193,-5.27765773026022,6.0189373216817,6.01894058956037,5.42932828193933e-05,5.94349896185886
B01MUBCKFE,2021Q1,Parodontax,1,0.000350676630558663,4.85136662871851,1.80149310889101,-4.45578693763177,5.77040004214566,5.77040095818146,1.58747364109828e-05,18.9438234583749
B01MUBCKFE,2021Q2,Parodontax,1,0.000416020102091333,4.74716501989538,1.45338810982055,-4.39983027233468,5.79251037354765,5.79251123853276,1.49328192477267e-05,22.0204314418464
B01MUBCKFE,2021Q4,Parodontax,1,0.000408409978272589,5.77467409548676,2.61075738975159,-5.35359900158259,5.73392794870721,5.73393122487642,5.71365604386537e-05,-0.705544069442543
B01MY9A3HH,2020Q2,Other,5,0.000378413765179122,2.71427357878359,1.10486232169466,-2.51702492173659,2.54016059258014,2.5405072662317,0.0136477060771677,-6.4019454011619
B01MY9A3HH,2020Q3,Other,5,0.000334896182183523,2.68748300767945,1.2059018238775,-2.48950633586262,2.55639392186618,2.5567131284563,0.0124865963491849,-4.8658867367526
B01MY9A3HH,2021Q2,Other,5,0.000416020102091333,2.79076759493671,1.08904271251296,-2.55664566969219,2.80576668173211,2.80681396251451,0.0373260110763158,0.574980432154737
B01MY9A3HH,2022Q2,Other,5,0.000744213738185607,2.5380491823209,0.619799951759567,-2.31142127197832,2.45086833983688,2.45159170112099,0.0295144897158785,-3.40645413028777
B01MY9A3HH,2022Q3,Other,5,0.000384938140440831,2.52094920755382,0.665296156702346,-2.3265010194017,2.45614160746994,2.45822863720378,0.0849718814051,-2.48797437735374
B01MZC708J,2018Q3,Crest,3,0.000999690096070218,6.89234106722085,3.60797780990149,-6.23253750998826,6.89234106722085,6.89234106722085,,
B01MZC708J,2018Q4,Crest,3,0.00103044979133392,6.86693757571439,3.5910398134764,-6.16146999091935,6.86693757571439,6.86693757571439,,
B01MZC708J,2019Q4,Crest,3,0.000728035178659833,6.72620581745702,3.45086697785955,-6.11647724806704,6.72620581745702,6.72620581745702,,
B01MZC708J,2020Q1,Crest,3,0.000374185678417344,6.69063540983607,3.41262930371803,-6.18747729750324,6.82468249354118,6.82468421872532,2.52785993171427e-05,2.00352882316945
B01MZC708J,2020Q2,Crest,3,0.000756827530358244,5.4236705568054,2.15260836350437,-4.90999760363995,6.8074760687462,6.80747637890349,4.55612751247388e-06,25.5141938951611
B01MZC708J,2020Q4,Crest,3,0.000376287845150026,12.8287176470137,9.55791638518574,-11.8334918027744,6.8956960751884,6.89570072750254,6.74669256314293e-05,-46.2479343825317
B01N4IEXJK,2020Q1,hello,5,0.000374185678417344,4.81178571428571,3.44837833588,-4.44464019686082,4.67766223083194,4.69345250528377,0.337567649663789,-2.45923688269449
B01N4IEXJK,2020Q2,hello,5,0.000756827530358244,4.21278655276857,2.97070196623494,-3.85514633661623,4.1057985894286,4.11480027606779,0.219243259091362,-2.32592550022228
B01N4IEXJK,2020Q3,hello,5,0.000669792364367046,5.74092300174353,4.57845901644982,-5.24212507439822,5.70775245558749,5.72008844150453,0.216126855763771,-0.362913075696625
B01N4IEXJK,2020Q4,hello,5,0.00112886353545008,5.55006991651623,4.14546603994993,-4.94388646202635,5.45339989085667,5.46775706451535,0.263270142406822,-1.48309576706293
B01N4IEXJK,2021Q2,hello,5,0.000416020102091333,5.59086886075949,4.44041319844617,-5.12184199379806,5.5711362852663,5.58797373293791,0.302226454523043,-0.0517831466572916
B01NBG33XR,2020Q1,SENSODYNE PRONAMEL,1,0.000374185678417344,4.02396975228363,1.12211524186725,-3.70350257174386,4.14854949359315,4.14855153941795,4.93142193395779e-05,3.09599213720766
B01NBG33XR,2020Q2,SENSODYNE PRONAMEL,1,0.00302731012143298,2.91550288476235,-0.0512508014716664,-2.36946882552029,4.70074704760939,4.70075979293589,0.000271134063798816,61.2332410132074
B01NBG33XR,2020Q3,SENSODYNE PRONAMEL,1,0.00200937709310114,2.87883446587019,-0.301648929017366,-2.52179912379323,3.22818156285004,3.2281848307287,0.000101229704671675,12.1351320821052
B01NBG33XR,2020Q4,SENSODYNE PRONAMEL,1,0.000752575690300052,6.6746989005353,3.64680598055114,-6.09817177984676,6.87496615579996,6.87496945667553,4.80129718858621e-05,3.00044330275584
B01NBHM35Y,2019Q4,SENSODYNE PRONAMEL,1,0.000728035178659833,5.787081021174,2.89699152092209,-5.20827301249036,5.787081021174,5.787081021174,,
B01NBHM35Y,2020Q2,SENSODYNE PRONAMEL,1,0.000756827530358244,2.91022305971667,-0.0565306265173464,-2.64202434961188,7.64898936858183,7.64900211390832,0.000166627588079299,162.832159492716
B01NBHM35Y,2020Q3,SENSODYNE PRONAMEL,1,0.000669792364367046,2.87902404787981,-0.301459347007746,-2.64398401046534,6.42682201022418,6.42682527810284,5.08475052803324e-05,123.229301708533
B01NBHM35Y,2021Q1,SENSODYNE PRONAMEL,1,0.000350676630558663,6.59034051287499,3.54046699304749,-6.05296515789628,6.17828473622838,6.17828565226418,1.4826700852588e-05,-6.25240622705026
B01NBHM35Y,2021Q2,SENSODYNE PRONAMEL,1,0.000416020102091333,2.75784788149681,-0.535929028578017,-2.55606505033,6.20039505932405,6.20039592430916,1.39504837306607e-05,124.827336051034
B06WRS71N8,2018Q1,Other,5,0.00163363991309036,10.960491205431,9.09278362192082,-9.6651631385824,10.960491205431,10.960491205431,,
B06WRS71N8,2018Q2,Other,5,0.00142509013695116,9.93538431104557,8.32722882346378,-8.80922866665188,9.93538431104557,9.93538431104557,,
B06WRS71N8,2018Q3,Other,5,0.00299907028821066,10.8804998921755,9.38065531543855,-9.23421254557375,10.8804998921755,10.8804998921755,,
B06WRS71N8,2018Q4,Other,5,0.00206089958266784,9.83535126517178,8.4171988712502,-8.58281998483727,9.83535126517178,9.83535126517178,,
B06WRS71N8,2019Q1,Other,5,0.00599814057642131,9.96186306959349,8.31279908901438,-7.54945187809439,9.96186306959349,9.96186306959349,,
B06WRS71N8,2019Q2,Other,5,0.00155765666131871,9.74128045985118,7.70946065902678,-8.42630927400182,9.74128045985118,9.74128045985118,,
B06WRS71N8,2019Q3,Other,5,0.00130056769780009,9.71440936241422,8.00231707784176,-8.63405990673361,9.71440936241422,9.71440936241422,,
B06WRS71N8,2019Q4,Other,5,0.0021841055359795,9.65866818962419,8.01462210153928,-8.27522173501793,9.65866818962419,9.65866818962419,,
B06WRS71N8,2020Q2,Other,5,0.000378413765179122,8.70380097415987,7.09438971707094,-8.07128807392128,9.84243146519069,9.84277813884225,0.00352223587016526,13.0859743698622
B06WRS71N8,2020Q3,Other,5,0.000334896182183523,8.62747539681316,7.14589421301121,-7.99192203317814,9.75762529191405,9.75794449850417,0.00327135527928934,13.1031275048154
B06WRS71N8,2020Q4,Other,5,0.000376287845150026,8.57473395142405,7.13637615032739,-7.91700486843107,9.72862897015089,9.72965939136036,0.0105916384788352,13.4689361381819
B06WRS71N8,2021Q1,Other,5,0.000350676630558663,8.48813197861693,6.94248874745568,-7.83711314418984,9.89529286442149,9.8957179157306,0.00429548993582388,16.5829883496112
B06WRS71N8,2021Q3,Other,5,0.000408409978272589,8.20247847861794,6.62489996462368,-7.52756780225459,9.89743909274458,9.90073417207559,0.0332922415599671,20.7041773761995
B06X3Q9B5X,2018Q4,APAGARD,5,0.00103044979133392,27.3692289603079,26.0743900777091,-24.7992896396148,27.3692289603079,27.3692289603079,,
B06X3Q9B5X,2019Q1,APAGARD,5,0.00199938019214044,27.6341342331748,26.4122492429574,-24.2898491668249,27.6341342331748,27.6341342331748,,
B06X3Q9B5X,2019Q3,APAGARD,5,0.000650283848900045,27.2121294700308,25.9419050946938,-24.8765285311047,27.2121294700308,27.2121294700308,,
B06X3Q9B5X,2019Q4,APAGARD,5,0.000728035178659833,26.9806532884816,25.8498941407368,-24.6051934926597,26.9806532884816,26.9806532884816,,
B06X3Q9B5X,2020Q1,APAGARD,5,0.000374185678417344,26.9289049770962,25.7875324630049,-24.8741944520309,27.2049296070989,27.2051856434385,0.000941139504275182,1.02596324127284
B06X3Q9B5X,2020Q2,APAGARD,5,0.000756827530358244,28.9327943487541,27.8252310377761,-26.4765742922266,27.4739232717238,27.4742448598682,0.00117052137466977,-5.04116357136019
B06X3Q9B5X,2020Q3,APAGARD,5,0.000669792364367046,28.7806437319718,27.6181797466781,-26.2800483683323,27.3258950214256,27.3261153774381,0.000806399981972788,-5.05384232569429
B06X3Q9B5X,2020Q4,APAGARD,5,0.000376287845150026,28.6047020248284,27.4820892870267,-26.4105646278362,27.2352941431667,27.2357164848631,0.00155071465068437,-4.78587589822479
B06X3Q9B5X,2021Q1,APAGARD,5,0.000350676630558663,29.2222118729916,28.0996291568433,-26.9809401348917,27.188543156026,27.1886039797086,0.000223710708588467,-6.95911692832045
B06X3Q9B5X,2021Q2,APAGARD,5,0.000416020102091333,27.0829473107703,25.900602563308,-24.8109158534761,27.2358554226629,27.2360556099573,0.000735013794462425,0.5653310085866
B06X3Q9B5X,2021Q3,APAGARD,5,0.000408409978272589,26.3683679679709,25.2242708080953,-24.1987441029096,27.180135933145,27.1805338247766,0.00146390596654065,3.08007631641158
B06X3Q9B5X,2021Q4,APAGARD,5,0.000816819956545178,24.8004341398144,23.653284562645,-22.1798881515102,27.1724292992214,27.1727847064768,0.00130797011728168,9.5657622495158
B06X3Q9B5X,2022Q1,APAGARD,5,0.000348850189774503,24.5034627772154,23.3775739874766,-22.6027423850229,27.1690338600811,27.1691896145651,0.000573279435491069,10.8789800918603
B06X3Q9B5X,2022Q2,APAGARD,5,0.000744213738185607,23.6148923920293,22.4224243278486,-21.5062674871027,27.2178726809366,27.2179751848569,0.000376605187244166,15.2576718666047
B06X3Q9B5X,2022Q3,APAGARD,5,0.000384938140440831,23.3477681743196,22.1564997539891,-21.5468865043167,27.1805519721622,27.180722802309,0.0006285013893392,16.4167923862003
B06XKVPDZR,2018Q1,Parodontax,1,0.00163363991309036,5.4154201315278,2.17427248730528,-3.94899136297795,5.4154201315278,5.4154201315278,,
B06XKVPDZR,2018Q2,Parodontax,1,0.00142509013695116,5.42295265678159,2.82990612151553,-4.66603245554261,5.42295265678159,5.42295265678159,,
B06XKVPDZR,2019Q1,Parodontax,1,0.00199938019214044,5.37163485852912,2.1170899923446,-4.29216947044128,5.37163485852912,5.37163485852912,,
B06XKVPDZR,2019Q2,Parodontax,1,0.000778828330659356,5.35157585704437,2.09075817662051,-4.7861628813173,5.35157585704437,5.35157585704437,,
B07172V55N,2019Q4,Crest,3,0.000728035178659833,6.69675596430169,3.42141712470422,-6.0896970153962,6.69675596430169,6.69675596430169,,
B07172V55N,2020Q1,Crest,3,0.000374185678417344,6.67285714285714,3.3948510367391,-6.17103601553481,6.69613808464765,6.69613980983179,2.57638674770584e-05,0.348916011180811
B07172V55N,2020Q4,Crest,3,0.000376287845150026,6.61536146036209,3.34456019853413,-6.1021551621574,6.76715165801294,6.76715631032708,6.87484835395429e-05,2.29458134486702
B07172V55N,2021Q1,Crest,3,0.000701353261117326,6.31652980388735,3.0325341164682,-5.77740441034386,6.70146429074226,6.70146494717532,9.7953674648455e-06,6.09409209232363
B07172V55N,2021Q4,Crest,3,0.000408409978272589,5.52564029682347,2.26162994605472,-5.066699641222,6.68578490275582,6.68579183094249,0.000103625629132411,20.9957845932526
B07172V55N,2022Q3,Crest,3,0.000384938140440831,7.80479334779955,4.53675860669586,-7.18757591225734,6.69119108901639,6.69119223715068,1.71588925985477e-05,-14.2681690728279
B071CDW6DH,2018Q2,Other,1,0.00142509013695116,11.8769602976679,10.7097860556577,-10.219208193309,11.8769602976679,11.8769602976679,,
B071CDW6DH,2018Q3,Other,1,0.000999690096070218,12.7201485831661,11.5532455330133,-10.9463844123569,12.7201485831661,12.7201485831661,,
B071CDW6DH,2018Q4,Other,1,0.00103044979133392,13.7732836884487,12.6552522808193,-12.3582999243978,13.7732836884487,13.7732836884487,,
B071CDW6DH,2020Q1,Other,1,0.000374185678417344,6.50173633006209,5.3900038650234,-5.98394090947636,12.7349087927171,12.7349158052138,5.50651503249538e-05,95.8694594601039
B071CDW6DH,2021Q4,Other,1,0.000408409978272589,10.7542999262281,9.67289369254778,-9.97012271095472,12.7093035833126,12.7093132631361,7.61632879810144e-05,18.178899140985
B071RC4QPM,2018Q3,Crest,3,0.000999690096070218,11.628971441968,8.34460818464864,-10.5157304329213,11.628971441968,11.628971441968,,
B071RC4QPM,2018Q4,Crest,3,0.00206089958266784,12.1736999369002,8.89780217466221,-10.4082687124438,12.1736999369002,12.1736999369002,,
B071RC4QPM,2019Q1,Crest,3,0.000999690096070218,11.7149495628783,8.44939926230141,-10.388628967127,11.7149495628783,11.7149495628783,,
B071RC4QPM,2019Q2,Crest,3,0.000778828330659356,11.4672130338188,8.17790483370069,-10.4825319062432,11.4672130338188,11.4672130338188,,
B071RC4QPM,2019Q3,Crest,3,0.000650283848900045,10.2052795130609,6.92237636311622,-9.3484011586052,10.2052795130609,10.2052795130609,,
B0744Q3XKP,2019Q4,hello,5,0.00145607035731967,5.60804925045206,4.31602695794872,-4.959543561188,5.60804925045206,5.60804925045206,,
B0744Q3XKP,2020Q1,hello,5,0.000374185678417344,3.72625361309319,2.36284623468748,-3.44193560891155,5.54531085028975,5.56110112474158,0.28475003256137,49.2410797053953
B0744Q3XKP,2020Q2,hello,5,0.000756827530358244,4.30121991889379,3.05913533236016,-3.93607224235153,5.45112358053753,5.46012526717672,0.165134517796138,26.943643202066
B074F55XJP,2019Q2,Crest,3,0.000778828330659356,6.52131921377538,3.23201101365727,-5.96133834154751,6.52131921377538,6.52131921377538,,
B074F55XJP,2019Q3,Crest,3,0.000650283848900045,4.55853360464935,1.27563045470467,-4.17577987714156,4.55853360464935,4.55853360464935,,
B074F55XJP,2020Q1,Crest,3,0.000748371356834689,4.70468051935528,1.42667441323724,-4.28145268658303,5.52854169305423,5.52854341823837,3.12050489460668e-05,17.5115588719292
B074F55XJP,2020Q2,Crest,3,0.000378413765179122,4.85991985376828,1.58885766046725,-4.48289394455627,5.51133526953381,5.5113355796911,5.62762515624378e-06,13.4038368023235
B074F55XJP,2020Q3,Crest,3,0.000334896182183523,4.78580522082947,1.52560365119217,-4.40187119667583,5.51262486335038,5.51262522508414,6.5619150610471e-06,15.1869950973203
B075S725W7,2018Q1,Crest,3,0.00163363991309036,4.36,1.07024567256217,-3.86552092674283,4.36,4.36,,
B075S725W7,2018Q2,Crest,3,0.00142509013695116,5.66598970461578,2.39409927708615,-4.96431559890387,5.66598970461578,5.66598970461578,,
B075S725W7,2018Q3,Crest,3,0.000999690096070218,5.65647173326327,2.37210847594391,-5.11497790198112,5.65647173326327,5.65647173326327,,
B075S725W7,2019Q1,Crest,3,0.000999690096070218,4.89346264113545,1.62791234055856,-4.33944401300207,4.89346264113545,4.89346264113545,,
B075S725W7,2019Q2,Crest,3,0.00311531332263742,4.87502396143787,1.58571576131976,-4.08461832296853,4.87502396143787,4.87502396143787,,
B075S725W7,2019Q3,Crest,3,0.000650283848900045,4.36713918028312,1.08423603033844,-4.00045573670955,4.36713918028312,4.36713918028312,,
B075S725W7,2020Q1,Crest,3,0.000374185678417344,6.70341500499755,3.42540889887951,-6.1992958244576,4.96377388860152,4.96377561378566,3.47554941066691e-05,-25.9515394752518
B0762LYF5D,2018Q3,Sensodyne,1,0.000999690096070218,14.5655076095836,11.978654237895,-12.5344169066244,14.5655076095836,14.5655076095836,,
B0762LYF5D,2018Q4,Sensodyne,1,0.00103044979133392,16.1559673935404,13.2786503566926,-14.4962011336203,16.1559673935404,16.1559673935404,,
B0762LYF5D,2019Q3,Sensodyne,1,0.000650283848900045,14.3948577153213,11.1399621917223,-12.8745636416262,14.3948577153213,14.3948577153213,,
B0762LYF5D,2020Q3,Sensodyne,1,0.000334896182183523,14.8726658202762,11.6921824253886,-13.8160627461637,15.6622527536176,15.6622560214963,2.08646783715571e-05,5.30900250675708
B0762LYF5D,2020Q4,Sensodyne,1,0.000376287845150026,14.65049093369,11.6225980137058,-13.5749779839435,15.3605824366706,15.3605857375462,2.14892604571199e-05,4.84690108386234
B0762LYF5D,2021Q2,Sensodyne,1,0.000416020102091333,13.8044992405063,10.5107223304315,-12.7944685719266,15.4358258045405,15.4358266695256,5.60375010019389e-06,11.8173604170482
B0762LYF5D,2021Q3,Sensodyne,1,0.00122522993481777,12.6733114555182,9.38766329860623,-11.3705668111047,15.4571906002435,15.4571964452872,3.78143988932186e-05,21.9665160091746
B0762LYF5D,2021Q4,Sensodyne,1,0.00408409978272589,12.2161835291885,9.05226682345333,-9.95441286206966,15.3772433767256,15.3772466528948,2.13053089403569e-05,25.8760284351774
B0762LYF5D,2022Q1,Sensodyne,1,0.00244195132842152,13.659006621123,10.3741556962039,-11.6655387928922,15.4081392646691,15.4081403670125,7.15429320842539e-06,12.8057170950088
B0762LYF5D,2022Q2,Sensodyne,1,0.000744213738185607,13.5560687095869,10.2733949127994,-12.3703767990861,15.4091592273634,15.4091596855373,2.97338673891286e-06,13.6698257854052
B0762LYF5D,2022Q3,Sensodyne,1,0.000769876280881662,13.4412081850351,10.165507459442,-12.2024464535507,15.4126085420487,15.4126099586252,9.19102356306238e-06,14.6668494859336
B0762LYFKP,2018Q3,SENSODYNE PRONAMEL,1,0.00299907028821066,14.3685827752972,11.7817294036086,-10.0947893870816,14.3685827752972,14.3685827752972,,
B0762LYFKP,2018Q4,SENSODYNE PRONAMEL,1,0.00412179916533567,14.5342137474709,11.6568967106231,-11.1972684241798,14.5342137474709,14.5342137474709,,
B0762LYFKP,2019Q1,SENSODYNE PRONAMEL,1,0.00199938019214044,15.1902577213088,11.9357128551243,-12.1376754296716,15.1902577213088,15.1902577213088,,
B0762LYFKP,2019Q2,SENSODYNE PRONAMEL,1,0.00155765666131871,16.4177864903682,13.1569688099443,-13.9410105517038,16.4177864903682,16.4177864903682,,
B0762LYFKP,2019Q3,SENSODYNE PRONAMEL,1,0.000650283848900045,14.3727402799984,11.1178447563994,-12.8547821103123,14.3727402799984,14.3727402799984,,
B0762LYFKP,2019Q4,SENSODYNE PRONAMEL,1,0.0021841055359795,14.7797016587403,11.8896121584884,-12.1318261838824,14.7797016587403,14.7797016587403,,
B0762LYFKP,2020Q1,SENSODYNE PRONAMEL,1,0.00187092839208672,14.6775210181786,11.7756665077622,-12.3818590267355,14.9495617005601,14.9495637463849,1.36848480086531e-05,1.85346509038815
B0762LYFKP,2020Q2,SENSODYNE PRONAMEL,1,0.00264889635625386,14.9088454655949,11.9420917793609,-12.3529985439769,16.6751252981215,16.675138043448,7.64331677840264e-05,11.8472794015419
B0762LYFKP,2020Q3,SENSODYNE PRONAMEL,1,0.00368385800401875,14.685491943483,11.5050085485954,-12.0861847683961,15.4529579405634,15.4529612084421,2.11472695088661e-05,5.22603715226337
B0762LYFKP,2020Q4,SENSODYNE PRONAMEL,1,0.00338659060635023,14.299593741792,11.2717008218078,-11.7668460984063,15.1512876234094,15.1512909242849,2.17861059163258e-05,5.95609356371976
B0762LYFKP,2021Q1,SENSODYNE PRONAMEL,1,0.00175338315279331,13.6927909656996,10.6429174458721,-11.4210461684725,15.2044206600518,15.2044215760876,6.02479907162989e-06,11.0396091941713
B0762LYFKP,2021Q2,SENSODYNE PRONAMEL,1,0.00208010051045667,13.4229873788734,10.1292104687986,-11.7579634604923,15.2265309910849,15.22653185607,5.68077590683092e-06,13.4362375996509
B0762LYFKP,2021Q3,SENSODYNE PRONAMEL,1,0.00326727982618071,13.8273672778444,10.5417191209324,-11.4300900449886,15.2478957902089,15.2479016352527,3.83334447812187e-05,10.2733537691182
B0762LYFKP,2021Q4,SENSODYNE PRONAMEL,1,0.00449250976099848,14.3656598826833,11.2017431769481,-11.526787063726,15.1679485668067,15.1679518429759,2.15992900654441e-05,5.58479016518911
B0762LYFKP,2022Q1,SENSODYNE PRONAMEL,1,0.00209310113864702,14.0492678468887,10.7644169219696,-12.1704400104904,15.1988444529329,15.1988455552763,7.25281099080021e-06,8.1824741396914
B0762LYFKP,2022Q2,SENSODYNE PRONAMEL,1,0.00260474808364962,12.5913616604281,9.30868786364059,-10.6395657436787,15.1998644126084,15.1998648707823,3.01432883103861e-06,20.7166093763486
B0762LYFKP,2022Q3,SENSODYNE PRONAMEL,1,0.00230962884264499,12.8255888864577,9.54988816086462,-10.8300697618297,15.2033137284336,15.2033151450101,9.31755080707562e-06,18.5389246419943
B0762PS6DN,2018Q2,SENSODYNE PRONAMEL,1,0.00142509013695116,16.3430561182175,13.7500095829514,-14.0619391495138,16.3430561182175,16.3430561182175,,
B0762PS6DN,2018Q3,SENSODYNE PRONAMEL,1,0.000999690096070218,15.5726332131171,12.9857798414285,-13.4011036387585,15.5726332131171,15.5726332131171,,
B0762PS6DN,2018Q4,SENSODYNE PRONAMEL,1,0.00206089958266784,15.482255015535,12.6049379786872,-13.2370167912403,15.482255015535,15.482255015535,,
B0762PS6DN,2019Q1,SENSODYNE PRONAMEL,1,0.000999690096070218,16.0603443882066,12.8057995220221,-13.9612222915798,16.0603443882066,16.0603443882066,,
B0762PS6DN,2020Q1,SENSODYNE PRONAMEL,1,0.00224511407050407,11.7318119482972,8.82995743788082,-9.6717241785208,16.0630659773749,16.0630680231997,1.27362036364062e-05,36.9189013086012
B0762PS6DN,2020Q2,SENSODYNE PRONAMEL,1,0.000378413765179122,16.6792449381327,13.7124912518987,-15.4065749590954,17.7886295806786,17.7886423260051,7.16487261880258e-05,6.65136456708575
B0762PS6DN,2020Q3,SENSODYNE PRONAMEL,1,0.000669792364367046,16.4464505358796,13.265967140992,-15.1037822271049,16.5664622233236,16.5664654912023,1.97258691502976e-05,0.729731652801835
B0762PS6DN,2020Q4,SENSODYNE PRONAMEL,1,0.000752575690300052,14.6659233779373,11.6380304579531,-13.3991542392361,16.2647919046515,16.2647952055271,2.0294606833421e-05,10.901951322036
B0762PS6DN,2021Q1,SENSODYNE PRONAMEL,1,0.000350676630558663,13.9643461583698,10.9144726385423,-12.8256955136513,16.317924940417,16.3179258564528,5.61367819816738e-06,16.8542062148203
B0762PS6DN,2021Q3,SENSODYNE PRONAMEL,1,0.00122522993481777,12.4188779039733,9.13322974706133,-11.1422875877161,16.3614000668311,16.3614059118748,3.5724593773208e-05,31.7462498495145
B0762PS6DN,2021Q4,SENSODYNE PRONAMEL,1,0.000408409978272589,17.467862892727,14.3039461869918,-16.1941491062453,16.2814528517061,16.2814561278753,2.0122093768524e-05,-6.79193998795191
B0762PS6DN,2022Q1,SENSODYNE PRONAMEL,1,0.000348850189774503,15.0176927510764,11.7328418261573,-13.9264814176646,16.3123487348506,16.3123498371941,6.75772372743501e-06,8.62087876997535
B0762PS6DN,2022Q2,SENSODYNE PRONAMEL,1,0.000372106869092803,12.6423259746774,9.35965217788989,-11.7073403163503,16.3133686924821,16.313369150656,2.80857932677172e-06,29.037719667502
B076B2HSC6,2018Q3,hello,5,0.000999690096070218,19.0992600730851,17.8773750828677,-17.3663091148896,19.0992600730851,19.0992600730851,,
B076B2HSC6,2020Q1,hello,5,0.000374185678417344,18.51602310836,17.1526157299543,-17.1032264277873,19.1066589768508,19.1224492513026,0.0826427816132884,3.2751425043795
B076B2HSC6,2020Q3,hello,5,0.000334896182183523,16.2525945299369,15.0901305446432,-15.0553275837903,19.0066685197698,19.0190045056869,0.064903462193839,17.0213437039502
B076B2HSC6,2021Q2,hello,5,0.000416020102091333,16.5470872889808,15.3966316266675,-15.1589258597332,19.0080981641609,19.0249356118325,0.0885803909796472,14.9745286259642
B076B2HSC6,2021Q3,hello,5,0.000408409978272589,20.8574703026926,19.6840617813478,-19.1412903180801,19.1275724286884,19.1623409202819,0.181771585093358,-8.12720506279169
B076B8PX14,2018Q2,hello,5,0.00142509013695116,4.79364888681078,3.66581071992826,-4.25029851584205,4.79364888681078,4.79364888681078,,
B076B8PX14,2018Q3,hello,5,0.000999690096070218,4.76629611822159,3.54441112800417,-4.33383133196763,4.76629611822159,4.76629611822159,,
B076B8PX14,2018Q4,hello,5,0.00412179916533567,4.91131434894106,3.61647546634222,-3.95728136451852,4.91131434894106,4.91131434894106,,
B076B8PX14,2019Q1,hello,5,0.000999690096070218,3.69503308111704,2.5573506672255,-3.35976820205979,3.69503308111704,3.69503308111704,,
B076B8PX14,2019Q2,hello,5,0.000778828330659356,4.67037808590582,3.51432267147823,-4.21399493190401,4.67037808590582,4.67037808590582,,
B076B8PX14,2019Q4,hello,5,0.0021841055359795,4.58450202412801,3.29247973162467,-3.92784699189194,4.58450202412801,4.58450202412801,,
B076B8PX14,2020Q1,hello,5,0.00149674271366938,4.64259524865684,3.27918787025113,-4.06755480032996,4.59442562560422,4.61021590005605,0.343683318407261,-0.697440695700557
B076B8PX14,2020Q2,hello,5,0.000378413765179122,4.66655402619027,3.42446943965664,-4.32743142561741,4.50023835398939,4.50924004062858,0.200026885936196,-3.37109534527597
B076B8PX14,2020Q3,hello,5,0.00100468854655057,4.63138524385507,3.46892125856137,-4.16776949821207,4.49443516998807,4.50677115590512,0.274472440929065,-2.6906439734266
B076B8PX14,2020Q4,hello,5,0.00112886353545008,4.59072289133583,3.18611901476953,-4.08932015177854,4.67307558143461,4.68743275509328,0.307231787898097,2.10663692944693
B076B8PX14,2021Q1,hello,5,0.000701353261117326,4.55901484183169,3.37144211742785,-4.1352667562604,4.45751887900747,4.48028384151951,0.510709278635909,-1.72693011634391
B076B8PX14,2021Q2,hello,5,0.000416020102091333,4.46901081951089,3.31855515719758,-4.09409840512684,4.49586481748351,4.51270226515512,0.374509651761076,0.97765361080524
B076B8PX14,2021Q3,hello,5,0.000408409978272589,4.39776932891418,3.22436080756933,-4.03591510643683,4.61533907224909,4.6501075638426,0.753324751426439,5.73786881611467
B076B8PX14,2022Q1,hello,5,0.000348850189774503,4.24538787153768,3.14079247958617,-3.91607542400469,4.47014420694721,4.49972785990205,0.661805337484709,5.99097175712813
B076B8PX14,2022Q2,hello,5,0.000744213738185607,4.19964977025594,3.10160277506297,-3.82465394344793,4.4661641522272,4.48312875842414,0.379847350404272,6.75006259274138
B076B8PX14,2022Q3,hello,5,0.000384938140440831,2.9447274360887,1.820496290523,-2.71759199328266,4.50405471887519,4.53021451654447,0.580805503087046,53.8415563024629
B077H52NGB,2020Q2,Other,5,0.00113524129553737,41.7530948869574,40.1436836298685,-37.6981563700302,41.578981900754,41.5793285744055,0.000833771380929839,-0.416175885936931
B077H52NGB,2020Q4,Other,5,0.000376287845150026,40.8362571314087,39.397899330312,-37.703892429709,40.7193951072247,40.7204255284341,0.00253054154353343,-0.283648921598834
B077H52NGB,2021Q3,Other,5,0.000408409978272589,39.3467431470961,37.7691646331019,-36.1092415676252,39.2594705348802,39.2627656142112,0.00839308143007985,-0.213429438291735
B0788C493C,2018Q4,Parodontax,1,0.00103044979133392,17.1131572008836,14.2358401640358,-15.3550550562796,17.1131572008836,17.1131572008836,,
B0788C493C,2019Q4,Parodontax,1,0.000728035178659833,15.4741514261827,12.5840619259308,-13.9264691420938,15.4741514261827,15.4741514261827,,
B0788C493C,2020Q1,Parodontax,1,0.000748371356834689,14.6723955531458,11.7705410427294,-13.2223031249588,16.4363852945177,16.4363873403425,1.24469264988808e-05,12.022520663427
B0788C493C,2020Q3,Parodontax,1,0.000334896182183523,15.4024563773456,12.221972982458,-14.30821524036,16.9397815358979,16.9397848037765,1.9291150013869e-05,9.98106009046762
B0788C493C,2020Q4,Parodontax,1,0.000376287845150026,15.2860736634667,12.2581807434825,-14.1639017000664,16.6381112186925,16.638114519568,1.98392445268348e-05,8.84491914580183
B0788C493C,2021Q1,Parodontax,1,0.000350676630558663,15.1510453892986,12.1011718694711,-13.9156314712367,16.6912442559401,16.6912451719759,5.48812168060812e-06,10.1656337440925
B0788C493C,2021Q2,Parodontax,1,0.000832040204182666,14.8256188804936,11.5318419704188,-13.5523093193879,16.7133545868492,16.7133554518343,5.17541286815215e-06,12.7329360518263
B0788C493C,2021Q3,Parodontax,1,0.000816819956545178,14.0316582905682,10.7460101336562,-12.78734739468,16.7347193833035,16.7347252283472,3.49276470023705e-05,19.2640590428
B0788C493C,2021Q4,Parodontax,1,0.000816819956545178,15.3069027415144,12.1429860357792,-13.9998873919404,16.6547721620293,16.6547754381985,1.96710538833718e-05,8.805652713978
B0788C493C,2022Q1,Parodontax,1,0.000348850189774503,14.3618947914021,11.077043866483,-13.3183348634283,16.6856680462688,16.6856691486123,6.60652873349006e-06,16.1801377252903
B0788C493C,2022Q3,Parodontax,1,0.000384938140440831,13.5761216179562,10.3004208923631,-12.5402005949875,16.6901373234013,16.6901387399778,8.48750644501719e-06,22.9374574687286
B0788C5QSZ,2020Q2,Parodontax,1,0.000378413765179122,17.8908570300467,14.9241033438127,-16.5257378819171,19.6761011928937,19.6761139382202,6.47756706446418e-05,9.9785991536085
B0788C5QSZ,2020Q3,Parodontax,1,0.000334896182183523,15.6495830721124,12.4690996772248,-14.5377852422957,15.9989301690923,15.9989334369709,2.04256073779196e-05,2.2323301729428
B0788C5QSZ,2021Q3,Parodontax,1,0.00122522993481777,13.255326536201,9.96967837928903,-11.8927540376399,13.2944467235443,13.294452568588,4.39660546319186e-05,0.295172150456957
B0788C5QSZ,2021Q4,Parodontax,1,0.00285886984790812,12.9178986262911,9.75398192055593,-11.0094581034886,12.9988030392956,12.9988063154648,2.52036221815323e-05,0.626322372657762
B0788C5QSZ,2022Q1,Parodontax,1,0.00139540075909801,13.1222033314647,9.83735240654562,-11.6879004668334,13.1130694130287,13.1130705153721,8.40644875914175e-06,-0.0695981906535081
B0788C5QSZ,2022Q2,Parodontax,1,0.000372106869092803,12.3874627101363,9.10478891334879,-11.4713259169356,12.3815258827506,12.3815263409245,3.70046389763914e-06,-0.0479223982400634
B0788C5QSZ,2022Q3,Parodontax,1,0.000769876280881662,11.3773277420398,8.10162701644672,-10.3287763008765,11.3818132990214,11.3818147155979,1.24459648369711e-05,0.0394378509596116
B078HQ48JX,2019Q3,Sensodyne,1,0.000650283848900045,5.74521421050579,2.49031868690678,-5.13844092458131,5.74521421050579,5.74521421050579,,
B078HQ48JX,2020Q1,Sensodyne,1,0.000748371356834689,5.50452862054955,2.60267411013317,-4.96050871292878,5.51675293878288,5.51675498460767,3.70838574841274e-05,0.222114642341564
B078HQ48JX,2020Q2,Sensodyne,1,0.000378413765179122,5.50885734627026,2.54210366003624,-5.08851713366456,7.24231653601277,7.24232928133927,0.000175984112783332,31.4669962590816
B078HQ48JX,2020Q3,Sensodyne,1,0.000669792364367046,5.49239148307547,2.31190808818791,-5.0439992924553,6.0201491786311,6.02015244650976,5.4282353573267e-05,9.60894657747102
B078HQ48JX,2020Q4,Sensodyne,1,0.000376287845150026,5.46818895278485,2.44029603280069,-5.06676158376361,5.71847886208874,5.71848216296431,5.7722965285724e-05,4.57725971689384
B078HQ48JX,2021Q1,Sensodyne,1,0.000350676630558663,4.67133544523091,1.62146192540342,-4.2904354692431,5.77161189884373,5.77161281487953,1.58714032009879e-05,23.5538077397528
B078HQ48JX,2021Q2,Sensodyne,1,0.001248060306274,4.57835428186577,1.28457737179094,-4.1269068083718,5.79372223027072,5.79372309525582,1.4929695760905e-05,26.5459756621273
B078HQ48JX,2021Q3,Sensodyne,1,0.000816819956545178,4.85853146814689,1.57288331123492,-4.42768263199083,5.81508702911807,5.81509287416178,0.000100515154508974,19.6882826073314
B078HQ48JX,2022Q3,Sensodyne,1,0.000384938140440831,5.45503055948937,2.1793298338963,-5.03878643642278,5.77050496906576,5.77050638564224,2.4548570508124e-05,5.78320914452213
B0791V11PS,2018Q4,Crest,3,0.00103044979133392,19.4776694220765,16.2017716598385,-17.4766516098243,19.4776694220765,19.4776694220765,,
B0791V11PS,2019Q2,Crest,3,0.000778828330659356,11.6914867581197,8.40217855800159,-10.6875474112123,11.6914867581197,11.6914867581197,,
B0791V11PS,2019Q4,Crest,3,0.000728035178659833,14.0225424743832,10.7472036347857,-12.7514031435103,14.0225424743832,14.0225424743832,,
B0791V11PS,2020Q1,Crest,3,0.000748371356834689,13.9408631340405,10.6628570279225,-12.6867585743534,15.0584389093559,15.0584406345401,1.14565935651256e-05,8.01655887267607
B0791V11PS,2020Q2,Crest,3,0.000378413765179122,14.0287070206425,10.7576448273415,-12.9403791924736,15.0412324860543,15.0412327962116,2.06204703360865e-06,7.21752741773885
B0791V11PS,2020Q3,Crest,3,0.00133958472873409,14.250276299006,10.9900747293687,-12.2616413351391,15.0425220799922,15.042522441726,2.40474144574937e-06,5.55951425850763
B0791V11PS,2020Q4,Crest,3,0.000376287845150026,14.2975819723967,11.0267807105687,-13.1884046188541,15.1294524832749,15.129457135589,3.07500496117496e-05,5.81829266514005
B0791V11PS,2021Q1,Crest,3,0.00210405978335198,14.1443062907281,10.8603106033089,-12.2325763384923,15.0637651157224,15.0637657721555,4.35769575965207e-06,6.50056257640661
B0791V11PS,2021Q2,Crest,3,0.00166408040836533,13.0085451657269,9.73286034889084,-11.3302114181576,15.051951762556,15.051952238415,3.16144430147675e-06,15.7081906289708
B0791V11PS,2021Q4,Crest,3,0.00245045986963554,15.3401997679795,12.0761894172108,-12.3319803043165,15.0480857308682,15.0480926590549,4.60403189485579e-05,-1.90419364377759
B0791V11PS,2022Q1,Crest,3,0.000697700379549007,18.3792923151606,15.125653462122,-16.3387477790496,15.0528277654743,15.0528287235165,6.364533123257e-06,-18.0989753827476
B0791V11PS,2022Q2,Crest,3,0.00111632060727841,15.3305805068404,12.0664500959653,-13.4938309081245,15.0490317958685,15.0490321523993,2.36912745829225e-06,-1.83651463371195
B0791V11PS,2022Q3,Crest,3,0.000384938140440831,15.1034286032366,11.8353938621329,-13.9090216465152,15.0534919137656,15.0534930618999,7.62702965010948e-06,-0.330623877852565
B0795VHRJZ,2019Q4,Colgate,2,0.000728035178659833,11.458033326204,9.15568715069021,-10.4622995142186,11.458033326204,11.458033326204,,
B0795VHRJZ,2020Q3,Colgate,2,0.000334896182183523,12.5415873691707,10.1108763639423,-11.6332129970796,11.5219551648361,11.5227473445117,0.0068753927982808,-8.1236927564964
B0795VHRJZ,2021Q1,Colgate,2,0.000701353261117326,12.2248834538984,9.4302163938789,-11.2132381540473,11.974851309968,11.9753902746427,0.0045008047351555,-2.04086345850681
B0795VHRJZ,2021Q3,Colgate,2,0.000408409978272589,12.7739659147317,10.3599426252836,-11.870493454841,12.136027528928,12.1383300941208,0.0189729727231339,-4.97602565134364
B0795VHRJZ,2022Q1,Colgate,2,0.000348850189774503,12.9854383285734,10.2084994324972,-12.0733338330281,12.1863657849265,12.1868871085525,0.00427792530800022,-6.14959002395568
B0795Z8SWZ,2018Q2,Colgate,2,0.00142509013695116,13.8524021499888,10.5470621847093,-11.9189235292782,13.8524021499888,13.8524021499888,,
B0795Z8SWZ,2018Q3,Colgate,2,0.000999690096070218,7.9051916692541,4.61412774937429,-6.97249752584798,7.9051916692541,7.9051916692541,,
B0795Z8SWZ,2019Q3,Colgate,2,0.000650283848900045,4.51406071883723,2.29291595136249,-4.14556557128245,4.51406071883723,4.51406071883723,,
B0795Z8SWZ,2019Q4,Colgate,2,0.00145607035731967,7.68969763692484,5.38735146141105,-6.81801215536661,7.68969763692484,7.68969763692484,,
B0795Z8SWZ,2020Q1,Colgate,2,0.00112255703525203,7.92456871063719,5.62337512303624,-7.09475193081843,7.94863338928776,7.95054811804996,0.0240887793966935,0.327833707566927
B0795Z8SWZ,2020Q2,Colgate,2,0.00189206882589561,7.76061652468719,5.18967459506573,-6.74413975268699,8.21998868816701,8.22086600610257,0.0106729822733312,5.93057883933941
B0795Z8SWZ,2020Q3,Colgate,2,0.00100468854655057,7.84294989788798,5.41223889265953,-7.0869572415158,8.07663234985494,8.07742452953056,0.00980829188836992,2.98962296961409
B0795Z8SWZ,2020Q4,Colgate,2,0.000376287845150026,9.423623074535,7.21196417953073,-8.72667008653426,8.04354896739129,8.04627024375336,0.0338317871017187,-14.6159584258373
B0795Z8SWZ,2021Q1,Colgate,2,0.000701353261117326,8.41335975534159,5.61869269532208,-7.71712932627081,8.52952849517616,8.53006745985095,0.00631880971019298,1.3871712122528
B0795Z8SWZ,2021Q2,Colgate,2,0.000832040204182666,10.1823889095599,7.58546699755748,-9.23555084208622,8.41328160927266,8.41391714915002,0.00755400694839555,-17.3679455392784
B0795Z8SWZ,2021Q3,Colgate,2,0.000408409978272589,13.7347584799515,11.3207351905034,-12.7633314295963,8.69070472476855,8.69300728996129,0.026494573980577,-36.7079712202411
B0795Z8SWZ,2021Q4,Colgate,2,0.000816819956545178,16.5560373332796,13.8348924170709,-15.1256798197924,9.15952484612608,9.16072423895545,0.0130944874272166,-44.6683765290786
B0795Z8SWZ,2022Q1,Colgate,2,0.00104655056932351,11.9671881355374,9.19024923946123,-10.8922220992462,8.74104297635788,8.74156429998392,0.00596408949649499,-26.9538992704123
B0795Z8SWZ,2022Q2,Colgate,2,0.000372106869092803,10.2361073455725,7.87330642916037,-9.49459844181714,8.33774512297233,8.33820490969376,0.00551452118829341,-18.5412517845434
B0795Z8SWZ,2022Q3,Colgate,2,0.000384938140440831,9.26450064419882,6.32231294626419,-8.5890233666838,8.80485221051993,8.80603209722364,0.0134004146292769,-4.9486590220301
B07961C65H,2018Q3,Colgate,2,0.00299907028821066,11.1061373699479,7.81507345006809,-8.51774690366395,11.1061373699479,11.1061373699479,,
B07961C65H,2018Q4,Colgate,2,0.00309134937400175,11.3148079287856,9.15323065948746,-8.83933997686457,11.3148079287856,11.3148079287856,,
B07961C65H,2019Q1,Colgate,2,0.00299907028821066,11.4073287229447,9.02752369355376,-9.36075241156327,11.4073287229447,11.4073287229447,,
B07961C65H,2019Q2,Colgate,2,0.00311531332263742,10.8225394244335,8.68694623440976,-8.72361604205182,10.8225394244335,10.8225394244335,,
B07961C65H,2019Q3,Colgate,2,0.00260113539560018,10.6511221515168,8.42997738404206,-9.10471123802906,10.6511221515168,10.6511221515168,,
B07961C65H,2019Q4,Colgate,2,0.00145607035731967,12.4623830252778,10.160036849764,-11.0496774987837,12.4623830252778,12.4623830252778,,
B07961C65H,2020Q1,Colgate,2,0.00149674271366938,10.6014254818759,8.30023189427494,-9.33487326181693,11.1170670971372,11.1189818258994,0.0172233264895145,4.88195049720746
B07961C65H,2020Q2,Colgate,2,0.000378413765179122,10.6529443194601,8.08200238983864,-9.8587246833361,11.3884223965407,11.3892997144763,0.00770359497574142,6.91222419769004
B0799HHLC2,2019Q3,Other,5,0.000650283848900045,9.69504898022852,7.98295669565606,-8.86292867424166,9.69504898022852,9.69504898022852,,
B0799HHLC2,2019Q4,Other,5,0.00145607035731967,9.62657636502244,7.98253027693753,-8.51337473963572,9.62657636502244,9.62657636502244,,
B0799HHLC2,2020Q1,Other,5,0.000748371356834689,9.6114025334068,8.27649716521455,-8.72566547061391,9.45420592994796,9.45553840930653,0.0140940378117223,-1.62165847865107
B0799HHLC2,2020Q2,Other,5,0.000378413765179122,8.70380097415987,7.09438971707095,-8.07128807392128,9.41804175675476,9.41838843040633,0.00368095258567435,8.21006199898124
B0799HHLC2,2021Q1,Other,5,0.000350676630558663,8.44730130981284,6.90165807865159,-7.79941408720336,9.47090315663587,9.47132820794499,0.00448797017646314,12.1225331093918
B0799HHLC2,2021Q3,Other,5,0.000408409978272589,8.16684703331362,6.58926851931936,-7.49486815895534,9.47304938497056,9.47634446430156,0.034783723773624,16.0343082911476
B0799HHLC2,2022Q1,Other,5,0.000348850189774503,8.64830192682986,6.20142010077627,-7.97745781064853,10.5178085240836,10.5214294258499,0.0344263898514389,21.6589050066468
B079Z4VJS7,2018Q3,hello,5,0.000999690096070218,15.8202895937328,14.5984046035154,-14.3848525189205,15.8202895937328,15.8202895937328,,
B079Z4VJS7,2019Q1,hello,5,0.000999690096070218,15.7359142147838,14.5982318008923,-14.3081328498387,15.7359142147838,15.7359142147838,,
B079Z4VJS7,2019Q2,hello,5,0.000778828330659356,13.5300314928554,12.3739760784278,-12.207894755128,13.5300314928554,13.5300314928554,,
B079Z4VJS7,2020Q1,hello,5,0.000748371356834689,14.237626101294,12.8742187228883,-12.9255602419908,15.0861547212502,15.101944995702,0.104667324070255,6.07066717624698
B079Z4VJS7,2020Q2,hello,5,0.000756827530358244,8.26557800825869,7.02349342172506,-7.56388019649678,14.9919674475171,15.0009691341562,0.0600433977108451,81.4872368171685
B079Z4VJS7,2021Q1,hello,5,0.000350676630558663,11.8393766967343,10.6518039723305,-10.9313256394618,14.9492479686975,14.9720129312095,0.15228165697503,26.4594692332011
B07C1ZQ5ZY,2019Q2,Sensodyne,1,0.000778828330659356,10.517942349273,7.25712466884914,-9.40668442430122,10.517942349273,10.517942349273,,
B07C1ZQ5ZY,2019Q3,Sensodyne,1,0.000650283848900045,9.7099681685388,6.45507264493979,-8.68446257797741,9.7099681685388,9.7099681685388,,
B07C1ZQ5ZY,2020Q1,Sensodyne,1,0.00112255703525203,10.1177275525372,7.21587304212082,-8.92360189721081,9.8825329091013,9.88253495492609,2.07014215434322e-05,-2.32455950597452
B07C1ZQ5ZY,2020Q2,Sensodyne,1,0.00113524129553737,10.4939936062264,7.52723991999238,-9.36051354928302,11.6080965062985,11.608109251625,0.000109796868883258,10.6166983438751
B07C1ZQ5ZY,2020Q3,Sensodyne,1,0.00133958472873409,9.90666988570685,6.72618649081929,-8.88796907577001,10.3859291486577,10.3859324165363,3.1464480606485e-05,4.83777633007598
B07C1ZQ5ZY,2020Q4,Sensodyne,1,0.00188143922575013,10.0225206218021,6.99462770181794,-8.76704133312844,10.0842588323285,10.084262133204,3.27329516646386e-05,0.616027781151507
B07C1ZQ5ZY,2021Q1,Sensodyne,1,0.000350676630558663,9.66835055183953,6.61847703201204,-8.87999473020887,10.1373918702378,10.1373927862735,9.03620778127882e-06,4.85131597079682
B07C1ZQ5ZY,2021Q2,Sensodyne,1,0.00166408040836533,9.27583213020086,5.98205522012603,-8.24321183974735,10.1595022009974,10.1595030659825,8.51405004987761e-06,9.52659473972717
B07C1ZQ5ZY,2021Q4,Sensodyne,1,0.000816819956545178,9.56243317450482,6.39851646876965,-8.74592266617994,10.1009197750225,10.1009230511917,3.24343652129543e-05,5.63130603749016
B07C1ZQ5ZY,2022Q1,Sensodyne,1,0.00104655056932351,9.41120407697039,6.12635315205131,-8.49747424558345,10.1318156617517,10.1318167640952,1.08800189201859e-05,7.65696590182485
B07C1ZQ5ZY,2022Q2,Sensodyne,1,0.00223264121455682,9.97421089517955,6.69153709839204,-8.5628428855651,10.1328356259297,10.1328360841036,4.52167499979549e-06,1.59035326795289
B07C1ZQ5ZY,2022Q3,Sensodyne,1,0.00115481442132249,9.84422737687745,6.56852665128438,-8.78087030290188,10.1362849390847,10.1362863556612,1.39753025203189e-05,2.9668044794432
B07CHP3FPQ,2019Q2,Crest,3,0.000778828330659356,13.4423007411005,10.1529925409824,-12.2880202884813,13.4423007411005,13.4423007411005,,
B07CHP3FPQ,2019Q3,Crest,3,0.00260113539560018,11.6523734570666,8.36947030712192,-9.85192409586164,11.6523734570666,11.6523734570666,,
B07CHP3FPQ,2020Q1,Crest,3,0.000374185678417344,11.2790482160077,8.00104210988966,-10.4308261471539,12.5359523823465,12.5359541075307,1.376189130832e-05,11.1437230114783
B07CHP3FPQ,2020Q3,Crest,3,0.000334896182183523,12.376092301065,9.1158907314277,-11.3832389146037,12.5200355536891,12.5200359154228,2.88923910313487e-06,1.16307806095979
B07CHP3FPQ,2020Q4,Crest,3,0.000376287845150026,12.3607837691448,9.08998250731684,-11.4018592842045,12.6069659572347,12.6069706095488,3.6902726307014e-05,1.99167662020407
B07CHP3FPQ,2021Q1,Crest,3,0.000701353261117326,12.2005257064119,8.91653001899275,-11.1591923434539,12.5412785901886,12.5412792466217,5.23417966494525e-06,2.7929414552252
B07CHP3FPQ,2021Q4,Crest,3,0.000408409978272589,13.4901218321472,10.2261114813785,-12.3696787657847,12.5255992049439,12.5256061331306,5.53122174117882e-05,-7.14979235189835
B07CHP3FPQ,2022Q1,Crest,3,0.000348850189774503,12.9767813696877,9.72314251664914,-11.8642047306842,12.5303412322347,12.5303421902769,7.64577909843509e-06,-3.4402920623572
B07CHP3FPQ,2022Q2,Crest,3,0.000372106869092803,12.9266427219993,9.6625123111242,-11.8894731182651,12.5265452693095,12.5265456258403,2.84620170061226e-06,-3.09513540958405
B07CKG4T6Q,2019Q1,Crest,3,0.000999690096070218,10.3066789409291,7.04112864035221,-9.13979721602033,10.3066789409291,10.3066789409291,,
B07CKG4T6Q,2019Q2,Crest,3,0.000778828330659356,9.71861772217348,6.42930952205537,-8.88408718463808,9.71861772217348,9.71861772217348,,
B07CKG4T6Q,2019Q3,Crest,3,0.000650283848900045,9.69052879282601,6.40762564288133,-8.87687108211116,9.69052879282601,9.69052879282601,,
B07CKG4T6Q,2020Q1,Crest,3,0.000748371356834689,9.50764616453928,6.22964005842124,-8.65234887826683,9.90074222787872,9.90074395306286,1.74247960747814e-05,4.1345437316517
B07CKG4T6Q,2020Q2,Crest,3,0.000378413765179122,9.52427897358113,6.2532167802801,-8.78539848837745,9.88353580392307,9.88353611408036,3.1381207720228e-06,3.77201404427314
B07F2PGS2H,2018Q3,Other,5,0.00299907028821066,10.8740252924836,9.37418071574665,-9.22871759310879,10.8740252924836,10.8740252924836,,
B07F2PGS2H,2019Q1,Other,5,0.000999690096070218,10.7965072102764,9.14744322969729,-9.81689766291078,10.7965072102764,10.7965072102764,,
B07F2PGS2H,2019Q2,Other,5,0.000778828330659356,9.72101660051796,7.68919679969356,-8.77109174761648,9.72101660051796,9.72101660051796,,
B07F2PGS2H,2021Q1,Other,5,0.000350676630558663,14.0944960675409,12.5488528363797,-13.0134829041213,10.2250999296194,10.2255249809285,0.00415694039214484,-27.4502264435155
B07F2Q38TL,2020Q1,Tom's of Maine,4,0.000374185678417344,9.65176515762541,6.3726859228621,-8.76342825433972,9.6450244263308,9.64905846626948,0.0418250878417572,-0.0280434854322498
B07F2Q38TL,2021Q1,Tom's of Maine,4,0.000701353261117326,10.8485691250621,7.55618092463508,-9.21484175621078,10.8503981092804,10.851236554447,0.00772732169031894,0.0245878452181492
B07F2Q38TL,2021Q4,Tom's of Maine,4,0.000408409978272589,9.36264779932861,6.07775300870438,-8.0587875636728,9.53999202367589,9.54121062592226,0.0127736191324991,1.90718299375159
B07GT4XWXZ,2019Q2,Other,5,0.000778828330659356,9.04895722396586,7.01713742314146,-8.16470512224334,9.04895722396586,9.04895722396586,,
B07GT4XWXZ,2019Q3,Other,5,0.00130056769780009,9.11147307491215,7.39938079033969,-8.09817678383598,9.11147307491215,9.11147307491215,,
B07GT4XWXZ,2019Q4,Other,5,0.000728035178659833,9.62220160074237,7.97815551265746,-8.77503334260333,9.62220160074237,9.62220160074237,,
B07GT4XWXZ,2021Q1,Other,5,0.000350676630558663,7.50766823864344,5.96202500748219,-6.93184856026194,8.95305091144559,8.9534759627547,0.00474755827161203,19.2577465886066
B07H944RLG,2019Q4,Other,1,0.000728035178659833,7.73223701658533,6.61615638002728,-6.95887982772542,7.73223701658533,7.73223701658533,,
B07H944RLG,2020Q1,Other,1,0.000374185678417344,7.66975278688525,6.55802032184656,-7.05893704960113,7.71163722452388,7.71164423702055,9.09339543465485e-05,0.546190357099019
B07H944RLG,2020Q2,Other,1,0.000756827530358244,7.75089408237873,6.64353920812717,-7.03659151779963,7.68359851089554,7.68360036875853,2.41795948710175e-05,-0.868205821225021
B07H944RLG,2020Q3,Other,1,0.000334896182183523,7.66780071418655,6.58776723703444,-7.12305494337485,7.6831348145502,7.68313661447311,2.34269338571578e-05,0.200003897573686
B07H944RLG,2020Q4,Other,1,0.000752575690300052,7.61310166476996,6.51537822913847,-6.95552000487712,7.6917059579529,7.69171173089329,7.50540963120173e-05,1.03256293669511
B07H944RLG,2021Q1,Other,1,0.000350676630558663,7.57078503192595,6.4787126290965,-6.95346438118708,7.68666089291303,7.68666360551117,3.52896814293461e-05,1.53060182129807
B07JHV6LS2,2019Q2,Colgate,2,0.000778828330659356,9.6535211764291,7.51792798640537,-8.74781969753394,9.6535211764291,9.6535211764291,,
B07JHV6LS2,2020Q2,Colgate,2,0.000756827530358244,9.69990108278408,7.12895915316262,-8.83990572916539,10.0275523379215,10.028429655857,0.00874907361231234,3.38692704460715
B07JHV6LS2,2020Q3,Colgate,2,0.000334896182183523,9.60365791633121,7.17294691110276,-8.90807477579756,9.88419599950844,9.88498817918406,0.00801460913627855,2.92940737064829
B07JHV6LS2,2020Q4,Colgate,2,0.000752575690300052,9.54065135468406,7.32899245967979,-8.70614625659519,9.85111261482255,9.85383389118461,0.0276240508912054,3.28261168821344
B07JHV6LS2,2021Q1,Colgate,2,0.000701353261117326,10.8217473618122,8.02708030179269,-9.92621572782655,10.3370921462058,10.3376311108806,0.00521389059094794,-4.47354973966526
B07JHV6LS2,2021Q3,Colgate,2,0.00122522993481777,11.5303053887325,9.11628209928444,-10.4777343914061,10.4982683655212,10.5005709307139,0.0219328094173864,-8.93067809829941
B07JHV6LS2,2021Q4,Colgate,2,0.00122522993481777,12.0834423645446,9.36229744833591,-10.8827289861061,10.9670884874222,10.9682878802515,0.0109362920773922,-9.22878142378678
B07JHV6LS2,2022Q1,Colgate,2,0.000697700379549007,10.1169558196896,7.34001692361343,-9.30726205840753,10.5486066178997,10.5491279415257,0.00494210889573062,4.27176049335953
B07JHV6LS2,2022Q3,Colgate,2,0.000384938140440831,14.2554873642556,11.313299666321,-13.2161158790276,10.6124158644665,10.6135957511702,0.0111179840554057,-25.5472964201643
B07JW8WKH7,2019Q3,Other,5,0.000650283848900045,14.5474258472098,12.8353335626373,-13.2988289115999,14.5474258472098,14.5474258472098,,
B07JW8WKH7,2019Q4,Other,5,0.000728035178659833,14.4236801995128,12.7796341114279,-13.1537749805624,14.4236801995128,14.4236801995128,,
B07JW8WKH7,2020Q1,Other,5,0.000748371356834689,12.0159996211599,10.6810942529677,-10.9086673484792,14.2789462774487,14.2802787568072,0.00933177653779409,18.8438682343163
B07JW8WKH7,2020Q3,Other,5,0.000334896182183523,12.433521963715,10.951940779913,-11.5175915967866,14.1579759335331,14.1582951401232,0.00225460610768549,13.8719598633566
B07JWVR1PK,2019Q3,Colgate,2,0.00130056769780009,11.6018188500317,9.38067408255696,-10.4089465745133,11.6018188500317,11.6018188500317,,
B07JWVR1PK,2020Q1,Colgate,2,0.00112255703525203,9.99920235609789,7.69800876849693,-8.95214147456935,11.6189431329974,11.6208578617596,0.016479371146594,16.2178486634265
B07JWVR1PK,2020Q2,Colgate,2,0.000756827530358244,9.67599790659414,7.10505597697268,-8.81812181380962,11.8902984331652,11.8911757511007,0.00737843495257299,22.8935337304791
B07JWVR1PK,2020Q3,Colgate,2,0.00133958472873409,9.57650282677982,7.14579182155137,-8.53867270176055,11.7469420941442,11.7477342738199,0.00674370971845667,22.6724879250116
B07JWVR1PK,2020Q4,Colgate,2,0.000376287845150026,9.4832927293052,7.27163383430093,-8.78192668871777,11.7138587084074,11.7165799847695,0.0232312547881183,23.5497028217111
B07JWVR1PK,2021Q1,Colgate,2,0.00175338315279331,10.2248417929186,7.4301747328991,-9.03660553581268,12.1998382368775,12.2003772015523,0.00441780181279529,19.3209386379153
B07JWVR1PK,2021Q2,Colgate,2,0.001248060306274,11.9821419204289,9.38522000842648,-10.672999151056,12.0835913509479,12.0842268908253,0.00525952805663763,0.851975974531749
B07JWVR1PK,2021Q3,Colgate,2,0.00122522993481777,12.7415488523118,10.3275255628637,-11.5784066517534,12.3610144602213,12.363317025414,0.0186276393425909,-2.9684917530975
B07JWVR1PK,2022Q1,Colgate,2,0.00209310113864702,12.6681655588755,9.89122666279933,-11.1580638853128,12.4113527155851,12.4118740392112,0.00420037717070108,-2.02311470017663
B07JWVR1PK,2022Q2,Colgate,2,0.00297685495274243,11.6877574884108,9.32495657199868,-9.85991339851303,12.008054863872,12.0085146505935,0.00382898584864979,2.74438584562269
B07JWVR1PK,2022Q3,Colgate,2,0.00230962884264499,11.556001067423,8.61381336948837,-9.99336725181276,12.4751619545195,12.4763418412232,0.00945788686356313,7.96418041527085
B07JWVT19F,2020Q1,Colgate,2,0.000374185678417344,10.5495097782064,8.24831619060544,-9.75615143465721,10.4865852432952,10.4884999720574,0.0182588394388822,-0.578318873878247
B07JWVT19F,2020Q2,Colgate,2,0.00151365506071649,9.30245937192429,6.73151744230283,-8.21525627462923,9.24114179400613,9.24201911194168,0.00949360971960123,-0.649723450177275
B07JWVT19F,2020Q3,Colgate,2,0.000334896182183523,9.22798824859107,6.79727724336262,-8.55961447865001,9.16354525674239,9.16433743641801,0.00864490383829784,-0.689758270799434
B07JWVT19F,2020Q4,Colgate,2,0.000376287845150026,9.23089347249518,7.01923457749091,-8.54819439415906,9.35241920616065,9.35514048252272,0.0290970314961689,1.34599115890295
B07JWVT19F,2021Q1,Colgate,2,0.000350676630558663,11.2380115311859,8.4433444711664,-10.4333657109111,11.2625086298325,11.2630475945073,0.00478547624245511,0.222780188932203
B07JWVT19F,2021Q2,Colgate,2,0.000832040204182666,11.9139028480662,9.31698093606378,-10.8060550876903,12.0198982044446,12.0205337443219,0.00528739816712873,0.895012302983944
B07JWVT19F,2021Q3,Colgate,2,0.000408409978272589,12.699946777055,10.2859234876069,-11.8017095160714,13.2662638631618,13.2685664283545,0.0173565460214414,4.47733885252832
B07JWVT19F,2021Q4,Colgate,2,0.000408409978272589,15.0482034571911,12.3270585409824,-13.9433440038523,15.7762190395337,15.7774184323631,0.00760253661769778,4.84586068527362
B07JWVT19F,2022Q1,Colgate,2,0.000348850189774503,14.6995161879451,11.9225772918689,-13.6670138989878,14.9532559237596,14.9537772473857,0.00348635527070918,1.72972400036606
B07JWVT19F,2022Q2,Colgate,2,0.000372106869092803,11.3182131140874,8.95541219767527,-10.49831590948,11.5827929791145,11.5832527658359,0.0039695669452355,2.34170932352045
B07JWVT19F,2022Q3,Colgate,2,0.000384938140440831,11.3232785651319,8.38109086719727,-10.4976952259469,11.4755787401849,11.4767586268886,0.0102817185121239,1.35543836419705
B07JYNPTMG,2019Q4,SENSODYNE PRONAMEL,1,0.000728035178659833,5.51992787314981,2.6298383728979,-4.96783979132665,5.51992787314981,5.51992787314981,,
B07JYNPTMG,2020Q3,SENSODYNE PRONAMEL,1,0.000669792364367046,5.45159675494177,2.27111336005421,-5.00653499653314,6.15966886447759,6.15967213235625,5.30528301874847e-05,12.9884033842494
B07JYNPTMG,2021Q2,SENSODYNE PRONAMEL,1,0.000416020102091333,4.5710006929852,1.27722378291037,-4.23655532082226,5.93324191593461,5.93324278091971,1.45786252331372e-05,29.8018350779306
B07JYNPTMG,2022Q1,SENSODYNE PRONAMEL,1,0.00244195132842152,5.4402089472792,2.15535802236012,-4.64623601673801,5.90555537832385,5.9055564806673,1.86662115340871e-05,8.55385405041909
B07JYNPTMG,2022Q2,SENSODYNE PRONAMEL,1,0.00148842747637121,5.51882256741462,2.23614877062711,-4.88700710424884,5.90657534142261,5.90657579959651,7.75701433863127e-06,7.0260137456011
B07JYNPTMG,2022Q3,SENSODYNE PRONAMEL,1,0.000769876280881662,5.44344588182754,2.16774515623447,-4.94176981573387,5.91002465485488,5.91002607143136,2.3969045202582e-05,8.57141229531571
B07K15VPD4,2019Q2,SENSODYNE PRONAMEL,1,0.00233648499197807,5.64584723348732,2.38502955306346,-4.53889379020219,5.64584723348732,5.64584723348732,,
B07K15VPD4,2019Q3,SENSODYNE PRONAMEL,1,0.00130056769780009,5.68903076495845,2.43413524135945,-4.83124098859652,5.68903076495845,5.68903076495845,,
B07K15VPD4,2019Q4,SENSODYNE PRONAMEL,1,0.00145607035731967,5.61645798936333,2.72636848911142,-4.83247491916438,5.61645798936333,5.61645798936333,,
B07K15VPD4,2020Q1,SENSODYNE PRONAMEL,1,0.00112255703525203,5.50825717560446,2.60640266518808,-4.85815554207356,5.54161201302595,5.54161405885075,3.69175033121946e-05,0.605579626783337
B07K15VPD4,2020Q2,SENSODYNE PRONAMEL,1,0.00113524129553737,5.50885734627026,2.54210366003624,-4.91383316645386,7.26717561027212,7.26718835559863,0.000175382117968022,31.9182527120408
B07K15VPD4,2020Q3,SENSODYNE PRONAMEL,1,0.00301406563965171,5.47884372887605,2.29836033398849,-4.62519987420327,6.04500825287162,6.04501152075028,5.40591265438544e-05,10.333709444755
B07K15VPD4,2020Q4,SENSODYNE PRONAMEL,1,0.00301030276120021,5.44862951923145,2.42073659924729,-4.55420078066844,5.74333793630069,5.74334123717626,5.74731211040818e-05,5.40891460695929
B07K15VPD4,2021Q1,SENSODYNE PRONAMEL,1,0.00210405978335198,4.66484471116994,1.61497119134244,-3.7925180460108,5.79647097304521,5.79647188908101,1.58033362162878e-05,24.2586248412812
B07K15VPD4,2021Q2,SENSODYNE PRONAMEL,1,0.00208010051045667,4.5832003145253,1.28942340445047,-4.01468766298044,5.81858130449745,5.81858216948256,1.48659107559278e-05,26.9545682095113
B07K15VPD4,2021Q3,SENSODYNE PRONAMEL,1,0.00122522993481777,4.51114985384149,1.22550169692952,-4.04742919702138,5.83994610256007,5.83995194760378,0.000100087288625812,29.4559510726682
B07K15VPD4,2021Q4,SENSODYNE PRONAMEL,1,0.00163363991309036,5.21749726458389,2.05358055884872,-4.64186724085641,5.75999887930074,5.76000215546995,5.687794870404e-05,10.3977992392742
B07K15VPD4,2022Q1,SENSODYNE PRONAMEL,1,0.00104655056932351,5.16518153876433,1.88033061384525,-4.66369624337613,5.79089476624677,5.79089586859023,1.90358054096543e-05,12.1140820536501
B07K15VPD4,2022Q2,SENSODYNE PRONAMEL,1,0.00148842747637121,5.522712121462,2.24003832467449,-4.89045136759119,5.79191472996694,5.79191518814084,7.91057737410485e-06,4.87447219333916
B07K15VPD4,2022Q3,SENSODYNE PRONAMEL,1,0.00192469070220416,5.45286027447781,2.17715954888474,-4.69092099317922,5.79536404330095,5.79536545987743,2.44432700072288e-05,6.2812023077635
B07L3MX468,2020Q2,Colgate,2,0.000378413765179122,7.73563623843574,5.16469430881428,-7.15891359592132,7.67431866051757,7.67519597845313,0.0114318674317171,-0.781322416407082
B07L3MX468,2021Q1,Colgate,2,0.000350676630558663,6.59034051287499,3.79567345285549,-6.11846967227684,6.6148376115216,6.61537657619639,0.00814781414814909,0.379890284462392
B07L3MX468,2021Q3,Colgate,2,0.000816819956545178,6.441087081579,4.02706379213094,-5.91931076005019,7.00740416768577,7.00970673287851,0.0328590322127479,8.8280075101874
B07L3MX468,2022Q1,Colgate,2,0.000348850189774503,7.91826493052361,5.14132603444744,-7.36208154592756,8.17200466633815,8.17252598996419,0.00637938483058225,3.21107037553701
B07L5D13LL,2019Q2,Colgate,2,0.000778828330659356,4.83651161970589,2.70091842968215,-4.38274603027963,4.83651161970589,4.83651161970589,,
B07L5D13LL,2019Q3,Colgate,2,0.000650283848900045,4.82096517677202,2.59982040929728,-4.42741657722446,4.82096517677202,4.82096517677202,,
B07L5D13LL,2019Q4,Colgate,2,0.00145607035731967,4.78629946395928,2.48395328844549,-4.24373616041804,4.78629946395928,4.78629946395928,,
B07L5D13LL,2020Q1,Colgate,2,0.00149674271366938,4.62141285129016,2.3202192636892,-4.06929269380593,4.83316642813089,4.83508115689309,0.0396164458780684,4.62344119598146
B07L5D13LL,2020Q2,Colgate,2,0.00264889635625386,4.80026948532178,2.22932755570032,-4.0361083374282,5.10452172733568,5.10539904527124,0.0171870741750337,6.3565089602257
B07L5D13LL,2020Q3,Colgate,2,0.00167448091091762,4.75250583776889,2.32179483254044,-4.18052392279691,4.96116538896903,4.96195756864466,0.0159676127182872,4.40718513612806
B07L5D13LL,2020Q4,Colgate,2,0.00112886353545008,4.6860761743181,2.47441727931383,-4.21288256362388,4.928082004317,4.93080328067907,0.0552197865150293,5.22243124646982
B07L5D13LL,2021Q1,Colgate,2,0.00175338315279331,4.85932776360261,2.06466070358311,-4.29462177100007,5.4140615332931,5.41460049796789,0.0099549048616154,11.4269454825499
B07L5D13LL,2021Q2,Colgate,2,0.00208010051045667,5.77738906268854,3.18046715068613,-4.95816770506918,5.29781464549372,5.29845018537107,0.0119962648729387,-8.28988444642834
B07L5D13LL,2021Q3,Colgate,2,0.00163363991309036,5.62620991655512,3.21218662710706,-5.05477151924388,5.57523775273841,5.57754031793115,0.0412998565237372,-0.865051239570081
B07L5D13LL,2021Q4,Colgate,2,0.00285886984790812,5.73236398965672,3.01121907344803,-4.86527082640536,6.04405787491616,6.04525726774553,0.0198441651981122,5.45836375103506
B07L5D13LL,2022Q1,Colgate,2,0.000697700379549007,6.15669319959511,3.37975430351894,-5.66395248166709,5.62557600944761,5.62609733307365,0.00926702661494975,-8.61819566640668
B07L5D13LL,2022Q2,Colgate,2,0.000372106869092803,6.71771493024513,4.354914013833,-6.23108019054385,5.22227816116867,5.2227379478901,0.00880433227120305,-22.254248622909
B07L5D13LL,2022Q3,Colgate,2,0.00115481442132249,5.88659133520346,2.94440363726883,-5.3106752037785,5.68938524926314,5.69056513596684,0.0207383865217382,-3.33004599902028
B07L5H35RR,2020Q4,Colgate,2,0.000376287845150026,4.7416463646526,2.52998746964833,-4.39096334435889,4.86317209831806,4.86589337468013,0.0559568180408541,2.62033480509543
B07L5H35RR,2021Q2,Colgate,2,0.000416020102091333,4.14414987341772,1.54722796141531,-3.82621981639385,4.25014522979611,4.25078076967347,0.0149533684848466,2.57304633067741
B07L5H35RR,2021Q3,Colgate,2,0.000408409978272589,4.49676227084565,2.08273898139759,-4.17871688873773,5.06307935695242,5.06538192214516,0.0454775647467663,12.6450903350195
B07L5H35RR,2022Q1,Colgate,2,0.000348850189774503,6.05121426111519,3.27427536503902,-5.62617356619108,6.30495399692973,6.30547532055577,0.00826847628535774,4.20181881633985
B07L5H35RR,2022Q2,Colgate,2,0.000372106869092803,6.02783406449467,3.66503314808255,-5.5911746510785,6.29241392952173,6.29287371624317,0.00730700056583564,4.39693012303777
B07L5H35RR,2022Q3,Colgate,2,0.000769876280881662,5.88094075950146,2.93875306156683,-5.37886860638292,6.03324093455446,6.03442082125816,0.0195564327117489,2.60978758387824
B07L5PDS11,2019Q3,Colgate,2,0.000650283848900045,6.77109107825584,4.5499463107811,-6.21834835692368,6.77109107825584,6.77109107825584,,
B07L5PDS11,2020Q2,Colgate,2,0.000378413765179122,6.76500843644545,4.19406650682399,-6.26064998138861,7.05957066231314,7.0604479802487,0.0124273553948864,4.3671718458119
B07L5PDS11,2020Q4,Colgate,2,0.000376287845150026,6.653600543948,4.44194164894373,-6.16151307998747,6.88313093930647,6.88585221566854,0.0395354437692058,3.49061639914328
B07L5PDS11,2021Q1,Colgate,2,0.000350676630558663,5.47673810820175,2.68207104818225,-5.08460161543566,7.36911046528575,7.36964942996054,0.00731383628084995,34.562750388302
B07L5PDS11,2021Q2,Colgate,2,0.001248060306274,5.44669814534953,2.84977623334712,-4.85160375059995,7.25286357537408,7.25349911525143,0.00876260625541635,33.1724087086517
B07L5PDS11,2021Q3,Colgate,2,0.000408409978272589,8.20247847861794,5.78845518916988,-7.62233653540744,7.53028668909523,7.53258925428796,0.0305773908458452,-8.16691230676473
B07L5PDS11,2022Q1,Colgate,2,0.000348850189774503,7.86307849925314,5.08613960317697,-7.3107714406448,7.5806249438664,7.58114626749244,0.00687705340785473,-3.58551973997817
B07L5QNJW3,2020Q2,Colgate,2,0.000756827530358244,4.81156879206489,2.24062686244343,-4.38497404955389,4.75025121414673,4.75112853208228,0.0184688745080504,-1.25614456728299
B07L5QNJW3,2020Q3,Colgate,2,0.000334896182183523,4.7777475692079,2.34703656397945,-4.43170018936368,4.71330457735922,4.71409675703484,0.0168073092375671,-1.33223472464891
B07L5QNJW3,2021Q1,Colgate,2,0.000350676630558663,4.84850664723406,2.05383958721456,-4.50135176156367,4.87300374588067,4.87354271055546,0.0110602146621242,0.516366484424302
B07L5QNJW3,2021Q2,Colgate,2,0.000416020102091333,5.91098729267482,3.3140653806724,-5.45750935765081,6.01698264905322,6.01761818893057,0.0105624349349049,1.80394392638752
B07L5QNJW3,2022Q2,Colgate,2,0.000372106869092803,5.6338050374146,3.27100412100248,-5.22568929026277,5.89838490244167,5.8988446891631,0.00779512915889322,4.70445196431801
B07L61QFSR,2020Q1,Other,5,0.000374185678417344,2.85231268837288,1.51740732018063,-2.63467751506889,2.98886976343912,2.99020224279769,0.0445813790505274,4.83430708655823
B07L61QFSR,2020Q2,Other,5,0.00151365506071649,2.88525441617037,1.27584315908144,-2.56978019741056,2.71114142996692,2.71148810361848,0.0127869998861717,-6.02256465072951
B07L61QFSR,2021Q1,Other,5,0.000701353261117326,2.58231823821105,1.0366750070498,-2.34229874984761,2.52483467979745,2.52525973110656,0.016834817444191,-2.20958463833726
B07L61QFSR,2021Q2,Other,5,0.000832040204182666,2.76046262619531,1.05873774377156,-2.46416729321197,2.77546171299071,2.77650899377311,0.0377335697876118,0.58129269440319
B07L61QFSR,2021Q3,Other,5,0.000408409978272589,2.72807682436792,1.15049831037366,-2.50360708884774,2.64080421215197,2.64409929148298,0.124775601153787,-3.0782686226001
B07L625K8T,2019Q3,Crest,3,0.000650283848900045,20.2926400577156,17.0097369077709,-18.5887843232437,20.2926400577156,20.2926400577156,,
B07L625K8T,2020Q1,Crest,3,0.000748371356834689,13.5606072447996,10.2826011386816,-12.3407100824565,20.2844578587574,20.2844595839415,8.50495566822308e-06,49.5837112436131
B07L625K8T,2020Q2,Crest,3,0.000756827530358244,15.3538901033208,12.0828279100198,-13.8997313395562,20.2672514410728,20.2672517512301,1.53033720914257e-06,32.0007608159615
B07L625K8T,2020Q3,Crest,3,0.000334896182183523,14.3478440520468,11.0876424824095,-13.1968098476342,20.2685410327746,20.2685413945083,1.78470549081456e-06,41.2654146573117
B07L625K8T,2020Q4,Crest,3,0.000376287845150026,14.2357091720888,10.9649079102608,-13.1313317846548,20.355471433102,20.3554760854161,2.28553495216583e-05,42.9888447378934
B07L625K8T,2021Q1,Crest,3,0.00105202989167599,15.8940914955863,12.6100958081671,-14.33959561206,20.2897840648733,20.2897847213064,3.23528852435936e-06,27.6561464802235
B07L625K8T,2021Q2,Crest,3,0.00166408040836533,14.6578470220192,11.3821622051831,-12.7667239940131,20.277970711483,20.2779711873421,2.34667994164173e-06,38.3420850066197
B07L625K8T,2021Q4,Crest,3,0.000408409978272589,11.5121415140702,8.24813116330145,-10.555982681784,20.2741046756608,20.2741116038475,3.41725900221407e-05,76.1106878252699
B07L625K8T,2022Q2,Crest,3,0.000372106869092803,14.3290939499512,11.0649635390761,-13.1793986258398,20.2750507388898,20.2750510954206,1.75847029472132e-06,41.4956951656362
B07L625K8T,2022Q3,Crest,3,0.000384938140440831,14.2825684200541,11.0145336789504,-13.1530765987662,20.2795108625781,20.2795120107124,5.6615482465033e-06,41.9878513043773
B07MGC24KH,2021Q1,Crest,3,0.000350676630558663,7.85504479532743,4.57104910790828,-7.2824147725213,7.85109627481272,7.85109693124577,8.36103686306463e-06,-0.0502589633099237
B07MGC24KH,2021Q2,Crest,3,0.000416020102091333,6.43089924050633,3.15521442367027,-5.93192392372029,6.4234482399201,6.42344871577918,7.40815612034588e-06,-0.115855099707118
B07MGC24KH,2021Q4,Crest,3,0.000408409978272589,6.19475513343732,2.93074478266857,-5.68024010359279,6.19511256227052,6.19511949045719,0.000111833103876536,0.00588170173021485
B07MGC24KH,2022Q1,Crest,3,0.000348850189774503,6.02631933924963,2.77268048621107,-5.50964714411766,6.04179029336449,6.0417912514067,1.585692593199e-05,0.256739002467121
B07MGC24KH,2022Q2,Crest,3,0.000744213738185607,5.65639092821656,2.39226051734146,-5.09062581144677,5.65757436170482,5.65757471823557,6.30183047675923e-06,0.0209283628735957
B07MH9C7L8,2019Q3,Crest,3,0.000650283848900045,5.80796174384876,2.52505859390408,-5.32030075470667,5.80796174384876,5.80796174384876,,
B07MH9C7L8,2019Q4,Crest,3,0.00145607035731967,5.62433642083822,2.34899758124075,-4.94462623570659,5.62433642083822,5.62433642083822,,
B07MH9C7L8,2020Q1,Crest,3,0.000374185678417344,4.00286221793635,0.724856111818314,-3.70183361988357,5.71174904526261,5.71175077044675,3.02041306025545e-05,42.6916656000068
B07MH9C7L8,2020Q2,Crest,3,0.000378413765179122,5.47226975534308,2.20120756204205,-5.04773858157035,5.69454262313177,5.69454293328906,5.44657071669832e-06,4.06180959425391
B07MH9C7L8,2020Q4,Crest,3,0.000752575690300052,7.13467413750385,3.86387287567588,-6.45896235101288,5.7827626228912,5.78276727520535,8.04514113406075e-05,-18.9484037566919
B07MH9C7L8,2021Q1,Crest,3,0.000350676630558663,8.42850864838945,5.14451296097029,-7.81407331093346,5.7170752605089,5.71707591694196,1.14819732624121e-05,-32.1697804980672
B07MH9C7L8,2021Q3,Crest,3,0.000408409978272589,6.51349201655825,3.25805883112181,-5.93256636580978,5.69321192811998,5.69321645247704,7.94693244342837e-05,-12.5934838331873
B07MH9C7L8,2021Q4,Crest,3,0.000408409978272589,6.45257995573685,3.1885696049681,-5.91665088396771,5.70139586817898,5.70140279636565,0.000121517376237433,-11.6415009891252
B07MH9C7L8,2022Q1,Crest,3,0.000697700379549007,6.23913004082075,2.98549118778219,-5.54643619295255,5.70613789594777,5.70613885398998,1.6789678575159e-05,-8.54271642590506
B07MH9C7L8,2022Q2,Crest,3,0.000372106869092803,6.18305725928852,2.91892684841342,-5.68695945683527,5.70234193300941,5.70234228954015,6.25235649576788e-06,-7.77471321369722
B07MHF9BXW,2020Q2,Other,5,0.000378413765179122,14.5797595613048,12.9703483042159,-13.5202355634238,14.4056465751013,14.4059932487529,0.00240651226417402,-1.19183249779421
B07MHF9BXW,2020Q3,Other,5,0.000669792364367046,13.5646030100759,12.0830218262739,-12.3860475992765,13.4335139242626,13.4338331308527,0.00237619577363149,-0.964052387865821
B07MHF9BXW,2020Q4,Other,5,0.000376287845150026,12.3553419832472,10.9169841821505,-11.4076195467562,12.2384799590632,12.2395103802726,0.00841951952296426,-0.937502200518803
B07MHF9BXW,2021Q1,Other,5,0.000350676630558663,13.9287284066723,12.3830851755111,-12.8604292149059,13.8712448482587,13.8716698995678,0.00306426217517804,-0.409646203433467
B07MHF9BXW,2021Q3,Other,5,0.000408409978272589,13.2680878054161,11.6905092914218,-12.1763721565247,13.1808151932002,13.1841102725312,0.0249990556935131,-0.632928679072065
B07MHF9BXW,2021Q4,Other,5,0.000408409978272589,12.2122050208297,10.7151315397974,-11.1979013243294,12.1171767703578,12.1200750556298,0.0239188164616339,-0.754408929777339
B07MHF9BXW,2022Q1,Other,5,0.000348850189774503,13.3490306017734,10.9021487757198,-12.3135534975175,13.4372138174753,13.4408347192416,0.026946819597526,0.68772123015437
B07MZ7M2VF,2019Q2,Parodontax,1,0.000778828330659356,5.77261064287478,2.51179296245092,-5.1627138482689,5.77261064287478,5.77261064287478,,
B07MZ7M2VF,2019Q4,Parodontax,1,0.0021841055359795,5.71276411832683,2.82267461807492,-4.68928689586067,5.71276411832683,5.71276411832683,,
B07MZ7M2VF,2020Q1,Parodontax,1,0.000374185678417344,5.67,2.76814548958362,-5.21844369477944,5.69366804212371,5.69367008794851,3.59315784206936e-05,0.417461868580449
B07MZ7M2VF,2020Q2,Parodontax,1,0.000378413765179122,5.73013311076536,2.76337942453134,-5.29290897903707,7.41923163939025,7.41924438471675,0.000171787688014526,29.4776969627112
B07MZ7M2VF,2020Q3,Parodontax,1,0.00133958472873409,5.65405538747822,2.47357199259066,-5.07265004450198,6.197064281975,6.19706754985366,5.27326894205596e-05,9.60394133347238
B07MZ7M2VF,2020Q4,Parodontax,1,0.00112886353545008,5.33428037355322,2.30638745356906,-4.80438038764476,5.89539396502938,5.89539726590495,5.59907546281629e-05,10.5190738592161
B07MZ7M2VF,2021Q1,Parodontax,1,0.000701353261117326,6.11374311869912,3.06386959887162,-5.48627800025851,5.94852700501928,5.94852792105507,1.53993719079854e-05,-2.70235753181599
B07MZ7M2VF,2021Q2,Parodontax,1,0.00166408040836533,4.72475516173363,1.4309782516588,-4.19877776380875,5.97063733355887,5.97063819854397,1.44873161048639e-05,26.3692613513797
B07MZ7M2VF,2021Q4,Parodontax,1,0.000408409978272589,5.24648789555779,2.08257118982262,-4.86392684591939,5.91205490822104,5.91205818439025,5.54150672990182e-05,12.6860159040107
B07MZ7M2VF,2022Q1,Parodontax,1,0.000348850189774503,5.23913684210526,1.95428591718618,-4.85845216609263,5.94295079515758,5.94295189750104,1.85487562708851e-05,13.4337979061635
B07MZ7M2VF,2022Q2,Parodontax,1,0.00111632060727841,5.38420923979458,2.10153544300707,-4.8405400388599,5.94397075840441,5.94397121657831,7.70821247093456e-06,10.3963637342794
B07MZ7M2VF,2022Q3,Parodontax,1,0.000769876280881662,5.44344588182754,2.16774515623447,-4.94176981573387,5.94742007216991,5.9474214887464,2.38183357607906e-05,9.2583928978027
B07NX7Q9NB,2019Q3,Crest,3,0.000650283848900045,6.77462243590745,3.49171928596277,-6.20579653383298,6.77462243590745,6.77462243590745,,
B07NX7Q9NB,2020Q1,Crest,3,0.00187092839208672,4.70343643714093,1.42543033102289,-4.07211512342608,6.7664402431796,6.76644196836374,2.54961852808827e-05,43.8616649505919
B07NX7Q9NB,2020Q2,Crest,3,0.00113524129553737,6.65880338764159,3.38774119434056,-5.91408075838356,6.74923382158557,6.74923413174286,4.59544443520786e-06,1.35806298574765
B07NX7Q9NB,2020Q3,Crest,3,0.00100468854655057,6.68557206569321,3.42537049605591,-5.88480823845069,6.75052341566303,6.75052377739679,5.35860318778027e-06,0.971520627784117
B07NX7Q9NB,2020Q4,Crest,3,0.0015051513806001,6.39771216152794,3.12691089969998,-5.57260873337975,6.83745381888657,6.83745847120071,6.80416170542052e-05,6.87349318897381
B07NX7Q9NB,2021Q1,Crest,3,0.0028054130444693,5.99217470148777,2.70817901406862,-5.03305100486122,6.77176645112155,6.7717671075546,9.69367532725624e-06,13.010174851432
B07NX7Q9NB,2021Q2,Crest,3,0.001248060306274,5.8913994037856,2.61571458694954,-5.23229739341362,6.75995310026094,6.75995357612002,7.03938425112035e-06,14.7427480774146
B07NX7Q9NB,2021Q3,Crest,3,0.000816819956545178,6.35481860203122,3.09938541659477,-5.60540555915118,6.74790312380707,6.74790764816412,6.70483404102022e-05,6.18568476537249
B07NX7Q9NB,2021Q4,Crest,3,0.000408409978272589,6.22093948153674,2.95692913076799,-5.70424966990444,6.75608706484983,6.7560939930365,0.000102547326615346,8.60247094651956
B07NX7Q9NB,2022Q1,Crest,3,0.000697700379549007,6.09081739225765,2.83717853921909,-5.41458982391056,6.76082909165793,6.76083004970014,1.41704841047836e-05,11.0003734194064
B07NX7Q9NB,2022Q2,Crest,3,0.000744213738185607,5.96306825632769,2.69893784545259,-5.36662857399987,6.75703312855988,6.75703348509062,5.27643920915951e-06,13.3147097204601
B07NX7Q9NB,2022Q3,Crest,3,0.00153975256176332,5.8673858824659,2.59935114136221,-5.0753826012141,6.76149324759114,6.76149439572543,1.69804841990628e-05,15.2386178644136
B07P6LR9ZD,2020Q1,Tom's of Maine,4,0.000374185678417344,17.7681006364513,14.489021401688,-16.1327459382298,17.7613599051567,17.7653939450954,0.022712449723528,-0.01523343103077
B07P6LR9ZD,2020Q3,Tom's of Maine,4,0.000669792364367046,16.2842686445678,13.015525200144,-12.3676969419821,16.2780803440429,16.2796728929135,0.00978339482898142,-0.0282220328991389
B07P6LR9ZD,2021Q1,Tom's of Maine,4,0.000701353261117326,14.1349099600164,10.8425217595894,-12.0062800004598,14.1367389442347,14.1375773894013,0.00593096590302774,0.0188712159638671
B07P6LR9ZD,2021Q2,Tom's of Maine,4,0.000416020102091333,13.9725053164557,10.6996169394022,-12.0266345394337,13.9757128705455,13.9767780427952,0.00762159511643468,0.0305795291731137
B07P6LR9ZD,2022Q1,Tom's of Maine,4,0.000348850189774503,13.4096293139734,10.1122571142969,-11.9482610091,13.4267885310645,13.4274883998401,0.00521248081003486,0.133181055557552
B07P6LR9ZD,2022Q3,Tom's of Maine,4,0.000384938140440831,20.2249617888384,16.9313898203839,-17.8425743885068,20.2355173566939,20.2369954560577,0.00730448022530755,0.0594990850659505
B07P7QRCWB,2019Q4,Tom's of Maine,4,0.000728035178659833,14.3031868717311,11.0269947760189,-12.3098802645628,14.3031868717311,14.3031868717311,,
B07P7QRCWB,2020Q1,Tom's of Maine,4,0.000748371356834689,12.0029755197259,8.72389628496259,-10.5190498361783,14.299333276409,14.3033673163476,0.0282113848295791,19.165179441058
B07P7QRCWB,2020Q3,Tom's of Maine,4,0.000334896182183523,13.3010911012047,10.0323476567808,-11.2995403823861,14.2895499191201,14.2911424679908,0.0111448497653789,7.44338460095497
B07P7QRCWB,2020Q4,Tom's of Maine,4,0.00112886353545008,13.1910607338434,9.92847172561014,-8.23718710360489,14.2945651930291,14.3001652654206,0.0391762345746094,8.40800109980242
B07P7QRCWB,2021Q4,Tom's of Maine,4,0.000408409978272589,12.9301112155723,9.64521642494807,-11.1294392029178,14.4892337891433,14.4904523913897,0.00841039812118996,12.0675000377276
B07P7QRCWB,2022Q1,Tom's of Maine,4,0.000697700379549007,11.4373905060256,8.14001830634915,-9.6358841458073,14.3415261863546,14.3422260551301,0.00488001602126122,25.3977124202778
B07P7QRCWB,2022Q2,Tom's of Maine,4,0.000372106869092803,15.3689968383002,12.1010634953609,-12.0195060344872,14.3036008871622,14.3044011841171,0.00559507330500862,-6.92690398328475
B07P7QRCWB,2022Q3,Tom's of Maine,4,0.000384938140440831,10.9604611446396,7.66688917618515,-9.66938011292046,14.3311223078372,14.3326004072011,0.0103139121421453,30.7663994978045
B07PQYJBM3,2019Q3,Other,5,0.000650283848900045,24.2133605662364,22.5012682816639,-22.1351421844174,24.2133605662364,24.2133605662364,,
B07PQYJBM3,2019Q4,Other,5,0.000728035178659833,24.077307768372,22.4332616802871,-21.957467452281,24.077307768372,24.077307768372,,
B07PQYJBM3,2020Q1,Other,5,0.000374185678417344,23.9613473316173,22.6264419634251,-22.1330653201915,23.9387274244468,23.9400599038054,0.00556620798984482,-0.0888406962986754
B07PQYJBM3,2020Q4,Other,5,0.000376287845150026,23.6945259402011,22.2561681391044,-21.8770259563079,23.788760757606,23.7897911788154,0.00433154639691744,0.402055896179387
B07PQYJBM3,2022Q3,Other,5,0.000769876280881662,20.9992576215795,19.143604570728,-19.0291478891117,24.2581104273002,24.2601974570341,0.00860343075812939,15.5288338960302
B07QQVJ629,2019Q4,Crest,3,0.000728035178659833,15.2377029924887,11.9623641528912,-13.8564097197961,15.2377029924887,15.2377029924887,,
B07QQVJ629,2020Q1,Crest,3,0.000748371356834689,14.0426837624995,10.7646776563815,-12.7794195321957,15.2370851112692,15.2370868364533,1.13222714876201e-05,8.50551856151187
B07QQVJ629,2020Q2,Crest,3,0.000756827530358244,16.2759676977716,13.0049055044706,-14.7344794555609,15.2198786890658,15.2198789992231,2.0378434017924e-06,-6.48863845246589
B07QQVJ629,2021Q1,Crest,3,0.000350676630558663,16.5439182299658,13.2599225425466,-15.3378723676986,15.2424113226865,15.2424119791196,4.30662208241557e-06,-7.86697705316763
B07R6T4RPG,2020Q1,Crest,3,0.000374185678417344,10.1153571428571,6.83735103673906,-9.35464852643929,10.112071996718,10.1120737219021,1.70606394031298e-05,-0.0324597629978163
B07R6T4RPG,2020Q2,Crest,3,0.000756827530358244,10.2006956831334,6.92963348983237,-9.23459322152233,10.1871480255052,10.1871483356625,3.04459392655031e-06,-0.132808073995427
B07R6T4RPG,2021Q2,Crest,3,0.000416020102091333,8.93232303797469,5.65663822113863,-8.2392615312051,8.92487203738846,8.92487251324754,5.33183078499702e-06,-0.0834108293606972
B07R6T4RPG,2021Q3,Crest,3,0.000408409978272589,9.11380376151343,5.85837057607699,-8.30096137719918,9.11455441479537,9.11455893915243,4.96388177851543e-05,0.00828608623530958
B07RD76M8V,2020Q1,Crest,3,0.000374185678417344,4.81178571428571,1.53377960816767,-4.44992336958362,4.80850056814662,4.80850229333076,3.58777984295057e-05,-0.068237056883147
B07RD76M8V,2020Q2,Crest,3,0.000378413765179122,4.83114203126338,1.56007983796235,-4.45634866600714,4.81759437363519,4.81759468379248,6.43801171328559e-06,-0.28041708116292
B07RD76M8V,2020Q4,Crest,3,0.0015051513806001,5.45902060916932,2.18821934734136,-4.75497883529222,5.53395388075281,5.53395853306696,8.40685384237468e-05,1.37273568397538
B07RD76M8V,2021Q1,Crest,3,0.00105202989167599,4.70387803791484,1.41988235049569,-4.24382286278393,4.69992951740013,4.69993017383318,1.39668701303961e-05,-0.083927858032018
B07RD76M8V,2021Q2,Crest,3,0.000832040204182666,4.642066652607,1.36638183577094,-4.20231073708076,4.63461565202077,4.63461612787985,1.02674980980442e-05,-0.160500166945443
B07RD76M8V,2022Q1,Crest,3,0.000348850189774503,6.63419915648889,3.38056030345033,-6.06540980959833,6.64967011060375,6.64967106864596,1.44073645269324e-05,0.233214466314902
B07RLL3KBF,2021Q1,Crest,3,0.000350676630558663,4.70923674701777,1.42524105959862,-4.36593503250071,4.70528822650306,4.70528888293611,1.39509637073065e-05,-0.0838323552996068
B07RLL3KBF,2021Q2,Crest,3,0.000416020102091333,4.56883465701304,1.29314984017698,-4.21433746539686,4.56138365642681,4.56138413228589,1.04323404667846e-05,-0.163072758952143
B07RLL3KBF,2021Q3,Crest,3,0.000408409978272589,4.54775147537367,1.29231828993722,-4.1421463900281,4.54850212865561,4.54850665301267,9.94691643711386e-05,0.0166055168820067
B07RLL3KBF,2021Q4,Crest,3,0.000408409978272589,5.06667017444888,1.80265982368013,-4.64584999675568,5.06702760328208,5.06703453146875,0.00013673078601761,0.0071912519923556
B07RLL3KBF,2022Q1,Crest,3,0.000348850189774503,4.95882442256373,1.70518556952517,-4.53367491497075,4.97429537667859,4.9742963347208,1.92598576953926e-05,0.312007662273195
B07RXKQLBT,2020Q1,Parodontax,1,0.000748371356834689,15.3491047637416,12.4472502533252,-13.832132261417,15.4736845050511,15.4736865508759,1.32213164615942e-05,0.811655070780493
B07RXKQLBT,2020Q2,Parodontax,1,0.000378413765179122,15.542023692351,12.575270006117,-14.3561266664299,17.327267855198,17.3272806005245,7.35564695333031e-05,11.4866438471083
B07RXKQLBT,2021Q2,Parodontax,1,0.000416020102091333,14.3365184810127,11.0427415709379,-13.2875616811895,14.3461451169881,14.3461459819732,6.02939044013334e-06,0.0671536884861324
B07RXKQLBT,2021Q3,Parodontax,1,0.000408409978272589,14.01446823488,10.728820077968,-12.9695031967134,14.0535884222233,14.053594267267,4.15911120751071e-05,0.279183139390327
B07RXKQLBT,2022Q1,Parodontax,1,0.000348850189774503,14.5103973640278,11.2255464391087,-13.4560469842199,14.5012634455918,14.5012645479352,7.60170631556721e-06,-0.0629398069774245
B07SG3Y66Y,2020Q1,SENSODYNE PRONAMEL,1,0.000748371356834689,15.9494787187915,13.0476242083751,-14.3731704574803,16.074058460101,16.0740605059258,1.27274937950916e-05,0.781102563480851
B07SG3Y66Y,2020Q2,SENSODYNE PRONAMEL,1,0.000756827530358244,15.5490108649479,12.5822571787139,-14.1160538125801,17.3342550277949,17.3342677731214,7.35268200475061e-05,11.4814821578011
B07SG3Y66Y,2020Q3,SENSODYNE PRONAMEL,1,0.000669792364367046,15.8218720600622,12.6413886651746,-14.5301935818284,16.1712191570421,16.1712224249207,2.02079919223855e-05,2.20802167741168
B07SG3Y66Y,2020Q4,SENSODYNE PRONAMEL,1,0.000376287845150026,16.0685923410101,13.0406994210259,-14.8889745913269,16.2688595962748,16.2688628971503,2.02895325870226e-05,1.24634785605398
B07SG3Y66Y,2021Q2,SENSODYNE PRONAMEL,1,0.00332816081673066,13.6617093224613,10.3679324123865,-11.4457843482678,13.6713359584367,13.6713368234218,6.32699761797009e-06,0.0704706909893549
B07SG3Y66Y,2021Q3,SENSODYNE PRONAMEL,1,0.00245045986963554,13.1086083232685,9.82296016635653,-11.2060132772673,13.1477285106118,13.1477343556555,4.44566809264419e-05,0.298475867324144
B07SG3Y66Y,2021Q4,SENSODYNE PRONAMEL,1,0.00163363991309036,14.2939480977237,11.1300313919885,-12.7169418693729,14.3748525107282,14.3748557868974,2.27909761665607e-05,0.566027584685269
B07SG3Y66Y,2022Q1,SENSODYNE PRONAMEL,1,0.00209310113864702,14.3820142058432,11.0971632809241,-12.4586877430057,14.3728802874072,14.3728813897506,7.66960717240547e-06,-0.063501648391262
B07SG3Y66Y,2022Q2,SENSODYNE PRONAMEL,1,0.00372106869092803,13.6044863309113,10.3218125341238,-10.9442966610217,13.5985495035256,13.5985499616995,3.36928506180458e-06,-0.0436353792961919
B07SG3Y66Y,2022Q3,SENSODYNE PRONAMEL,1,0.00269456698308582,13.4985233609714,10.2228226353783,-11.1842590420064,13.503008917953,13.5030103345295,1.04908208685975e-05,0.0332404770366557
B07T9CHV4S,2020Q3,Orajel,5,0.000334896182183523,2.5622597850994,1.3236672704606,-2.37350783275791,2.51252814425362,2.51267326150054,0.00577574612439314,-1.93526526417138
B07T9CHV4S,2021Q1,Orajel,5,0.000350676630558663,2.71553957567954,1.5279668512757,-2.5072643728607,2.65671930261945,2.65679099701295,0.00269860626345297,-2.1634219288404
B07T9CHV4S,2021Q3,Orajel,5,0.000408409978272589,2.63683679679709,1.49273963692143,-2.41987441029096,2.62968951380031,2.63031341753025,0.0237253761961661,-0.247394122941647
B07T9CHV4S,2022Q3,Orajel,5,0.000384938140440831,2.76210562004716,1.67852594974806,-2.54905633222589,2.76803021393066,2.76812258359067,0.00333701776601301,0.217839734289726
B07XRY29X5,2020Q2,Crest,3,0.000378413765179122,14.0840477362205,10.8129855429195,-12.9914266513241,14.0705000785923,14.0705003887496,2.20430891982834e-06,-0.0961893038466832
B07XRY29X5,2020Q3,Crest,3,0.00133958472873409,13.9354956624037,10.6752940927664,-11.9907885331108,13.9340982225199,13.9340985842536,2.59603279390004e-06,-0.0100253208347612
B07XRY29X5,2020Q4,Crest,3,0.000376287845150026,13.8521080289952,10.5813067671672,-12.7774896386793,13.9270413005787,13.9270459528928,3.3404899449989e-05,0.54098570225396
B07XRY29X5,2021Q1,Crest,3,0.000350676630558663,18.2946558956681,15.0106602082489,-16.9609818688824,18.2907073751534,18.2907080315864,3.58888829176645e-06,-0.0215793295275657
B07XRY29X5,2021Q3,Crest,3,0.000816819956545178,14.4271533523352,11.1717201668988,-12.7257834831127,14.4279040056171,14.4279085299742,3.13583806376256e-05,0.00523441888049536
B07XRY29X5,2022Q2,Crest,3,0.000744213738185607,8.95563397028083,5.69150355940573,-8.05987104242729,8.95681740376909,8.95681776029984,3.98055168691257e-06,0.0132183832315391
B07YXDVT9W,2020Q4,Sensodyne,1,0.000376287845150026,16.0685923410101,13.0406994210259,-14.8889745913269,16.2688595962748,16.2688628971503,2.02895325870226e-05,1.24634785605398
B07YXDVT9W,2021Q4,Sensodyne,1,0.00122522993481777,16.0449293255587,12.8810126198235,-14.4748193625956,16.1258337385632,16.1258370147324,2.03162779848319e-05,0.504257061729962
B07YXDVT9W,2022Q2,Sensodyne,1,0.000744213738185607,14.0610044701843,10.7783306733968,-12.8311479674637,14.0550676427986,14.0550681009725,3.25984839552973e-06,-0.0422186709660766
B07YXDVT9W,2022Q3,Sensodyne,1,0.000384938140440831,12.1663200886293,8.89061936303622,-11.2379734586678,12.1708056456109,12.1708070621874,1.16391348757547e-05,0.0368802852909189
B07ZK1573S,2020Q2,Crest,3,0.000756827530358244,4.82126953559728,1.55020734229625,-4.36464966268679,4.80772187796909,4.80772218812638,6.45123199141038e-06,-0.28099129017527
B07ZK1573S,2020Q3,Crest,3,0.00100468854655057,4.77135122898323,1.51114965934593,-4.19986304013476,4.7699537890994,4.76995415083316,7.58359051130075e-06,-0.0292805556124653
B07ZK1573S,2020Q4,Crest,3,0.00188143922575013,4.73222009845226,1.4614188366243,-4.04084891482331,4.80715337003575,4.8071580223499,9.67789830009552e-05,1.58356801540458
B07ZK1573S,2021Q1,Crest,3,0.00105202989167599,4.69058738595423,1.40659169853508,-4.23183208151854,4.68663886543952,4.68663952187257,1.40064782005705e-05,-0.0841656653382761
B07ZK1573S,2021Q2,Crest,3,0.001248060306274,4.60525233569864,1.32956751886258,-4.0900384001473,4.59780133511241,4.59780181097149,1.03497093529691e-05,-0.161783202831201
B07ZK1573S,2021Q3,Crest,3,0.000408409978272589,4.54775147537367,1.29231828993722,-4.1421463900281,4.54850212865561,4.54850665301266,9.94691643711386e-05,0.0166055168819845
B07ZK1573S,2021Q4,Crest,3,0.00122522993481777,4.42544141998818,1.16143106921943,-3.8577719140237,4.42579884882138,4.42580577700805,0.000156540929795165,0.00823323563206024
B07ZK1573S,2022Q1,Crest,3,0.00104655056932351,4.37750575135732,1.12386689831876,-3.78079800903273,4.39297670547218,4.39297766351439,2.18084974068584e-05,0.35344127537178
B07ZK1573S,2022Q2,Crest,3,0.00111632060727841,4.22781256109906,0.96368215022396,-3.72128033803159,4.22899599458732,4.22899635111807,8.43062386030995e-06,0.0280000591771357
B07ZK1573S,2022Q3,Crest,3,0.000769876280881662,4.19191734666136,0.923882605557664,-3.78230037679569,4.1936565683789,4.1936577165132,2.73778807276036e-05,0.0415172749821391
B0823YDCWF,2020Q4,Colgate,2,0.000376287845150026,17.0372663473831,14.8256074523788,-15.7772229867504,17.1587920810486,17.1615133574106,0.0158593702238484,0.729266112850424
B0823YDCWF,2021Q1,Colgate,2,0.000701353261117326,15.5229661432253,12.7282990832058,-14.2383947362452,15.5474632418719,15.5480022065467,0.00346657629224762,0.161284016794205
B0823YDCWF,2021Q2,Colgate,2,0.000416020102091333,16.6336211829928,14.0366992709904,-15.3575263763971,16.7396165393712,16.7402520792486,0.00379662148090157,0.641056418699582
B0823YDCWF,2021Q3,Colgate,2,0.000816819956545178,15.5025538328801,13.088530543432,-14.2467308000948,16.0688709189869,16.0711734841796,0.0143293527239355,3.66790954206198
B0823YDCWF,2021Q4,Colgate,2,0.000816819956545178,15.1445242633302,12.4233793471215,-13.836114307966,15.8725398456728,15.8737392385022,0.0075564014394063,4.81504048917321
B082F1LVBR,2020Q3,Colgate,2,0.00133958472873409,11.4551618672216,9.02445086199315,-10.2137366530474,11.3907188753729,11.3915110550485,0.00695460650283255,-0.555651791837108
B082F1LVBR,2020Q4,Colgate,2,0.000376287845150026,11.4075437218055,9.19588482680122,-10.5638637889625,11.529069455471,11.531790731833,0.0236036080151915,1.08916531952479
B082F1LVBR,2021Q1,Colgate,2,0.00245473641391064,11.6204280461295,8.82576098611,-10.0108140220136,11.6449251447761,11.6454641094509,0.00462832236434466,0.21544871860153
B082F1LVBR,2021Q3,Colgate,2,0.00245045986963554,10.5368078806578,8.12278459120974,-9.24998009699485,11.1031249667646,11.1054275319573,0.0207379922285813,5.39650772548779
B082F1LVBR,2022Q1,Colgate,2,0.000697700379549007,9.32591076701336,6.54897187093719,-8.57952698310595,9.5796505028279,9.58017182645394,0.00544199003799727,2.72639386964675
B082F1LVBR,2022Q2,Colgate,2,0.000372106869092803,9.04107634746774,6.67827543105562,-8.38613610652947,9.3056562124948,9.30611599921624,0.00494093818787762,2.93150551507877
B082F1LVBR,2022Q3,Colgate,2,0.000769876280881662,9.03831956688192,6.09613186894729,-8.26669326573508,9.19061974193492,9.19179962863862,0.0128379449572847,1.69810395196783
B082F1MGLZ,2021Q2,Colgate,2,0.000416020102091333,10.9110612658228,8.31413935382039,-10.0739886607307,11.0170566222012,11.0176921620785,0.00576869030581224,0.977273371104159
B082F1MGLZ,2022Q1,Colgate,2,0.00104655056932351,6.41925946204028,3.64232056596411,-5.8426423134101,6.67299919785482,6.67352052148086,0.00781243351874582,3.96090952459749
B082F1MGLZ,2022Q3,Colgate,2,0.000384938140440831,11.4582803960127,8.51609269807807,-10.6228540363903,11.6105805710657,11.6117604577694,0.0101621680025485,1.33946854547311
B082F1Q1T9,2020Q2,Colgate,2,0.000378413765179122,10.2835904105737,7.71264848095224,-9.51690758665108,10.2222728326555,10.2231501505911,0.00858241557352357,-0.587734998862488
B082F1Q1T9,2021Q2,Colgate,2,0.000416020102091333,9.72601019541207,7.12908828340965,-8.97985210014705,9.83200555179046,9.83264109166782,0.00646399022055889,1.09634777378753
B082F1Q1T9,2021Q4,Colgate,2,0.000816819956545178,8.46645755453439,5.7453126383257,-7.73499863523091,9.19447313687703,9.1956725297064,0.0130447151404278,8.6129880233258
B082F1Q1T9,2022Q1,Colgate,2,0.000348850189774503,9.23063587006534,6.45369697398917,-8.58227081216027,9.48437560587988,9.48489692950592,0.00549665732042367,2.75453460649595
B082F1Q1T9,2022Q2,Colgate,2,0.000372106869092803,9.03743934133106,6.67463842491894,-8.38276256699609,9.30201920635812,9.30247899307956,0.00494287005040488,2.93268526336203
B082F1Q1T9,2022Q3,Colgate,2,0.000769876280881662,10.143844151788,7.20165645385337,-9.27783616387233,10.296144326841,10.2973242135447,0.0114595004328669,1.51303647276217
B082F1QH7S,2020Q1,Colgate,2,0.00112255703525203,11.1231144629027,8.82192087530174,-9.95836375378566,11.0601899279915,11.0621046567537,0.0173118976678011,-0.548495714509401
B082F1QH7S,2020Q2,Colgate,2,0.000378413765179122,10.2835904105737,7.71264848095224,-9.51690758665108,10.2222728326555,10.2231501505911,0.00858241557352357,-0.587734998862488
B082F1QH7S,2020Q3,Colgate,2,0.00167448091091762,10.1556164161486,7.72490541092015,-8.9333498637825,10.0911734242999,10.0919656039755,0.00785022357971458,-0.626754788334127
B082F1QH7S,2020Q4,Colgate,2,0.0015051513806001,10.0751908789253,7.86353198392103,-8.92169307532419,10.1967166125908,10.1994378889528,0.0266877708331142,1.23319757928784
B082F1QH7S,2021Q1,Colgate,2,0.00175338315279331,9.98435888699025,7.18969182697075,-8.82406932224648,10.0088559856369,10.0093949503117,0.00538487790772797,0.250752838562551
B082F1QH7S,2021Q2,Colgate,2,0.002496120612548,9.81746203183806,7.22054011983565,-8.26563676977755,9.92345738821646,9.92409292809381,0.0064044198759518,1.08613505109512
B082F1QH7S,2021Q3,Colgate,2,0.00490091973927107,9.13491582816254,6.72089253871448,-7.45586318430224,9.7012329142693,9.70353547946204,0.0237347686947326,6.22468408024597
B082F1QH7S,2021Q4,Colgate,2,0.00408409978272589,8.45030063889146,5.72915572268277,-6.84319327217025,9.1783162212341,9.17951561406347,0.0130676782152284,8.62945599610845
B082F1QH7S,2022Q1,Colgate,2,0.00279080151819603,9.01365666143158,6.23671776535542,-7.76265124342539,9.26739639724612,9.26791772087216,0.00562535154095454,2.82084251698354
B082F1QH7S,2022Q2,Colgate,2,0.00223264121455682,10.2042202583216,7.84141934190948,-8.85313894158474,10.4688001233487,10.4692599100701,0.00439197153462238,2.59735330127118
B082F1QH7S,2022Q3,Colgate,2,0.00192469070220416,10.7219461970635,7.77975849912887,-9.4057176681241,10.8742463721165,10.8754262588202,0.0108502848227896,1.43145711548842
B082VK8TQ1,2020Q1,Tom's of Maine,4,0.000374185678417344,11.5425,8.2634207652367,-10.4801421267281,11.5357592687054,11.5397933086441,0.0349698692969197,-0.023449784326901
B082VK8TQ1,2021Q1,Tom's of Maine,4,0.000701353261117326,10.1386965063089,6.84630830588188,-8.61187156046709,10.1405254905272,10.1413639356938,0.00826826151531907,0.0263093917762802
B082VK8TQ1,2021Q3,Tom's of Maine,4,0.000408409978272589,10.8739887640449,7.5903979456021,-9.07444063953122,10.919122443747,10.9223778568929,0.0298138716055339,0.444998554789433
B082VK8TQ1,2021Q4,Tom's of Maine,4,0.000408409978272589,8.13095533383066,4.84606054320643,-6.99862294614483,8.30829955817794,8.30951816042431,0.0146672882681204,2.1960866744736
B082VK8TQ1,2022Q1,Tom's of Maine,4,0.00104655056932351,10.4827978018053,7.18542560212885,-8.32290643819777,10.4999570188964,10.500656887672,0.00666544419494237,0.170365642878556
B082VK8TQ1,2022Q3,Tom's of Maine,4,0.000384938140440831,8.58105387536448,5.28748190691003,-7.57025371427259,8.59160944321997,8.59308754258378,0.0172039869081409,0.140235306689429
B082VL6SH9,2020Q2,Tom's of Maine,4,0.000378413765179122,11.6451092251038,8.37819513675653,-8.4962898373448,11.6306370627998,11.6322734742304,0.0140698348830093,-0.110224392277203
B082VL6SH9,2020Q3,Tom's of Maine,4,0.000669792364367046,11.4572176986658,8.18847425424195,-8.70161254326158,11.4510293981409,11.4526219470116,0.0139074734267566,-0.0401122835851031
B082VL6SH9,2020Q4,Tom's of Maine,4,0.000376287845150026,13.7062210102295,10.4436320019962,-11.4381002253247,13.7112024204749,13.7168024928663,0.0408430436639094,0.077202042991531
B082VL6SH9,2021Q1,Tom's of Maine,4,0.000350676630558663,11.3017730571796,8.00938485675258,-10.1092009405026,11.3036020413979,11.3044404865645,0.0074175042921001,0.0236018664625082
B082VL6SH9,2021Q3,Tom's of Maine,4,0.000408409978272589,10.3308076774585,7.0472168590157,-8.62115117660273,10.3759413571606,10.3791967703065,0.0313746293832065,0.468396028255858
B082VL6SH9,2022Q1,Tom's of Maine,4,0.000697700379549007,10.4526932979044,7.15532109822795,-8.80628685163807,10.4698525149955,10.4705523837711,0.00668460968846798,0.170856308108514
B082VL6SH9,2022Q2,Tom's of Maine,4,0.000372106869092803,10.3223424537913,7.05440911085195,-8.07271019174146,10.3310152196023,10.3318155165572,0.007746547051582,0.0917724131733966
B082VL6SH9,2022Q3,Tom's of Maine,4,0.000769876280881662,10.0960262856211,6.80245431716665,-8.32779784167641,10.1065818534766,10.1080599528404,0.0146251164363739,0.119192114589084
B083JHCCV2,2020Q2,Other,5,0.000378413765179122,11.6179768286895,10.0085655716006,-10.7736881965579,11.443863842486,11.4442105161376,0.00302934093181496,-1.4956675771877
B083JHCCV2,2020Q3,Other,5,0.000334896182183523,11.5590666996965,10.0774855158945,-10.7075541327424,11.4279776138832,11.4282968204733,0.00279320279496119,-1.13131866629498
B083JHCCV2,2021Q1,Other,5,0.000350676630558663,11.3300983029369,9.78445507177565,-10.4611076451922,11.2726147445233,11.2730397958324,0.00377065409176525,-0.503601165487688
B083JHCCV2,2021Q2,Other,5,0.00208010051045667,11.1517549462481,9.45003006382435,-9.1704583679768,11.1667540330435,11.1678013138259,0.0093785604957429,0.143890962948401
B083JHCCV2,2021Q4,Other,5,0.000408409978272589,10.7902975828849,9.29322410185259,-9.89409262186509,10.695269332413,10.698167617685,0.0270987591051295,-0.853822283325978
B083JHCCV2,2022Q1,Other,5,0.00383735208751954,10.4942707543288,8.04738892827521,-7.88344091566037,10.5824539700307,10.586074871797,0.0342160880319747,0.874802257511087
B083JHCCV2,2022Q2,Other,5,0.00111632060727841,10.1558327410521,8.23758351049077,-9.10252707913983,10.0686518985681,10.0693752598522,0.0071842913172294,-0.851308636173453
B083JHCCV2,2022Q3,Other,5,0.00115481442132249,10.0830025113584,8.22734946050693,-8.96879841047703,10.0181949112745,10.0202819410084,0.020832392984235,-0.622042593755046
B083ZNZPGK,2020Q4,Other,5,0.000376287845150026,9.51197204199463,8.07361424089796,-8.78235166145828,9.3951100178106,9.39614043902006,0.0109676332422977,-1.21774541034373
B083ZNZPGK,2022Q1,Other,5,0.000348850189774503,8.70273982954046,6.25585800348687,-8.02767299460583,8.79092304524233,8.79454394700866,0.0411890963860563,1.05488753273515
B083ZNZPGK,2022Q2,Other,5,0.000372106869092803,8.50036234247285,6.58211311191152,-7.86394041624106,8.41318149998883,8.41390486127294,0.00859795172743913,-1.01710348002358
B083ZNZPGK,2022Q3,Other,5,0.000384938140440831,8.38911191142491,6.53345886057344,-7.74203516489864,8.32430431134103,8.32639134107487,0.0250715213642535,-0.74764255158668
B084ZJ6541,2020Q4,Sensodyne,1,0.000376287845150026,16.9781531121432,13.950260192159,-15.7317632390982,17.1784203674079,17.1784236682834,1.92152450707196e-05,1.17957798364414
B084ZJ6541,2021Q1,Sensodyne,1,0.000350676630558663,16.8281779933673,13.7783044735398,-15.4560109399102,17.0595976874125,17.0595986034483,5.36962132143015e-06,1.37519706632647
B084ZJ6541,2021Q3,Sensodyne,1,0.000408409978272589,14.6589494236391,11.3733012667271,-13.5659297394651,14.6980696109824,14.6980754560261,3.97674243471408e-05,0.266908843575808
B084ZJ6541,2021Q4,Sensodyne,1,0.000408409978272589,14.70257334245,11.5386566367148,-13.6304976982775,14.7834777554545,14.7834810316237,2.21610182567527e-05,0.550296110002102
B084ZJ6541,2022Q2,Sensodyne,1,0.000372106869092803,14.1729659559422,10.8902921591547,-13.124779100825,14.1670291285565,14.1670295867304,3.23408592662868e-06,-0.041885158196564
B084ZJ6541,2022Q3,Sensodyne,1,0.000769876280881662,10.7804249810602,7.50472425546713,-9.78688498585767,10.7849105380418,10.7849119546183,1.3134800478958e-05,0.0416214904882972
B086Y299CH,2021Q1,Parodontax,1,0.000350676630558663,5.56118991702489,2.5113163971974,-5.10773134384085,5.79260961107008,5.79261052710588,1.58138707278163e-05,4.16135060182932
B086Y299CH,2021Q3,Parodontax,1,0.000408409978272589,5.38958877061387,2.1039406137019,-4.98772323130146,5.42870895795716,5.42871480300087,0.000107669130126822,0.725955802051703
B086Y299CH,2022Q1,Parodontax,1,0.000697700379549007,5.3894819679149,2.10463104299582,-4.93204619776409,5.38034804947887,5.38034915182233,2.04883299192393e-05,-0.16945628813575
B086Y299CH,2022Q2,Parodontax,1,0.000372106869092803,5.57941150175687,2.29673770496936,-5.16677622036191,5.57347467437118,5.57347513254508,8.22061500296895e-06,-0.106397766322175
B08CYCJFVQ,2020Q4,Other,5,0.000376287845150026,11.4456960419453,10.0073382408486,-10.5677484339458,11.3288340177613,11.3298644389707,0.00909556277240804,-1.01201012633986
B08CYCJFVQ,2021Q3,Other,5,0.000816819956545178,10.9250225886084,9.34744407461414,-9.78756566837222,10.8377499763924,10.8410450557235,0.0304037216044356,-0.768671480574401
B08CYCJFVQ,2022Q1,Other,5,0.00139540075909801,10.3706928674035,7.92381104134991,-9.03355292125553,10.4588760831054,10.4624969848717,0.0346203716112277,0.88522646116298
B08CYCJFVQ,2022Q3,Other,5,0.000384938140440831,10.1090906349733,8.25343758412183,-9.32934689719943,10.0442830348894,10.0463700646233,0.0207782847873974,-0.62043731345186
B08L8R52HZ,2021Q3,Colgate,2,0.000408409978272589,6.36868214659975,3.95465885715169,-5.91824028980613,6.93499923270652,6.93730179789926,0.0332020972962869,8.92837227876244
B08L8R52HZ,2021Q4,Colgate,2,0.000408409978272589,6.01160866169068,3.29046374548199,-5.57022822192341,6.73962424403332,6.74082363686269,0.0177961379735762,12.1301138548651
B08L8R52HZ,2022Q3,Colgate,2,0.000769876280881662,5.87056556177307,2.92837786383844,-5.36937916793617,6.02286573682607,6.02404562352978,0.01959012130205,2.61439992691861
B08MMD7T1Q,2021Q1,Crest,3,0.000350676630558663,19.647727518152,16.3637318307328,-18.2154150425439,19.6437789976373,19.6437796540703,3.3416841817814e-06,-0.0200932350981176
B08MMD7T1Q,2021Q2,Crest,3,0.001248060306274,15.8021055645193,12.5264207476832,-14.0342404391312,15.7946545639331,15.7946550397921,3.01278555559534e-06,-0.0471489365561628
B08MMD7T1Q,2021Q3,Crest,3,0.00122522993481777,13.6504645348431,10.3950313494067,-11.6483703133152,13.651215188125,13.6512197124821,3.31425224460945e-05,0.00553224864301427
B08MMD7T1Q,2021Q4,Crest,3,0.000408409978272589,13.2491543984103,9.98514404764155,-12.1487252573265,13.2495118272435,13.2495187554302,5.22901278177751e-05,0.00275003980563238
B08MMD7T1Q,2022Q1,Crest,3,0.000348850189774503,18.1017010300313,14.8480621769927,-16.549734550941,18.1171719841462,18.1171729421884,5.28803398088371e-06,0.0854721450288087
B08MMD7T1Q,2022Q2,Crest,3,0.000372106869092803,12.6423259746774,9.3781955638023,-11.6279685345108,12.6435094081657,12.6435097646964,2.81987172034015e-06,0.00936370428492594
B08MMD7T1Q,2022Q3,Crest,3,0.00153975256176332,12.6087135718771,9.34067883077341,-10.9067388387795,12.6104527935946,12.6104539417289,9.104623842079e-06,0.0138029136907303
B08MMFMSZW,2021Q1,Crest,3,0.000350676630558663,14.0850997368292,10.80110404941,-13.0583008841575,14.0811512163145,14.0811518727475,4.66178542779653e-06,-0.0280286554971032
B08MMFMSZW,2021Q2,Crest,3,0.001248060306274,13.3421407310348,10.0664559141987,-11.8494848820967,13.3346897304486,13.3346902063077,3.56858004352995e-06,-0.0558420487187683
B08MMFMSZW,2021Q4,Crest,3,0.00163363991309036,14.2956379763547,11.031627625586,-12.1386711101012,14.2959954051879,14.2960023333746,4.84624293260662e-05,0.0025487286434478
B08MMFMSZW,2022Q1,Crest,3,0.000697700379549007,13.0438715916183,9.79023273857974,-11.5956873824768,13.0593425457332,13.0593435037754,7.33606770434098e-06,0.118614416344109
B08MMFMSZW,2022Q2,Crest,3,0.000744213738185607,11.0787492785133,7.8146188676382,-9.97062751699326,11.0799327120016,11.0799330685323,3.21780604404633e-06,0.0106852316019257
B08MMFMSZW,2022Q3,Crest,3,0.00153975256176332,12.6432275707151,9.37519282961141,-10.9365939996142,12.6449667924326,12.6449679405669,9.07977308668643e-06,0.0137652339333716
B09JHSVM58,2022Q1,Other,5,0.00139540075909801,8.67347684337094,6.22659501731735,-7.55516657157477,8.76166005907281,8.76528096083914,0.0413266634623382,1.05844656215759
B09JHSVM58,2022Q2,Other,5,0.00223264121455682,8.47269348482959,6.55444425426826,-7.22736913331922,8.38551264234557,8.38623600362968,0.00862632154959751,-1.02042498474316
B09JHSVM58,2022Q3,Other,5,0.00192469070220416,8.37738513450032,6.52173208364885,-7.17210153443027,8.31257753441644,8.31466456415028,0.0251068904344343,-0.748689111734158
