asin,quarter,brand_grouped_50,nest_id,share,price_observed,mc,elas_own,price_nomerger,price_merger,merger_effect_pct,model_fit_pct
B0000535K8,2019Q1,Sensodyne,5,0.000999690096070218,5.66662973843486,2.41208487225034,-1.75519478412439,5.66662973843486,5.66662973843486,,
B0000535K8,2019Q2,Sensodyne,6,0.000778828330659356,6.62095038262158,3.36013270219772,-2.05124162505212,6.62095038262158,6.62095038262158,,
B0000535K8,2019Q3,Sensodyne,7,0.00130056769780009,6.26883903551287,3.01394351191386,-1.94113965552281,6.26883903551287,6.26883903551287,,
B0000535K8,2019Q4,Sensodyne,8,0.00145607035731967,6.01334692284387,2.75247342378166,-1.86173685452249,6.01334692284387,6.01334692284387,,
B0000535K8,2020Q2,Sensodyne,10,0.000378413765179122,5.82741890211961,2.55510083473635,-1.80612051010698,6.36271232242438,6.36273408459369,0.000342026610837223,9.18614555544259
B0000535K8,2020Q3,Sensodyne,11,0.00100468854655057,5.95300813849209,2.66273296366852,-1.84388905527826,6.20340623648681,6.2034115478669,8.5620381662261e-05,4.20633406757345
B0000535K8,2020Q4,Sensodyne,12,0.000376287845150026,5.65938437071439,2.37605389553659,-1.75404447433667,6.16832950888923,6.16833906882809,0.000154984244053697,8.99311064198756
B0000535K8,2021Q2,Sensodyne,14,0.000416020102091333,4.5710006929852,1.27722378291037,-1.41665935723408,6.16917564247979,6.1691778257177,3.53894594042112e-05,34.9633972969007
B0000535K8,2021Q3,Sensodyne,15,0.00122522993481777,4.97110718679403,1.68545902988206,-1.53941442178826,6.16371113671397,6.16371608438614,8.02709934901089e-05,23.9908103522758
B0000535K8,2021Q4,Sensodyne,16,0.000408409978272589,5.06924168287002,1.77674420188131,-1.57108778153155,6.16470587585454,6.16471040797974,7.35172981910121e-05,21.610110419701
B0000535K8,2022Q1,Sensodyne,17,0.000697700379549007,5.29793137754245,2.01308045262337,-1.641489374216,6.16126857428845,6.16127019573895,2.63168288456767e-05,16.2957720036944
B0000535K8,2022Q2,Sensodyne,18,0.000372106869092803,5.57941150175687,2.29673770496936,-1.72926527097621,6.16061888941974,6.16062011578968,1.99066027772992e-05,10.4170236206774
B0000535K8,2022Q3,Sensodyne,19,0.000769876280881662,5.45913653624466,2.18343581065159,-1.69131435460395,6.15593093134617,6.15593330992219,3.86387703610675e-05,12.7638641944803
B0006PKIQA,2018Q1,Other,1,0.00163363991309036,10.4697928895692,7.20722077361848,-3.24087954662354,10.4697928895692,10.4697928895692,,
B0006PKIQA,2018Q2,Other,2,0.00142509013695116,10.4425961227206,7.18483485884572,-3.23313613601385,10.4425961227206,10.4425961227206,,
B0006PKIQA,2018Q4,Other,4,0.00309134937400175,10.3399526743417,7.08788086081342,-3.19601475633365,10.3399526743417,10.3399526743417,,
B0006PKIQA,2019Q1,Other,5,0.000999690096070218,10.2762715463845,7.01514725642748,-3.18299572250538,10.2762715463845,10.2762715463845,,
B0006PKIQA,2019Q2,Other,6,0.000778828330659356,10.2377807728624,6.97952868566615,-3.17177457251063,10.2377807728624,10.2377807728624,,
B0006PKIQA,2020Q2,Other,10,0.000378413765179122,10.0593508260295,6.79580368021251,-3.11774391894927,10.3555048268588,10.355507884377,2.95255352496513e-05,2.94409712385424
B0006PKIQA,2020Q3,Other,11,0.000334896182183523,10.0765841675793,6.82628533642554,-3.1232210935506,10.3428158458278,10.3428171325695,1.2440922256778e-05,2.64209538234947
B0006PKIQA,2022Q3,Other,19,0.000384938140440831,8.81523070227818,5.55609438392976,-2.73212983720959,10.3482066285553,10.3482080773659,1.40005958343626e-05,17.3900993276502
B000FGDID0,2018Q2,JASON,2,0.00285018027390232,2.90479913791043,-0.334311977754896,-0.89807246758016,2.90479913791043,2.90479913791043,,
B000FGDID0,2020Q1,JASON,9,0.000374185678417344,3.30212135004822,0.0683881938490525,-1.02344698799554,2.90134024576575,2.90134182504467,5.44327375042568e-05,-12.1370320021008
B000FGDID0,2020Q3,JASON,11,0.00100468854655057,4.19223918551247,0.961566445925555,-1.29850720365941,2.8981893203698,2.89818973194928,1.4201262731119e-05,-30.8677390840476
B000FGDID0,2021Q1,JASON,13,0.000701353261117326,6.29369732882966,3.06163383425844,-1.95000629287007,2.90400037175257,2.90400150645434,3.90737473889954e-05,-53.8585770060482
B000FGDIRQ,2018Q1,JASON,1,0.00490091973927107,5.41556195749875,2.17441431327623,-1.6708778963378,5.41556195749875,5.41556195749875,,
B000FGDIRQ,2018Q2,JASON,2,0.00142509013695116,4.94708112565633,1.707970009991,-1.53166765880672,4.94708112565633,4.94708112565633,,
B000FGDIRQ,2018Q3,JASON,3,0.00499845048035109,3.47672037097358,0.235255027213968,-1.07257675226017,3.47672037097358,3.47672037097358,,
B000FGDIRQ,2018Q4,JASON,4,0.00206089958266784,3.11218172212008,-0.119741987860088,-0.962950243073398,3.11218172212008,3.11218172212008,,
B000FGDIRQ,2019Q1,JASON,5,0.00299907028821066,3.1099392446186,-0.125025682332278,-0.961351765736106,3.1099392446186,3.1099392446186,,
B000FGDIRQ,2019Q2,JASON,6,0.000778828330659356,3.84065735460015,0.612880430731737,-1.18987694787694,3.84065735460015,3.84065735460015,,
B000FGDIRQ,2019Q3,JASON,7,0.00130056769780009,3.79921657596527,0.567649228051271,-1.17642356323836,3.79921657596527,3.79921657596527,,
B000FGDIRQ,2019Q4,JASON,8,0.00145607035731967,4.82224033333037,1.59227423568539,-1.49296933390302,4.82224033333037,4.82224033333037,,
B000FGDIRQ,2020Q1,JASON,9,0.00149674271366938,4.54760549880671,1.31387234260754,-1.40788482906392,4.06636167054456,4.06636324982348,3.88376403290151e-05,-10.5823218199008
B000FGDIRQ,2020Q2,JASON,10,0.00151365506071649,4.30586376224803,1.07448673475454,-1.33302187039605,4.06209314387497,4.06209367378846,1.3045330738793e-05,-5.66135163394722
B000FGDIRQ,2020Q3,JASON,11,0.000334896182183523,4.80664523595715,1.57597249637023,-1.48981197799713,4.06321074423331,4.06321115581279,1.01294150300985e-05,-15.4667973950509
B000FGDIRQ,2020Q4,JASON,12,0.0015051513806001,4.27827745107168,1.04815258441406,-1.32449289971215,4.0611563201776,4.06115716891578,2.08989291920924e-05,-5.07494627543415
B000FGDIRQ,2021Q1,JASON,13,0.000701353261117326,4.70010078471995,1.46803729014873,-1.45625466692593,4.06902179020615,4.06902292490792,2.78863527278508e-05,-13.426900586125
B000FGDIRQ,2021Q2,JASON,14,0.000416020102091333,3.81747139240506,0.590866019953548,-1.18312311291561,4.0572266049628,4.05722665118665,1.13929672008648e-06,6.28047296591627
B000FGDIRQ,2021Q4,JASON,16,0.000816819956545178,4.43801077966925,1.2074701998822,-1.37489118538184,4.06301310133429,4.06301368394463,1.43393663684592e-05,-8.44966617572233
B000FGDIRQ,2022Q2,JASON,18,0.000744213738185607,4.30313190011851,1.07546678764449,-1.33320271780617,4.05857882972957,4.0585788927925,1.55381810479411e-06,-5.68313993162222
B000FGDIRQ,2022Q3,JASON,19,0.00115481442132249,4.14080829290506,0.910571487754171,-1.28238422007484,4.0616112378932,4.06161152946162,7.17863922301654e-06,-1.91259188644745
B000MGWIE8,2019Q2,Other,6,0.000778828330659356,6.55056279769366,3.2923107104974,-2.02943479434848,6.55056279769366,6.55056279769366,,
B000MGWIE8,2020Q4,Other,12,0.000376287845150026,3.37648033237387,0.126760692607022,-1.04649132869539,6.53985119059425,6.53985483787082,5.57700238502214e-05,93.6885215994403
B000MGWIE8,2021Q1,Other,13,0.000350676630558663,3.3423789993664,0.0954823548852275,-1.03594865410252,6.53964573603053,6.53964765524217,2.93473334043038e-05,95.6584713008865
B000MGWIE8,2021Q3,Other,15,0.000408409978272589,5.00907751363876,1.76526721095033,-1.55244136514847,6.5344078715051,6.53440942032603,2.3702544380313e-05,30.4513536181877
B000MGWIE8,2021Q4,Other,16,0.00122522993481777,4.16711335379246,0.921970080632161,-1.29043976583246,6.53308070763718,6.53308199081366,1.96412157117422e-05,56.7771604981167
B000MGWIE8,2022Q1,Other,17,0.000348850189774503,3.80040495082914,0.537580087674577,-1.17791297392269,6.55191955287319,6.55192063760593,1.65559532793665e-05,72.4005921047043
B000MGWIE8,2022Q2,Other,18,0.00111632060727841,3.24798784056274,-0.0124590045462476,-1.0059216891192,6.54553904768113,6.54553972427824,1.0336766896024e-05,101.52599226308
B000WSV82Y,2018Q3,Other,3,0.000999690096070218,15.5128576980118,12.2550264418421,-4.80498782790327,15.5128576980118,15.5128576980118,,
B000WSV82Y,2019Q2,Other,6,0.000778828330659356,15.3274203570855,12.0691682698892,-4.74859964570165,15.3274203570855,15.3274203570855,,
B000WSV82Y,2019Q3,Other,7,0.000650283848900045,14.0524834067777,10.7954504279002,-4.3541705376216,14.0524834067777,14.0524834067777,,
B000WSV82Y,2020Q2,Other,10,0.000378413765179122,14.5506000421822,11.2870528963652,-4.50973880751731,14.9671307195652,14.9671337770834,2.04282188980976e-05,2.86265675431732
B000WSV82Y,2020Q3,Other,11,0.000334896182183523,12.8929592649146,9.64266043376084,-3.99615203572933,14.9544417362309,14.9544430229726,8.60441132632648e-06,15.9892210601168
B000WSV82Y,2020Q4,Other,12,0.000376287845150026,14.2785058123268,11.02878617256,-4.42541672050001,14.9540888655166,14.9540925127932,2.43898280976895e-05,4.73149438285858
B000WSV82Y,2021Q4,Other,16,0.000408409978272589,14.8606373554644,11.6154940823041,-4.60569198226173,14.9473183800638,14.9473196632403,8.58466007677008e-06,0.58330141367724
B000YDYWNE,2019Q3,JASON,7,0.000650283848900045,3.01585953198177,-0.215707815932229,-0.934465911799387,3.01585953198177,3.01585953198177,,
B000YDYWNE,2020Q1,JASON,9,0.000748371356834689,4.02335636726822,0.789623211069053,-1.2465170601744,3.01994440893102,3.01994598820994,5.22949666178172e-05,-24.9396346597946
B000YDYWNE,2020Q2,JASON,10,0.000378413765179122,3.02067397545926,-0.210703052034231,-0.936212294509829,3.01567588090658,3.01567641082007,1.75719641933506e-05,-0.165445350269255
B000YDYWNE,2020Q3,JASON,11,0.000334896182183523,2.994185009795,-0.236487729791916,-0.928042839226467,3.01679348043242,3.0167938920119,1.36429451649452e-05,0.755093026748233
B000YDYWNE,2021Q1,JASON,13,0.000701353261117326,4.70010078471995,1.46803729014873,-1.45625466692593,3.0226045297606,3.02260566446237,3.75405302589053e-05,-35.6906202035311
B000YDYWNE,2021Q3,JASON,15,0.000408409978272589,4.15142125447293,0.924840446920367,-1.2866317325001,3.01143104374941,3.01143121633831,5.73112560480739e-06,-27.4602351401064
B000YDYWNE,2021Q4,JASON,16,0.000816819956545178,4.43801077966925,1.2074701998822,-1.37489118538184,3.01659583995621,3.01659642256654,1.93135031744623e-05,-32.0281862228519
B000YDYWNE,2022Q3,JASON,19,0.000384938140440831,4.20720285809149,0.976966052940601,-1.30395049749686,3.01519397660387,3.01519426817228,9.669972092674e-06,-28.3325675068575
B0013HOU28,2018Q1,Orajel,1,0.00163363991309036,2.87226703108657,-0.358273548700484,-0.889097957492891,2.87226703108657,2.87226703108657,,
B0013HOU28,2018Q3,Orajel,3,0.000999690096070218,2.85191849537239,-0.379805990305786,-0.883359721542011,2.85191849537239,2.85191849537239,,
B0013HOU28,2020Q3,Orajel,11,0.000334896182183523,3.43563536380324,0.199534746629652,-1.06486966808678,2.86709987613627,2.86710049459448,2.15708637774739e-05,-16.5481725796243
B0013HOU28,2021Q2,Orajel,14,0.000416020102091333,3.29103180525285,0.0617384125971077,-1.01996724897051,2.8604726548038,2.86047281142576,5.47538741832983e-06,-13.0827964998657
B0013HOU28,2021Q3,Orajel,15,0.000408409978272589,2.72807682436792,-0.501142751878053,-0.845500852785779,2.86012483388239,2.86012519285435,1.25509194529329e-05,4.84034640472519
B0013HOU28,2022Q2,Orajel,18,0.000372106869092803,3.40868801472027,0.179820523646757,-1.05647805357115,2.85994644515561,2.85994653524127,3.14990727555675e-06,-16.0983192685655
B0013TXFFY,2018Q1,Colgate,1,0.00163363991309036,9.92328366642755,6.64989274817566,-3.07170995731051,9.92328366642755,9.92328366642755,,
B0013TXFFY,2018Q3,Colgate,3,0.000999690096070218,16.3812619457376,13.0901980258578,-5.07396933480878,16.3812619457376,16.3812619457376,,
B0013TXFFY,2019Q1,Colgate,5,0.00199938019214044,11.177418731649,7.87962675231997,-3.45865459174606,11.177418731649,11.177418731649,,
B0013TXFFY,2019Q3,Colgate,7,0.000650283848900045,10.3122938835506,7.02285884955719,-3.1952705371205,10.3122938835506,10.3122938835506,,
B0013TXFFY,2020Q3,Colgate,11,0.000334896182183523,11.619935076174,8.33862828342831,-3.60158023116216,11.9367709326792,11.9426563917067,0.0493052858319482,2.77730738956037
B0013TXFFY,2021Q4,Colgate,16,0.000408409978272589,10.5372873442875,7.2420421311864,-3.26577512629547,11.9865421529165,11.9909220501754,0.0365401231064667,13.7951510516219
B0014CQA16,2021Q1,Colgate,13,0.000701353261117326,2.963442477383,-0.338236798779559,-0.918177531827685,2.9651547297848,2.97105444333779,0.198968151433556,0.256862281380132
B0014CQA16,2021Q2,Colgate,14,0.000832040204182666,3.39348124469084,0.1108615013034,-1.05128099323044,3.3953935491139,3.39867343557069,0.0965981235856694,0.153004849753469
B0014CQA16,2022Q1,Colgate,17,0.000348850189774503,3.1684469521719,-0.139912868064652,-0.982041340445798,3.17049545418404,3.17246331787878,0.0620680181748232,0.126761336626524
B0014CQA16,2022Q3,Colgate,19,0.000384938140440831,3.08584418048394,-0.214371206954508,-0.95640457331433,3.09142271197144,3.09482635774387,0.110099656033837,0.29107682483569
B00169Z2SY,2018Q3,Orajel,3,0.000999690096070218,2.8420502652846,-0.389674220393576,-0.880303113508995,2.8420502652846,2.8420502652846,,
B00169Z2SY,2020Q1,Orajel,9,0.000748371356834689,2.76522284110584,-0.464874823793594,-0.856721883913735,2.84040990129349,2.84041063416105,2.58014717943972e-05,2.71905005041626
B00169Z2SY,2020Q2,Orajel,10,0.000756827530358244,2.80057231338648,-0.433256804535787,-0.867666521664999,2.84362208321467,2.84362277871579,2.44582822702045e-05,1.53720241836046
B00169Z2SY,2020Q3,Orajel,11,0.000334896182183523,2.7279089758728,-0.508191641300787,-0.845511009786829,2.84646542432736,2.84646604278557,2.17272341349221e-05,4.34607855179017
B00169Z2SY,2021Q1,Orajel,13,0.000350676630558663,2.71922359270487,-0.512839901866353,-0.842805684693576,2.84386683803666,2.84386755785861,2.53113802804807e-05,4.58380713848359
B00169Z2SY,2022Q2,Orajel,18,0.000372106869092803,2.48357111670167,-0.745296374371843,-0.769750228811667,2.83931199225006,2.83931208233572,3.17279893702362e-06,14.3237680307096
B0016GCZQO,2018Q2,APAGARD,2,0.00142509013695116,15.9025820954573,12.6681001992053,-4.92360445855821,15.9025820954573,15.9025820954573,,
B0016GCZQO,2018Q3,APAGARD,3,0.000999690096070218,15.5627269578925,12.3342364281296,-4.82043444588804,15.5627269578925,15.5627269578925,,
B0016GCZQO,2018Q4,APAGARD,4,0.00103044979133392,14.7582414239201,11.516274965864,-4.57111051576247,14.7582414239201,14.7582414239201,,
B0016GCZQO,2019Q4,APAGARD,8,0.000728035178659833,14.4236801995128,11.1937141018678,-4.46883837853313,14.4236801995128,14.4236801995128,,
B0016GCZQO,2020Q3,APAGARD,11,0.000334896182183523,15.8058420228601,12.5740851649042,-4.89899537245509,15.1619309213895,15.161931409629,3.22016655966706e-06,-4.07387731890418
B0016GCZQO,2022Q1,APAGARD,17,0.000348850189774503,13.132517254072,9.90387527721793,-4.07034583260927,15.155549244775,15.1555493144158,4.5950711065723e-07,15.4047546346574
B0016GCZQO,2022Q3,APAGARD,19,0.000384938140440831,13.8123748219977,10.5796453770762,-4.28090910475545,15.1580017825077,15.1580020233286,1.5887375572528e-06,9.7421856753253
B0016GCZSC,2018Q2,APAGARD,2,0.00142509013695116,17.0223212279598,13.7878393317078,-5.27028731497222,17.0223212279598,17.0223212279598,,
B0016GCZSC,2018Q4,APAGARD,4,0.00309134937400175,15.6155498118012,12.3735833537451,-4.8266688638357,15.6155498118012,15.6155498118012,,
B0016GCZSC,2019Q1,APAGARD,5,0.00199938019214044,15.9037535836902,12.665541710581,-4.92113534249898,15.9037535836902,15.9037535836902,,
B0016GCZSC,2019Q2,APAGARD,6,0.00155765666131871,15.8373556452615,12.6070609154025,-4.90275871698945,15.8373556452615,15.8373556452615,,
B0016GCZSC,2019Q3,APAGARD,7,0.00325141924450022,15.2520593684333,12.0141630184735,-4.71355927925776,15.2520593684333,15.2520593684333,,
B0016GCZSC,2020Q1,APAGARD,9,0.00112255703525203,16.183788742251,12.9536910773516,-5.01218701144111,15.9199601885729,15.9199609576802,4.83108825680853e-06,-1.63019790218865
B0016GCZSC,2020Q2,APAGARD,10,0.000378413765179122,19.340415321225,16.1114866683228,-5.99426973972065,15.9220533311966,15.9220539504547,3.88931034311937e-06,-17.6747050877384
B0016GCZSC,2020Q3,APAGARD,11,0.000669792364367046,16.7627284308004,13.5309715728445,-5.19384021607233,15.923487163866,15.9234876521054,3.06615895456603e-06,-5.00658817065219
B0016GCZSC,2020Q4,APAGARD,12,0.000376287845150026,16.6004133641169,13.3715053278203,-5.14505844199417,15.9194277462342,15.9194284874373,4.6559657659687e-06,-4.1022163830669
B0016GCZSC,2021Q1,APAGARD,13,0.000350676630558663,16.5439182299658,13.3152585437108,-5.12767996303355,15.9194577071909,15.9194581034504,2.48915203329901e-06,-3.77456003973921
B0016GCZSC,2021Q2,APAGARD,14,0.000832040204182666,15.3495189915863,12.1188799086268,-4.75519279687501,15.9197872826772,15.9197874627845,1.13134239858615e-06,3.71522046723944
B0016GCZSC,2021Q3,APAGARD,15,0.000408409978272589,14.7962055043848,11.5669859281388,-4.58572290201158,15.9181396718364,15.9181399698449,1.87213183320978e-06,7.58258233928724
B0016GCZSC,2022Q2,APAGARD,18,0.00111632060727841,14.9250497743276,11.6913637972206,-4.62237915169613,15.9207583273431,15.9207584690735,8.90223881559212e-07,6.67139279132296
B0016GCZSC,2022Q3,APAGARD,19,0.00153975256176332,14.7490630400048,11.5163335950833,-4.56593863845714,15.9195580249572,15.919558265778,1.51273587554288e-06,7.9360649730658
B0016GHKLO,2020Q3,APAGARD,11,0.000334896182183523,15.3446610438472,12.1129041858913,-4.75605306803494,15.3467536826506,15.3467541708901,3.18138569155275e-06,0.0136407512482117
B0016GHKLO,2020Q4,APAGARD,12,0.000376287845150026,15.2287150380879,11.9998070017913,-4.71992035070663,15.2295970805244,15.2295978217275,4.86685956648139e-06,0.00579683602588421
B0016GHKLO,2021Q1,APAGARD,13,0.000350676630558663,15.0407054971488,11.8120458108938,-4.66176894346134,15.0418658507088,15.0418662469683,2.63437732635867e-06,0.00771738945197775
B0016GHKLO,2021Q2,APAGARD,14,0.000416020102091333,14.644172250748,11.4135331677885,-4.538569350866,14.6436827857553,14.6436829658626,1.22993174550908e-06,-0.00334115767673948
B0016GHKLO,2021Q3,APAGARD,15,0.000408409978272589,14.4713985807215,11.2421790044755,-4.48505692057915,14.4706810128311,14.4706813108397,2.05939554459808e-06,-0.00495646552636231
B0016GHKLO,2021Q4,APAGARD,16,0.000408409978272589,14.1176608405803,10.8884412643343,-4.37542453842614,14.1162317717095,14.1162319808581,1.48161802521907e-06,-0.0101210798185036
B0016GHKLO,2022Q1,APAGARD,17,0.000348850189774503,13.4961989028306,10.2675569259765,-4.18306680260929,13.4950247514946,13.4950248211355,5.16048169585928e-07,-0.00869935085858753
B0016GHKLO,2022Q2,APAGARD,18,0.000744213738185607,13.4395801471841,10.2058941700771,-4.16387068634968,13.4370148336622,13.4370149753926,1.05477592931835e-06,-0.0190866958892477
B001G8Z3U2,2020Q2,Orajel,10,0.000756827530358244,3.87234018528693,0.638511067364663,-1.19971904428659,3.87180737100787,3.87180806650898,1.79632158504151e-05,-0.0137415297335575
B001G8Z3U2,2020Q3,Orajel,11,0.000334896182183523,3.55441301015669,0.318312392983103,-1.10168460897984,3.55445203786247,3.55445265632067,1.73995373142635e-05,0.00111540678786604
B001G8Z3U2,2022Q1,Orajel,17,0.000348850189774503,3.86664994938806,0.640261383369463,-1.19844521832023,3.86665125130227,3.86665128689451,9.2049275700967e-07,3.45908336418788e-05
B001G8Z3U2,2022Q2,Orajel,18,0.000372106869092803,4.18240274861218,0.953535257538667,-1.29628076726964,4.1825214709746,4.18252156106026,2.15386008975831e-06,0.00284077013195105
B002OTJT2A,2020Q3,Arm & Hammer,11,0.000334896182183523,3.0533437308892,-0.180583548059287,-0.946378989901748,3.05300359295654,3.05300406627821,1.55034756903081e-05,-0.0111243489409607
B002OTJT2A,2021Q2,Arm & Hammer,14,0.000416020102091333,2.76299839048598,-0.466295002169762,-0.856317420802752,2.76270106960285,2.76270120719339,4.98029085542617e-06,-0.0107558257583018
B002OTJT2A,2021Q3,Arm & Hammer,15,0.000816819956545178,2.78057184500697,-0.461906581818123,-0.86141830423988,2.77893181807093,2.77893325108501,5.15670830494153e-05,-0.0589301055069269
B002OTJT2A,2021Q4,Arm & Hammer,16,0.000408409978272589,3.14079554330845,-0.0897450364786043,-0.973412950314676,3.14023534474588,3.14023573510658,1.24309376287104e-05,-0.0178237708934437
B002OTJT2A,2022Q2,Arm & Hammer,18,0.000372106869092803,3.40868801472027,0.170169148692121,-1.05647805357115,3.40667059787005,3.40667086979093,7.98201251226639e-06,-0.0591765782211096
B0037LGIH8,2018Q1,Crest,1,0.00653455965236143,2.97,-0.319754327437826,-0.914837742368006,2.97,2.97,,
B0037LGIH8,2018Q2,Crest,2,0.00142509013695116,2.9471084803343,-0.324781947195329,-0.912455371494274,2.9471084803343,2.9471084803343,,
B0037LGIH8,2018Q3,Crest,3,0.00199938019214044,2.94215780171487,-0.34220545560449,-0.910398709652831,2.94215780171487,2.94215780171487,,
B003QYQYGG,2020Q2,Orajel,10,0.000378413765179122,2.78831443888547,-0.445514679036798,-0.864195964162919,2.78778162460641,2.78778232010752,2.49481921278073e-05,-0.0190838870439247
B003QYQYGG,2020Q3,Orajel,11,0.000334896182183523,2.77417600792717,-0.461924609246417,-0.859851402130608,2.77421503563295,2.77421565409115,2.22930883243622e-05,0.00142911494693809
B003QYQYGG,2021Q2,Orajel,14,0.000832040204182666,2.67028032369115,-0.559013068964593,-0.827237502869852,2.67049935438261,2.67049951100457,5.864894095581e-06,0.00820840087365493
B003QYQYGG,2021Q3,Orajel,15,0.000408409978272589,2.61629804849202,-0.612921527753952,-0.810857748353293,2.61624307592589,2.61624343489785,1.37208949696296e-05,-0.00208743779019915
B004N1ZWIM,2019Q2,Other,6,0.000778828330659356,4.76788075993308,1.50962867273682,-1.47714072948353,4.76788075993308,4.76788075993308,,
B004N1ZWIM,2019Q3,Other,7,0.000650283848900045,4.75292736177725,1.49589438289971,-1.47269743624992,4.75292736177725,4.75292736177725,,
B004N1ZWIM,2020Q2,Other,10,0.000378413765179122,4.49228437375993,1.22873722794294,-1.39231572004026,4.76334386762296,4.76334692514119,6.41884842062215e-05,6.03395797836335
B004N1ZWIM,2020Q3,Other,11,0.000334896182183523,4.44122724492975,1.19092841377599,-1.37655125803891,4.75065488651407,4.75065617325575,2.70855641485878e-05,6.96719422946104
B004N1ZWIM,2021Q2,Other,14,0.000416020102091333,4.53391346626727,1.28431626685643,-1.40516516366626,4.75182792650148,4.75182880378959,1.84621185726769e-05,4.80634090490757
B004N1ZWIM,2021Q4,Other,16,0.000816819956545178,4.4178618512425,1.1727185780822,-1.36864906803148,4.74353152768542,4.74353281086189,2.70510792838632e-05,7.37168726830599
B004N1ZWIM,2022Q1,Other,17,0.000348850189774503,4.39512146866661,1.13229660551205,-1.3622418313025,4.762370375506,4.76237146023874,2.27771604355382e-05,8.35585533165133
B004N1ZWIM,2022Q3,Other,19,0.000769876280881662,4.28469620141644,1.02555988306802,-1.32745685008232,4.75604567071843,4.75604711952902,3.04625036340687e-05,11.0008013626907
B004YDVX7I,2020Q4,Other,12,0.000376287845150026,5.18871553901522,1.93899589924837,-1.6081674655658,5.1865363863978,5.18654003367436,7.03220086807945e-05,-0.0419276278396552
B004YDVX7I,2021Q1,Other,13,0.00140270652223465,5.13926730596327,1.8923706614821,-1.59120616177199,5.13970569413749,5.13970761334912,3.73408858760596e-05,0.00856751283091484
B004YDVX7I,2021Q2,Other,14,0.000832040204182666,5.04386283363884,1.794265634228,-1.56255972764305,5.04333203339789,5.043332910686,1.73950099108861e-05,-0.0105062919100063
B004YDVX7I,2021Q3,Other,15,0.000816819956545178,4.97548691372851,1.73167661104008,-1.54140074017076,4.9737737754499,4.97377532427082,3.11397541695037e-05,-0.0344004413510901
B004YDVX7I,2021Q4,Other,16,0.000408409978272589,4.89568130532894,1.65053803216864,-1.5172969769948,4.89130803247697,4.89130931565345,2.62338103813803e-05,-0.0893029877318985
B004YDVX7I,2022Q1,Other,17,0.000348850189774503,4.778641304915,1.51581644176043,-1.48111152985268,4.77542529027353,4.77542637500627,2.27148928972823e-05,-0.067277071108518
B004YDVX7I,2022Q2,Other,18,0.000372106869092803,4.71451649089036,1.45406964578137,-1.4612024287103,4.70729799032784,4.70729866692496,1.43733648228186e-05,-0.153097862301443
B0051B5IV4,2019Q2,Other,6,0.000778828330659356,9.74128045985118,6.48302837265493,-3.01795343656416,9.74128045985118,9.74128045985118,,
B0051B5IV4,2019Q3,Other,7,0.000650283848900045,10.6917084698321,7.43467549095456,-3.31283237763717,10.6917084698321,10.6917084698321,,
B0051B5IV4,2020Q1,Other,9,0.000374185678417344,12.4752666067218,9.23301872886191,-3.86653689541248,10.1999132961722,10.1999156976715,2.3544310831386e-05,-18.2388960555305
B0051B5IV4,2020Q3,Other,11,0.000669792364367046,9.61329047191429,6.36299164076053,-2.97862575701403,10.2067452901209,10.2067465768625,1.26067775614414e-05,6.1732879775356
B0051B5IV4,2021Q1,Other,13,0.000350676630558663,9.43230683719501,6.18541019271384,-2.92348221878084,10.206186962737,10.2061888819486,1.88043942644197e-05,8.20458937682029
B0051B5IV4,2022Q1,Other,17,0.000348850189774503,8.73772571830244,5.47490085514788,-2.70820626205135,10.2184607770117,10.2184618617445,1.06154220741723e-05,16.9464708687343
B0051B5IV4,2022Q2,Other,18,0.000372106869092803,8.53453465339737,5.27408780828838,-2.64516685593379,10.2120802725977,10.2120809491948,6.62545820950921e-06,19.6559784912193
B005PLQIQ4,2018Q1,Crest,1,0.00163363991309036,6.92,3.63024567256217,-2.14205636149481,6.92,6.92,,
B005PLQIQ4,2018Q2,Crest,2,0.00427527041085349,6.81732793970486,3.54543751217523,-2.10469097732838,6.81732793970486,6.81732793970486,,
B005PLQIQ4,2018Q3,Crest,3,0.00599814057642131,6.83789510009393,3.55353184277457,-2.10738794332661,6.83789510009393,6.83789510009393,,
B005PLQIQ4,2018Q4,Crest,4,0.00309134937400175,7.16562160957832,3.88972384734032,-2.21484886089903,7.16562160957832,7.16562160957832,,
B005PLQIQ4,2019Q1,Crest,5,0.00499845048035109,6.82798294298206,3.56025257329333,-2.10644946617342,6.82798294298206,6.82798294298206,,
B005PLQIQ4,2019Q2,Crest,6,0.00155765666131871,6.80595293198565,3.51664473186754,-2.10691391998235,6.80595293198565,6.80595293198565,,
B005PLQIQ4,2019Q3,Crest,7,0.00650283848900045,6.77397859950029,3.49107544955561,-2.08662934705968,6.77397859950029,6.77397859950029,,
B005PLQIQ4,2019Q4,Crest,8,0.00509624625061883,6.40257170233609,3.12723286273862,-1.9750149187173,6.40257170233609,6.40257170233609,,
B005PLQIQ4,2020Q1,Crest,9,0.00449022814100813,5.6723378706161,2.39433176449806,-1.7508239513739,6.80783270604184,6.80783928729657,9.66718046439643e-05,20.0182260397888
B005PLQIQ4,2020Q2,Crest,10,0.00151365506071649,6.3311101362157,3.06004794291467,-1.96000355363206,6.80636887174923,6.80637249338586,5.32095262760063e-05,7.50677759420939
B005PLQIQ4,2020Q3,Crest,11,0.00167448091091762,6.25191503895576,2.99171346931846,-1.93517435621014,6.79765929636997,6.7976611799078,2.77086237290059e-05,8.72926355447077
B005PLQIQ4,2020Q4,Crest,12,0.00225772707090016,6.21905699916276,2.9482557373348,-1.92387907260163,6.82036516166676,6.82037430059209,0.000133994663294477,9.66894661859965
B005PLQIQ4,2021Q1,Crest,13,0.00385744293614529,5.78076874156027,2.49677305414111,-1.78542639314466,6.81364937870631,6.81365364887917,6.26708628352257e-05,17.8676046992344
B005PLQIQ4,2021Q2,Crest,14,0.002496120612548,6.45257381960128,3.17688900276521,-1.99564108035511,6.80436240390875,6.80436387177526,2.15724327667552e-05,5.45193378656632
B005PLQIQ4,2021Q3,Crest,15,0.00204204989136295,7.55537109214754,4.29818160387726,-2.33777603702123,6.79680956860414,6.79681253816517,4.36905137917567e-05,-10.0399906865033
B005PLQIQ4,2021Q4,Crest,16,0.000408409978272589,6.74056120899149,3.4739404331133,-2.08907249222262,6.80604807985314,6.80605151483456,5.04695439555471e-05,0.971585359327531
B005PLQIQ4,2022Q1,Crest,17,0.00139540075909801,7.85164549160121,4.59800663856265,-2.43102320737149,6.80086266131726,6.80086380875005,1.68718712533801e-05,-13.3829486312794
B005PLQIQ4,2022Q2,Crest,18,0.00111632060727841,8.04920241080665,4.78507199993155,-2.49288719127043,6.80251765507068,6.80251857406595,1.35096345113412e-05,-15.4882903064648
B005PLQIQ4,2022Q3,Crest,19,0.00192469070220416,7.96437466559581,4.69633992449211,-2.46461935344404,6.80637244726262,6.80637461044108,3.17816644754697e-05,-14.5397486152556
B008VPSTOA,2018Q1,Sensodyne,1,0.00163363991309036,6.57,3.32885235577748,-2.03371536055216,6.57,6.57,,
B008VPSTOA,2018Q3,Sensodyne,3,0.000999690096070218,6.32019083331343,3.07219889595512,-1.95763028419896,6.32019083331343,6.32019083331343,,
B008VPSTOA,2018Q4,Sensodyne,4,0.00103044979133392,6.57672132833796,3.30424862518537,-2.03702590028641,6.57672132833796,6.57672132833796,,
B008VPSTOA,2020Q3,Sensodyne,11,0.000334896182183523,14.4392008190376,11.148925644214,-4.47540712428396,6.55384757879903,6.55385289017913,8.10421669525914e-05,-54.6106950632746
B008VPSTOA,2020Q4,Sensodyne,12,0.000376287845150026,11.8939858035882,8.6106553284104,-3.68636917198632,6.5187708534354,6.51878041337426,0.00014665247599466,-45.1926333104613
B008VPSTOA,2021Q1,Sensodyne,13,0.000701353261117326,12.2353097947728,8.97691006046235,-3.79092445163047,6.50055884525085,6.50056233999944,5.37607408350359e-05,-46.8704720269802
B008VPSTOA,2021Q2,Sensodyne,14,0.000416020102091333,11.0241781419055,7.73040123183067,-3.41664903803515,6.51961698751294,6.51961917075085,3.34872112064193e-05,-40.8607237035817
B009088IN4,2018Q4,Other,4,0.00103044979133392,17.7118587869461,14.4597869734178,-5.48594250690905,17.7118587869461,17.7118587869461,,
B009088IN4,2019Q4,Other,8,0.000728035178659833,17.3103406797355,14.0542606091131,-5.36320229685197,17.3103406797355,17.3103406797355,,
B009088IN4,2020Q2,Other,10,0.000378413765179122,17.4859916338583,14.2224444880413,-5.41951911471187,17.5176061312622,17.5176091887804,1.74539729060185e-05,0.18081648203998
B009088IN4,2021Q1,Other,13,0.000350676630558663,16.9857057058196,13.7388090613384,-5.26460912070743,17.5043588227663,17.504360741978,1.09641927307676e-05,3.05347946762475
B009088IN4,2021Q2,Other,14,0.000416020102091333,16.6799802163902,13.4303830169794,-5.16951355712802,17.5060901885937,17.5060910658818,5.01133089011337e-06,4.95270880884999
B009088IN4,2022Q2,Other,18,0.000744213738185607,16.2996758310823,13.0392289859733,-5.04998977994607,17.5102521330988,17.5102528096959,3.86400553024337e-06,7.42700033521611
B00C7PZ20O,2018Q1,Arm & Hammer,1,0.00980183947854214,5.43026218729419,2.17307269902391,-1.66716189121006,5.43026218729419,5.43026218729419,,
B00C7PZ20O,2018Q4,Arm & Hammer,4,0.00309134937400175,5.35711555709277,2.12185118484584,-1.65585094159467,5.35711555709277,5.35711555709277,,
B00C7PZ20O,2019Q1,Arm & Hammer,5,0.00299907028821066,5.36451487532699,2.12954994837611,-1.65829151056155,5.36451487532699,5.36451487532699,,
B00C7PZ20O,2019Q2,Arm & Hammer,6,0.00311531332263742,5.35256656733358,2.11722442309328,-1.65440510731221,5.35256656733358,5.35256656733358,,
B00C7PZ20O,2019Q3,Arm & Hammer,7,0.00390170309340027,5.29018687993862,2.05229052997882,-1.63383453581036,5.29018687993862,5.29018687993862,,
B00C7PZ20O,2019Q4,Arm & Hammer,8,0.00364017589329916,5.25249214743725,2.01544568919943,-1.62261870974091,5.25249214743725,5.25249214743725,,
B00C7PZ20O,2020Q1,Arm & Hammer,9,0.0033676711057561,5.23334333308826,1.99718196620439,-1.61714535827596,5.33747975851014,5.33748137657005,3.03150547977402e-05,1.98989511778001
B00C7PZ20O,2020Q2,Arm & Hammer,10,0.00113524129553737,5.27532645811656,2.04639780521439,-1.63376990488008,5.3302286393717,5.33022893314738,5.51150229916207e-06,1.0407408047012
B00C7PZ20O,2020Q3,Arm & Hammer,11,0.00234427327528466,5.21335665915826,1.97942938020977,-1.61262354802003,5.33515955327212,5.33516002659379,8.87174346416273e-06,2.33637127476321
B00C7PZ20O,2020Q4,Arm & Hammer,12,0.00301030276120021,5.04557560551008,1.81057423218843,-1.55968267807236,5.33570441627054,5.33570586836043,2.72145865482643e-05,5.75019156453653
B00C7PZ20O,2021Q1,Arm & Hammer,13,0.00175338315279331,4.9238511357229,1.69292304107881,-1.5239742239653,5.33181486042065,5.33181529341108,8.12088275877465e-06,8.28546896408735
B00C7PZ20O,2021Q2,Arm & Hammer,14,0.000832040204182666,4.92039028923554,1.6910968965798,-1.5243086427667,5.33056848327767,5.33056862086822,2.58116090341959e-06,8.33629666593798
B00C7PZ20O,2021Q3,Arm & Hammer,15,0.00449250976099848,4.96083998803094,1.71836156120585,-1.53120948743983,5.34241081145486,5.34241224446894,2.68233598770539e-05,7.69168643533396
B00C7PZ20O,2021Q4,Arm & Hammer,16,0.00122522993481777,4.85738189688663,1.62684131709958,-1.50419684453091,5.33155279300946,5.33155318337015,7.32170742392003e-06,9.76186959455352
B00C7PZ20O,2022Q1,Arm & Hammer,17,0.00139540075909801,4.81569981309283,1.58592995001913,-1.49103497068049,5.33068083233462,5.33068095379553,2.27852523567487e-06,10.6937965548139
B00C7PZ20O,2022Q2,Arm & Hammer,18,0.00372106869092803,4.72846741906522,1.48994855303707,-1.46061651683263,5.33807386023485,5.33807413215572,5.09398859014147e-06,12.8922684469087
B00DDZOPN2,2018Q1,Other,1,0.00163363991309036,14.949750970829,11.6871788548783,-4.62763138292305,14.949750970829,14.949750970829,,
B00DDZOPN2,2018Q2,Other,2,0.00142509013695116,14.9080491313887,11.6502878675138,-4.61568673131881,14.9080491313887,14.9080491313887,,
B00DDZOPN2,2019Q3,Other,7,0.000650283848900045,15.5417808823759,12.2847479034984,-4.81563026700126,15.5417808823759,15.5417808823759,,
B00DDZOPN2,2020Q2,Other,10,0.000756827530358244,15.5490108649479,12.2854637191309,-4.81735683382756,15.1346538823179,15.1346569398361,2.02021020877504e-05,-2.66482497639662
B00DDZOPN2,2020Q3,Other,11,0.000669792364367046,15.3537307367791,12.1034319056253,-4.75726994544058,15.1219649013827,15.1219661881244,8.50909048629741e-06,-1.5094998904697
B00DDZOPN2,2020Q4,Other,12,0.000376287845150026,15.1853895704936,11.9356699307268,-4.70649224756787,15.1216120292502,15.1216156765267,2.41196279921757e-05,-0.41996877110615
B00DPIUVOO,2020Q2,Other,10,0.000378413765179122,6.1284827771337,2.86493563131671,-1.89943071289975,6.12551797134119,6.12552102885941,4.99144438435808e-05,-0.0483275939901051
B00DPIUVOO,2020Q3,Other,11,0.000334896182183523,6.09740768408993,2.84710885293617,-1.88988172759957,6.09500221204882,6.09500349879049,2.11114226377328e-05,-0.0394296301641672
B00DPIUVOO,2021Q3,Other,15,0.000408409978272589,5.75560498593569,2.51179468324725,-1.78380934159881,5.75389184765707,5.753893396478,2.69177970216691e-05,-0.0297377853739511
B00DPIUVOO,2022Q2,Other,18,0.000372106869092803,5.62988822481368,2.36944137970469,-1.74490986792829,5.62266972425117,5.62267040084828,1.20333781631217e-05,-0.128205457678376
B00DPIUVOO,2022Q3,Other,19,0.000769876280881662,5.54649730365566,2.28736098530724,-1.71837990223598,5.54064512884531,5.54064657765589,2.6148770614055e-05,-0.105485059839727
B00EF39784,2018Q1,Sensodyne,1,0.00163363991309036,21.4780322706019,18.2368846263794,-6.64843289850198,21.4780322706019,21.4780322706019,,
B00EF39784,2018Q2,Sensodyne,2,0.00142509013695116,21.4222400460382,18.1644787821633,-6.63254784473697,21.4222400460382,21.4222400460382,,
B00EF39784,2018Q3,Sensodyne,3,0.000999690096070218,21.7838552389596,18.5358633016013,-6.74738086983309,21.7838552389596,21.7838552389596,,
B00EF39784,2018Q4,Sensodyne,4,0.00103044979133392,20.5712563243783,17.2987836212257,-6.37159153355506,20.5712563243783,20.5712563243783,,
B00EF39784,2019Q2,Sensodyne,6,0.000778828330659356,31.8176157562507,28.5567980758268,-9.85743950301189,31.8176157562507,31.8176157562507,,
B00EF39784,2019Q3,Sensodyne,7,0.000650283848900045,27.163605701361,23.908710177762,-8.41665976160417,27.163605701361,27.163605701361,,
B00EF39784,2020Q2,Sensodyne,10,0.000378413765179122,40.813606931946,37.5412888645627,-12.6495612910923,24.2616401394197,24.2616619015891,8.96978489069252e-05,-40.5549675086454
B00EF39784,2020Q3,Sensodyne,11,0.000334896182183523,33.7139445407816,30.423669365958,-10.4495830120039,24.1023340529604,24.1023393643405,2.20367873439586e-05,-28.5092869059406
B00EF39784,2021Q3,Sensodyne,15,0.000408409978272589,29.9723490570188,26.6867009001068,-9.28919833244577,24.0626389558279,24.0626439035,2.05616357215003e-05,-19.7171904753821
B00EF39784,2022Q3,Sensodyne,19,0.000384938140440831,27.8441276191768,24.5684268935837,-8.62981065711239,24.0548587406334,24.0548611192095,9.88813130304965e-06,-13.6088533704234
B00H88H4Q0,2018Q2,Sensodyne,2,0.00142509013695116,9.93538431104557,6.67762304717069,-3.07609809512174,9.93538431104557,9.93538431104557,,
B00H88H4Q0,2018Q4,Sensodyne,4,0.00103044979133392,9.68786495072537,6.41539224757278,-3.00064893096081,9.68786495072537,9.68786495072537,,
B00H88H4Q0,2019Q2,Sensodyne,6,0.000778828330659356,9.10746341291392,5.84664573249006,-2.82159009985078,9.10746341291392,9.10746341291392,,
B00H88H4Q0,2019Q3,Sensodyne,7,0.000650283848900045,9.60210760666453,6.34721208306553,-2.97521888692256,9.60210760666453,9.60210760666453,,
B00H88H4Q0,2020Q1,Sensodyne,9,0.000374185678417344,10.4046428571429,7.14152848679071,-3.22477561073177,9.57863371159335,9.57863852272291,5.02277225059703e-05,-7.93880525993194
B00H88H4Q0,2020Q2,Sensodyne,10,0.000756827530358244,10.4671022714476,7.19478420406434,-3.24289223897838,9.79977197342781,9.79979373559712,0.000222068119274683,-6.3752939308788
B00H88H4Q0,2020Q3,Sensodyne,11,0.000669792364367046,9.8454028335854,6.55512765876183,-3.05054450960085,9.64046588713434,9.64047119851444,5.50946412817385e-05,-2.0814956841774
B00H88H4Q0,2020Q4,Sensodyne,12,0.000376287845150026,9.76699395579335,6.48366348061555,-3.0271387587121,9.60538916042202,9.60539872036088,9.95268249982396e-05,-1.65450328078289
B00H88H4Q0,2021Q1,Sensodyne,13,0.000350676630558663,9.17211503242093,5.91371529811048,-2.84283745945962,9.58717715015169,9.58718064490028,3.64523210418514e-05,4.52529881071275
B00H88H4Q0,2021Q2,Sensodyne,14,0.000416020102091333,8.97510886573971,5.68133195566488,-2.78159484341297,9.60623529467316,9.60623747791107,2.27272999433226e-05,7.03198837599111
B00H88H4Q0,2021Q3,Sensodyne,15,0.000408409978272589,9.37001511223871,6.08436695532674,-2.90400757678407,9.60077078889576,9.60077573656792,5.15341140215873e-05,2.46275615956908
B00H88H4Q0,2021Q4,Sensodyne,16,0.000408409978272589,9.13951510630362,5.84701762531491,-2.83256972362523,9.60176552673986,9.60177005886506,4.72009568131298e-05,5.05776233405004
B00H88H4Q0,2022Q1,Sensodyne,17,0.00104655056932351,8.75344834022428,5.4685974153052,-2.71118581836487,9.59832822436844,9.59832984581894,1.68930512337889e-05,9.65198482650795
B00H88H4Q0,2022Q2,Sensodyne,18,0.000372106869092803,9.84229113572281,6.5596173389353,-3.05048879124315,9.59767854129847,9.5976797676684,1.27777766941371e-05,-2.4853092098301
B00I8YJZ4M,2018Q1,Tom's of Maine,1,0.00163363991309036,3.78,0.506609081748109,-1.17008281018069,3.78,3.78,,
B00I8YJZ4M,2018Q3,Tom's of Maine,3,0.000999690096070218,3.74005920327383,0.448995283394016,-1.15845444451357,3.74005920327383,3.74005920327383,,
B00I8YJZ4M,2019Q1,Tom's of Maine,5,0.000999690096070218,4.41094789573621,1.11315591640718,-1.36625703407596,4.41094789573621,4.41094789573621,,
B00I8YJZ4M,2019Q2,Tom's of Maine,6,0.00155765666131871,4.52412407486493,1.23481587474682,-1.40052981328498,4.52412407486493,4.52412407486493,,
B00I8YJZ4M,2022Q3,Tom's of Maine,19,0.000384938140440831,5.02881820031193,1.72860281287348,-1.55859610655727,4.13168795920667,4.13509160497911,0.0823790616823024,-17.7720999195673
B00I98BAAE,2019Q4,Other,8,0.000728035178659833,9.51635738313421,6.26027731251185,-2.94841971739111,9.51635738313421,9.51635738313421,,
B00I98BAAE,2020Q2,Other,10,0.000756827530358244,9.65233350365015,6.38878635783316,-2.990462555468,9.52085965263939,9.52086271015762,3.21138882357743e-05,-1.36206227688682
B00I98BAAE,2021Q2,Other,14,0.000416020102091333,9.2532630661242,6.00366586671336,-2.86780129517163,9.50934371111003,9.50934458839814,9.22553788883976e-06,2.76747262499695
B00I98BAAE,2022Q1,Other,17,0.000348850189774503,8.13754135257264,4.87471648941807,-2.52218267764768,9.51988615793804,9.51988724267078,1.13943877557339e-05,16.9872671634549
B00I98BAAE,2022Q2,Other,18,0.000372106869092803,8.10738076684095,4.84693392173196,-2.51277612240357,9.51350565390952,9.51350633050663,7.11196414230807e-06,17.3437711155334
B00I98BAAE,2022Q3,Other,19,0.000384938140440831,6.67438896029634,3.41525264194792,-2.06861259103012,9.51356145224683,9.51356290105741,1.52288981354492e-05,42.5383350843103
B00IAH1A40,2021Q2,Colgate,14,0.000416020102091333,2.41742075949367,-0.86519898389377,-0.74921488079497,2.41933306391673,2.42261295037352,0.135569860376456,0.214782257472645
B00IAH1A40,2022Q1,Colgate,17,0.000697700379549007,1.98718390432953,-1.32117591590702,-0.615700927610561,1.98923240634167,1.99120027003641,0.0989257810430692,0.20211343792218
B00IAH1A40,2022Q2,Colgate,18,0.00186053434546402,1.35298837183121,-1.9296854249563,-0.418716574074829,1.35467007670083,1.35682918549077,0.159382629547118,0.283876324403298
B00IAH1A40,2022Q3,Colgate,19,0.00153975256176332,1.34782434988495,-1.9523910375535,-0.417252489890441,1.35340288137245,1.35680652714488,0.251487995132817,0.666420462035644
B00ISUV79C,2020Q4,SENSODYNE PRONAMEL,12,0.000376287845150026,5.43217187887577,2.14884140369797,-1.68362324303241,5.43251228618443,5.43252184612329,0.000175976387253258,0.00644249216195103
B00ISUV79C,2021Q1,SENSODYNE PRONAMEL,13,0.000701353261117326,5.33621751167918,2.07781777736873,-1.65334574960134,5.34327665085465,5.34328014560324,6.54045975944175e-05,0.132352811867298
B00ISUV79C,2021Q2,SENSODYNE PRONAMEL,14,0.000832040204182666,5.3071660774208,2.01338916734598,-1.64412955982556,5.2979061858711,5.29790836910901,4.12094482963947e-05,-0.174437885996737
B00ISUV79C,2021Q3,SENSODYNE PRONAMEL,15,0.000408409978272589,5.1150766091225,1.82942845221053,-1.58529319865459,5.10848096406033,5.10848591173249,9.68521210142335e-05,-0.128848459048603
B00ISUV79C,2021Q4,SENSODYNE PRONAMEL,16,0.000408409978272589,5.06924168287002,1.77674420188131,-1.57108778153155,5.05679145168095,5.05679598380616,8.96245226772062e-05,-0.245514020487947
B00ISUV79C,2022Q1,SENSODYNE PRONAMEL,17,0.00104655056932351,5.46839257470142,2.18354164978234,-1.69371290279442,5.46015159847669,5.4601532199272,2.96960711511006e-05,-0.150672334907764
B00ISUV79C,2022Q3,SENSODYNE PRONAMEL,19,0.000384938140440831,5.1716020120032,1.89590128641013,-1.60284950449629,5.16717359115776,5.16717596973377,4.6032438688162e-05,-0.0855835824016049
B00IUU15GA,2019Q3,Orajel,7,0.000650283848900045,2.4202022762424,-0.807159464727367,-0.749901148519896,2.4202022762424,2.4202022762424,,
B00IUU15GA,2019Q4,Orajel,8,0.000728035178659833,2.37668379538337,-0.850929060073553,-0.736359626082512,2.37668379538337,2.37668379538337,,
B00IUU15GA,2020Q1,Orajel,9,0.000748371356834689,2.40107142857143,-0.829026236328005,-0.743900421737629,2.40103985945419,2.40104059232175,3.05229235194035e-05,-0.00128427040176904
B00IUU15GA,2020Q2,Orajel,10,0.000756827530358244,2.40187972710576,-0.831949390816508,-0.744144551566855,2.40425204124042,2.40425273674153,2.8927961974227e-05,0.0987980209413486
B00IUU15GA,2020Q3,Orajel,11,0.00167448091091762,2.37446158644802,-0.861639030725568,-0.734974346783149,2.40709538243533,2.40709600089354,2.56931325725691e-05,1.3743921835492
B00IUU15GA,2020Q4,Orajel,12,0.00112886353545008,3.88126002167774,0.652351985381188,-1.202034860717,2.40196979685585,2.40197073845718,3.92012144885755e-05,-38.1136351328791
B00IUU15GA,2021Q1,Orajel,13,0.00140270652223465,3.34572896394173,0.113665469370507,-1.03589562988206,2.40449679840445,2.4044975182264,2.99364902494153e-05,-28.1323279876929
B00IUU15GA,2021Q4,Orajel,16,0.000408409978272589,2.18899072669387,-1.03759008085869,-0.678424269297712,2.3974492238641,2.39744932568396,4.2470077308862e-06,9.52304623532743
B00J4YVQ6U,2021Q2,Colgate,14,0.000416020102091333,3.32857859793446,0.04595885454702,-1.03160387271204,3.33049090235752,3.33377078881431,0.0984805709714336,0.155988231225002
B00J4YVQ6U,2021Q3,Colgate,15,0.00122522993481777,3.03829291810876,-0.263841731863247,-0.940875293974537,3.04973369747222,3.05526897060609,0.181500212246742,0.55873653248335
B00J4YVQ6U,2022Q2,Colgate,18,0.000372106869092803,3.2378264600977,-0.0448473366898083,-1.00352176015906,3.23950816496732,3.24166727375726,0.0666492776058518,0.118623209331625
B00JUJ140M,2018Q1,Tom's of Maine,1,0.00326727982618071,7.54985047830112,4.27645956004923,-2.3331997766961,7.54985047830112,7.54985047830112,,
B00JUJ140M,2018Q2,Tom's of Maine,2,0.00285018027390232,8.21071621824693,4.90537625296744,-2.53849502999571,8.21071621824693,8.21071621824693,,
B00JUJ140M,2018Q3,Tom's of Maine,3,0.00199938019214044,7.47475544809587,4.18369152821606,-2.31293090769998,7.47475544809587,7.47475544809587,,
B00JUJ140M,2018Q4,Tom's of Maine,4,0.00103044979133392,12.7880702629516,9.5190154643404,-3.96088400888623,12.7880702629516,12.7880702629516,,
B00JUJ140M,2019Q1,Tom's of Maine,5,0.00399876038428087,10.9051691870752,7.60737720774617,-3.36765153560031,10.9051691870752,10.9051691870752,,
B00JUJ140M,2019Q2,Tom's of Maine,6,0.00155765666131871,9.77710489001003,6.48779668989192,-3.02669127978816,9.77710489001003,9.77710489001003,,
B00JUJ140M,2019Q3,Tom's of Maine,7,0.000650283848900045,8.74599264274713,5.45655760875372,-2.70995114421822,8.74599264274713,8.74599264274713,,
B00JUJ14VQ,2018Q1,Tom's of Maine,1,0.00163363991309036,8.98,5.70660908174811,-2.77972053847159,8.98,8.98,,
B00JUJ14VQ,2018Q2,Tom's of Maine,2,0.00142509013695116,13.1079444664245,9.80260450114501,-4.05835564501547,13.1079444664245,13.1079444664245,,
B00JUJ14VQ,2018Q4,Tom's of Maine,4,0.00103044979133392,10.4164239002718,7.1473691016606,-3.22630748877697,10.4164239002718,10.4164239002718,,
B00JUJ14VQ,2019Q2,Tom's of Maine,6,0.000778828330659356,11.3883123263841,8.09900412626599,-3.52822161970707,11.3883123263841,11.3883123263841,,
B00JUJ14VQ,2019Q3,Tom's of Maine,7,0.000650283848900045,12.0342523905208,8.74481735652739,-3.72882042869626,12.0342523905208,12.0342523905208,,
B00JUJ1BCS,2018Q2,Tom's of Maine,2,0.00285018027390232,8.91091183687787,5.60557187159838,-2.75497347726799,8.91091183687787,8.91091183687787,,
B00JUJ1BCS,2018Q3,Tom's of Maine,3,0.000999690096070218,8.87005729884806,5.57899337896825,-2.74743172299144,8.87005729884806,8.87005729884806,,
B00JUJ1BCS,2018Q4,Tom's of Maine,4,0.00103044979133392,11.2018766479014,7.9328218492902,-3.46958791841576,11.2018766479014,11.2018766479014,,
B00JUJ1BCS,2019Q1,Tom's of Maine,5,0.000999690096070218,11.1698168317418,7.87202485241277,-3.45976447159102,11.1698168317418,11.1698168317418,,
B00JUJ1BCS,2019Q2,Tom's of Maine,6,0.00233648499197807,10.7798993957987,7.49059119568059,-3.3345225459385,10.7798993957987,10.7798993957987,,
B00JUJ1BCS,2019Q3,Tom's of Maine,7,0.00130056769780009,11.0227076479902,7.73327261399679,-3.41317025457774,11.0227076479902,11.0227076479902,,
B00JUJ1BCS,2019Q4,Tom's of Maine,8,0.00145607035731967,9.27633461282758,5.98640152341013,-2.87196036503018,9.27633461282758,9.27633461282758,,
B00JUJ1BCS,2020Q1,Tom's of Maine,9,0.00261929974892141,6.58898745350242,3.29721068468163,-2.03757921115758,10.1662777956496,10.1807899167161,0.142747634466181,54.5122067474035
B00JUJ1BI2,2018Q2,Tom's of Maine,2,0.00285018027390232,8.91683462273565,5.61149465745616,-2.75680461624102,8.91683462273565,8.91683462273565,,
B00JUJ1BI2,2020Q4,Tom's of Maine,12,0.000376287845150026,11.4266198818754,8.14956598911496,-3.54151585247763,8.8880390243244,8.90489562924373,0.189654938206246,-22.0688556957387
B00JUJ1BI2,2021Q1,Tom's of Maine,13,0.000350676630558663,9.42286508860923,6.12118581244667,-2.92055581015343,8.91488618715606,8.92078590070906,0.0661782262739074,-5.32830708259958
B00JUJ1BI2,2022Q3,Tom's of Maine,19,0.000384938140440831,9.76340863661312,6.46319324917468,-3.02600135491255,8.91728857752061,8.92069222329305,0.0381690661106732,-8.63137501138546
B00JUJ1E0W,2018Q1,Tom's of Maine,1,0.00163363991309036,7.468452261226,4.19506134297411,-2.31182740992478,7.468452261226,7.468452261226,,
B00JUJ1E0W,2018Q2,Tom's of Maine,2,0.00285018027390232,8.36998654263294,5.06464657735345,-2.58773640140996,8.36998654263294,8.36998654263294,,
B00JUJ1E0W,2018Q3,Tom's of Maine,3,0.00499845048035109,7.43117788276424,4.14011396288443,-2.29253658289778,7.43117788276424,7.43117788276424,,
B00JUJ1E0W,2019Q1,Tom's of Maine,5,0.00299907028821066,8.10126935604279,4.80347737671376,-2.50428352052603,8.10126935604279,8.10126935604279,,
B00JUJ1E0W,2019Q2,Tom's of Maine,6,0.00155765666131871,8.23438315234598,4.94507495222787,-2.54911202876689,8.23438315234598,8.23438315234598,,
B00JUJ1E0W,2019Q3,Tom's of Maine,7,0.00195085154670013,7.15587158942885,3.86643655543544,-2.21436560622758,7.15587158942885,7.15587158942885,,
B00JUJ1E0W,2019Q4,Tom's of Maine,8,0.00364017589329916,7.33502037643508,4.04508728701763,-2.26596079823584,7.33502037643508,7.33502037643508,,
B00JUJ1E0W,2020Q1,Tom's of Maine,9,0.00261929974892141,7.65740636260057,4.36562959377977,-2.36797719314628,7.71773791337787,7.73225003444442,0.188035940445591,0.977402377512449
B00JUJ1E0W,2020Q2,Tom's of Maine,10,0.000756827530358244,7.74047069949872,4.46311947748269,-2.39813385849075,7.70985606185784,7.71941159643687,0.12393920849321,-0.272064889583668
B00JUJ1E0W,2020Q3,Tom's of Maine,11,0.000669792364367046,7.08494157951816,3.80363478677247,-2.19523060676748,7.71325513180046,7.71914059082792,0.07630318104215,8.95136543035391
B00JUJ1E0W,2020Q4,Tom's of Maine,12,0.000376287845150026,7.6095776335957,4.33252374083526,-2.35847871887161,7.71367265449582,7.73052925941515,0.218528911899083,1.58946569235927
B00JUJ1E0W,2021Q1,Tom's of Maine,13,0.00140270652223465,7.52035682410363,4.21867754794107,-2.32843271322988,7.74051982159291,7.7464195351459,0.0762185704445569,3.006010437134
B00JUJ1E0W,2021Q2,Tom's of Maine,14,0.00208010051045667,7.39733078101124,4.1147110376238,-2.28878807665817,7.72166034060742,7.72494022706422,0.04247644045602,4.4287521506263
B00JUJ1E0W,2021Q3,Tom's of Maine,15,0.00122522993481777,7.24867896580062,3.94654431582861,-2.24471541641877,7.75070372175773,7.7562389948916,0.0714163943376093,7.00210385210398
B00JUJ1E0W,2021Q4,Tom's of Maine,16,0.00204204989136295,7.10631355548587,3.81106834238477,-2.19882906331897,7.76302635351353,7.76740625077242,0.0564199715347194,9.30289228197936
B00JUJ1E0W,2022Q1,Tom's of Maine,17,0.00174425094887252,6.95771407060443,3.64935425036788,-2.15349197433592,7.74753661400884,7.74950447770357,0.0253998631148757,11.3800365905286
B00JUJ1E0W,2022Q2,Tom's of Maine,18,0.000372106869092803,6.8643146142171,3.58164081742959,-2.12750410463224,7.72148379326642,7.72364290205635,0.0279623560411559,12.5187777095683
B00JUJ1E0W,2022Q3,Tom's of Maine,19,0.00153975256176332,7.38938971112651,4.08917432368806,-2.28756904117478,7.74292221197606,7.74632585774849,0.0439581553223925,4.83038736046806
B00JUJ1EFC,2018Q4,Tom's of Maine,4,0.00103044979133392,8.486559349928,5.2175045513168,-2.62856525874571,8.486559349928,8.486559349928,,
B00JUJ1EFC,2019Q2,Tom's of Maine,6,0.000778828330659356,8.36638501957189,5.07707681945378,-2.59199604461667,8.36638501957189,8.36638501957189,,
B00JUJ1EFC,2021Q1,Tom's of Maine,13,0.000701353261117326,10.8507336753455,7.54905439918294,-3.36193462184104,8.45068221930057,8.45658193285357,0.0698134588414801,-22.0644226844476
B00KS6X5OO,2020Q2,Other,10,0.000756827530358244,2.12427187184169,-1.1392752739753,-0.658136759155099,2.12130706604918,2.1213101235674,0.000144133693669917,-0.139424162864743
B00KS6X5OO,2020Q3,Other,11,0.000334896182183523,2.20585522852542,-1.04444360262834,-0.683701288499684,2.2034497564843,2.20345104322598,5.8396687894619e-05,-0.108991073772635
B00KS6X5OO,2020Q4,Other,12,0.00112886353545008,1.61560128150462,-1.63411835826223,-0.500355310012997,1.6134221288872,1.61342577616377,0.000226058419658755,-0.134656079179818
B00KS6X5OO,2021Q2,Other,14,0.000832040204182666,1.55358763990987,-1.69600955950097,-0.481292525105374,1.55305683966892,1.55305771695703,5.64878299490563e-05,-0.0341096272413854
B00KS6X5OO,2022Q1,Other,17,0.000348850189774503,1.75276387227386,-1.51006099088071,-0.543258766391177,1.74954785763239,1.74954894236513,6.20007470443029e-05,-0.183420594158989
B00KS6X5OO,2022Q3,Other,19,0.000384938140440831,1.53636877953991,-1.72276753880851,-0.476171200199385,1.53051660472955,1.53051805354014,9.46615397792723e-05,-0.38081521036395
B00MOZJX4S,2020Q4,Sensodyne,12,0.000752575690300052,5.46818895278485,2.18485847760705,-1.69414824755626,5.46852936009351,5.46853892003237,0.000174817363676757,0.00640005768897112
B00MOZJX4S,2021Q2,Sensodyne,14,0.001248060306274,4.56818793058235,1.27441102050752,-1.41460913429904,4.55892803903265,4.55893022227056,4.7889282085377e-05,-0.202656030191173
B00MOZJX4S,2021Q3,Sensodyne,15,0.00122522993481777,4.51114985384149,1.22550169692953,-1.39697835570717,4.50455420877932,4.50455915645148,0.000109837110128105,-0.146097948495194
B00MOZJX4S,2022Q1,Sensodyne,17,0.000697700379549007,4.63801438180957,1.35316345689049,-1.43702339321974,4.62977340558484,4.62977502703535,3.50222432608438e-05,-0.177648323095725
B00MOZJX4S,2022Q2,Sensodyne,18,0.000372106869092803,4.55346043069149,1.27078663390398,-1.41128521943214,4.54674689709767,4.5467481234676,2.69724697001834e-05,-0.147411124485664
B00MOZJX4S,2022Q3,Sensodyne,19,0.000384938140440831,5.4318612041657,2.15616047857263,-1.68351238540439,5.42743278332026,5.42743516189627,4.38250662595793e-05,-0.0814829779897996
B00NIAULVC,2019Q2,Other,6,0.000778828330659356,7.06719944691652,3.80894735972027,-2.1894943837837,7.06719944691652,7.06719944691652,,
B00NIAULVC,2019Q3,Other,7,0.000650283848900045,6.63854680591792,3.38151382704038,-2.05695776883169,6.63854680591792,6.63854680591792,,
B00NIAULVC,2021Q1,Other,13,0.000350676630558663,8.44092323568803,5.19402659120686,-2.61620931290298,6.8425656295977,6.84256754880933,2.80481290036457e-05,-18.935792237997
B00NIAULVC,2021Q3,Other,15,0.000408409978272589,6.92685687496553,3.68304657227709,-2.14681028869682,6.83732775798579,6.83732930680672,2.26524306327358e-05,-1.29247030471176
B00NIAULVC,2022Q3,Other,19,0.000384938140440831,5.47189309599474,2.21275677764632,-1.69591958492076,6.84851473507037,6.84851618388095,2.11551064783904e-05,25.1580771724845
B00QJA4GB4,2018Q3,Other,3,0.000999690096070218,15.8401021041821,12.5822708480124,-4.90634925459897,15.8401021041821,15.8401021041821,,
B00QJA4GB4,2019Q1,Other,5,0.000999690096070218,15.6492935263512,12.3881692363942,-4.84724777170104,15.6492935263512,15.6492935263512,,
B00QJA4GB4,2019Q2,Other,6,0.000778828330659356,15.5918993546567,12.3336472674604,-4.83053808314925,15.5918993546567,15.5918993546567,,
B00QJA4GB4,2020Q2,Other,10,0.000378413765179122,15.4809541242287,12.2174069784117,-4.79808800936287,15.6952781238059,15.6952811813241,1.94804972795993e-05,1.38445638024323
B00QJA4GB4,2020Q4,Other,12,0.000752575690300052,15.2687318196795,12.0190121799127,-4.73054158846189,15.682236270179,15.6822399174556,2.32573754358901e-05,2.70820198206057
B00QJA4GB4,2021Q1,Other,13,0.000350676630558663,15.1510453892986,11.9041487448174,-4.69596807611149,15.6820308154291,15.6820327346407,1.22382850805583e-05,3.50462513772907
B00QJA4GB4,2021Q2,Other,14,0.000416020102091333,15.857906835443,12.6083096360322,-4.9147339091531,15.6837621835124,15.6837630608005,5.59360754777545e-06,-1.09815107661815
B00QJA4GB4,2021Q4,Other,16,0.000408409978272589,15.2900046649887,12.0448613918284,-4.73876390425397,15.6754657837429,15.6754670669194,8.1858905807096e-06,2.52100905379919
B00QJA4GB4,2022Q1,Other,17,0.000348850189774503,14.9645518542376,11.701726991083,-4.63817409094777,15.6943046308358,15.6943057155685,6.9116330302946e-06,4.87655005267857
B00QJA4GB4,2022Q2,Other,18,0.000372106869092803,14.6513448863755,11.3908980412665,-4.54099180121883,15.6879241261767,15.6879248027738,4.31285303980972e-06,7.07498133746214
B00QJA4GB4,2022Q3,Other,19,0.000384938140440831,14.335506916661,11.0763705983126,-4.44304494134361,15.687979925678,15.6879813744886,9.23516343743748e-06,9.43443762184455
B00T69D4WM,2020Q1,Tom's of Maine,9,0.000374185678417344,5.45492796968282,2.16315120086202,-1.69067972024195,5.44376082088395,5.45827294195049,0.266582635498494,0.0613201913253869
B00T69D4WM,2021Q2,Tom's of Maine,14,0.000832040204182666,9.7399675055702,6.45734776218276,-3.01738597474432,9.74187980999326,9.74515969645005,0.0336679010700485,0.0533080924231211
B00T69D4WM,2021Q3,Tom's of Maine,15,0.000408409978272589,10.601457717327,7.29932306735499,-3.28566316780656,10.6128984966905,10.6184337698243,0.0521560922833574,0.16012941757606
B00T69D4WM,2022Q2,Tom's of Maine,18,0.000372106869092803,10.4823563760947,7.19968257930719,-3.2488686008316,10.4840380809643,10.4861971897543,0.0205942478772034,0.0366407468106456
B00USCCC5G,2020Q1,Other,9,0.000374185678417344,6.71301875142305,3.47077087356316,-2.08060761346676,6.71183223286397,6.71183463436326,3.5780085140853e-05,-0.0176391144377508
B00USCCC5G,2022Q1,Other,17,0.000697700379549007,6.08249916113488,2.81967429798031,-1.88457664514184,6.07928314649341,6.07928423122615,1.78431028085508e-05,-0.0528554106389301
B00USCCC5G,2022Q2,Other,18,0.000744213738185607,6.02783406449467,2.76738721938568,-1.86755250450203,6.02061556393216,6.02061624052927,1.12380056017613e-05,-0.119741583596589
B00WQ1BZU0,2018Q1,Other,1,0.00163363991309036,13.9,10.6374278840493,-4.30268546600837,13.9,13.9,,
B00WQ1BZU0,2022Q1,Other,17,0.000348850189774503,8.79905079598786,5.53622593283329,-2.7272136061547,13.8970367211973,13.8970378059301,7.80549670049692e-06,57.9379199886738
B00WQ1BZU0,2022Q2,Other,18,0.000372106869092803,7.68876995801565,4.42832311290666,-2.38303320354395,13.8906562147624,13.8906568913595,4.87087939058946e-06,80.6616268559094
B00WQ1BZU0,2022Q3,Other,19,0.000384938140440831,6.23913850698938,2.98000218864096,-1.9337141646246,13.8907120173513,13.8907134661619,1.04300671022669e-05,122.638324996325
B012T95DI8,2019Q3,Other,7,0.000650283848900045,2.0185887766642,-1.23844420221334,-0.625460961205312,2.0185887766642,2.0185887766642,,
B012T95DI8,2019Q4,Other,8,0.000728035178659833,1.88595151374551,-1.37012855687685,-0.58431775996831,1.88595151374551,1.88595151374551,,
B012T95DI8,2020Q1,Other,9,0.000374185678417344,1.89,-1.3522478778599,-0.585779443654703,1.93677497964887,1.93677738114816,0.000123994749679667,2.47499371154267
B012T95DI8,2020Q2,Other,10,0.00151365506071649,1.95884550298275,-1.30470164283424,-0.606425107802227,1.95629596047905,1.95629901799728,0.000156291189547965,-0.129999276696224
B012T95DI8,2020Q3,Other,11,0.00133958472873409,1.65053499074074,-1.59976384041302,-0.511066520452882,1.94360697917257,1.94360826591425,6.62037999964719e-05,17.7562594442172
B015LW1HL2,2020Q1,hello,9,0.000374185678417344,3.83007679845709,0.589048053686819,-1.1870795006111,3.82882054626231,3.88416979466223,1.44559526180835,1.41232145075858
B015LW1HL2,2020Q4,hello,12,0.00225772707090016,4.64753953571065,1.4051957320721,-1.4377266606571,4.647312572615,4.69859669812773,1.10352219075885,1.09858478932272
B015LW1HL2,2021Q1,hello,13,0.000350676630558663,3.76725768572654,0.535194191155317,-1.16763704233589,3.76635510011485,3.84448543311757,2.0744282184211,2.04997252201866
B015ZRTHVA,2018Q3,Other,3,0.000999690096070218,6.89789283136782,3.64006157519816,-2.13656901507912,6.89789283136782,6.89789283136782,,
B015ZRTHVA,2018Q4,Other,4,0.00103044979133392,6.88664184422433,3.63457003069605,-2.13301843005507,6.88664184422433,6.88664184422433,,
B015ZRTHVA,2019Q1,Other,5,0.00199938019214044,6.87723695534229,3.61611266538527,-2.12803937520655,6.87723695534229,6.87723695534229,,
B015ZRTHVA,2019Q2,Other,6,0.00155765666131871,6.81459598373186,3.55634389653561,-2.10958954325175,6.81459598373186,6.81459598373186,,
B015ZRTHVA,2019Q3,Other,7,0.00130056769780009,6.79194983785095,3.53491685897341,-2.10312038543123,6.79194983785095,6.79194983785095,,
B015ZRTHVA,2019Q4,Other,8,0.000728035178659833,6.74550626456594,3.48942619394358,-2.08993660846322,6.74550626456594,6.74550626456594,,
B015ZRTHVA,2020Q1,Other,9,0.00112255703525203,6.72213154856775,3.47988367070786,-2.08187223483513,6.81963322920296,6.81963563070225,3.52144933384779e-05,1.45049351429714
B015ZRTHVA,2020Q2,Other,10,0.000378413765179122,6.80027681566211,3.53672966984512,-2.10764313282934,6.83915421011293,6.83915726763115,4.47060869387076e-05,0.571748077659073
B015ZRTHVA,2020Q3,Other,11,0.000334896182183523,6.73315635257324,3.48285752141948,-2.0869310072545,6.82646522910671,6.82646651584839,1.88493112389492e-05,1.38583092964251
B015ZRTHVA,2020Q4,Other,12,0.000376287845150026,6.68227985663743,3.43256021687058,-2.07107616142117,6.82611235694614,6.8261160042227,5.34312413573444e-05,2.1525011024853
B015ZRTHVA,2021Q2,Other,14,0.000832040204182666,6.50261440916292,3.25301720975208,-2.01447258485796,6.82763826856659,6.8276391458547,1.28490712809953e-05,4.99837013607611
B015ZRTHVA,2021Q3,Other,15,0.000408409978272589,6.37767792720127,3.13386762451283,-1.97660567256609,6.82066903354107,6.820670582362,2.2707756671583e-05,6.94598661483561
B015ZRTHVA,2021Q4,Other,16,0.000816819956545178,6.21677261520803,2.97162934204773,-1.92594977671724,6.81934186961902,6.81934315279549,1.88167201183703e-05,9.69265847223362
B015ZRTHVA,2022Q1,Other,17,0.000348850189774503,6.15669319959511,2.89386833644054,-1.90823054124338,6.83818071710965,6.83818180184239,1.58628849795917e-05,11.0690687379403
B015ZRTHVA,2022Q2,Other,18,0.000372106869092803,5.97161133405882,2.71116448894983,-1.85082245475247,6.83180021273598,6.83180088933309,9.9036431319746e-06,14.4046473749592
B015ZRTHVA,2022Q3,Other,19,0.000769876280881662,7.14563916662164,3.88650284827322,-2.2138156858852,6.8318560140717,6.83185746288229,2.12066908395035e-05,-4.391233540102
B0195UTEXE,2020Q1,Colgate,9,0.000374185678417344,1.75665176470588,-1.53512500411492,-0.544449996520879,1.74548461590701,1.75999673697355,0.831409279365429,0.190417493943862
B0195UTEXE,2020Q3,Colgate,11,0.00100468854655057,1.60185155662951,-1.67945523611618,-0.496158662097471,1.59667160301586,1.60255706204332,0.36860798528288,0.0440431206556458
B0195UTEXE,2020Q4,Colgate,12,0.000376287845150026,1.74943807405529,-1.52761581870515,-0.542213072303397,1.74892854250848,1.7657851474278,0.96382467948919,0.934418520720781
B0195UTEXE,2021Q1,Colgate,13,0.00105202989167599,1.57611286409327,-1.72556641206929,-0.488163206175941,1.57782511649507,1.58372483004806,0.373914288175528,0.482958176930692
B0195UTEXE,2021Q3,Colgate,15,0.000408409978272589,1.4780884466475,-1.8240462033245,-0.458097452011024,1.48952922601096,1.49506449914483,0.37161225420831,1.1485139834382
B019FGCLL0,2019Q1,Crest,5,0.000999690096070218,2.45350196586171,-0.81422840382702,-0.759953279479461,2.45350196586171,2.45350196586171,,
B019FGCLL0,2021Q3,Crest,15,0.000816819956545178,1.80778927656219,-1.44940021170809,-0.560051262777329,2.4433131001328,2.44331606969381,0.000121538292376221,35.154915529767
B019FGCLL0,2021Q4,Crest,16,0.00122522993481777,1.77687315713316,-1.48974761874504,-0.550248478054505,2.45255161367202,2.45255504865345,0.000140057457191126,38.0264561264712
B019FGCM00,2018Q1,Crest,1,0.00326727982618071,5.3378365995264,2.04808227208857,-1.64960076995561,5.3378365995264,5.3378365995264,,
B019FGCM00,2018Q2,Crest,2,0.00142509013695116,5.67878322483185,2.40689279730222,-1.75821022253705,5.67878322483185,5.67878322483185,,
B019FGCM00,2018Q3,Crest,3,0.00499845048035109,5.64375003522302,2.35938677790366,-1.74111071281025,5.64375003522302,5.64375003522302,,
B019FGCM00,2018Q4,Crest,4,0.0061826987480035,5.62362498671268,2.34772722447468,-1.73283721006909,5.62362498671268,5.62362498671268,,
B019FGCM00,2019Q1,Crest,5,0.00299907028821066,5.60803543347086,2.34030506378213,-1.73356916075029,5.60803543347086,5.60803543347086,,
B019FGCM00,2019Q2,Crest,6,0.00233648499197807,7.43903257955543,4.14972437943732,-2.30109956927485,7.43903257955543,7.43903257955543,,
B019FGCM00,2020Q4,Crest,12,0.000376287845150026,12.4277021654201,9.15690090359214,-3.8517868524285,5.8897835351987,5.88979267412403,0.000155165725163323,-52.6075488796932
B019MEOV1S,2018Q1,Crest,1,0.00326727982618071,3.92,0.630245672562175,-1.21143367685698,3.92,3.92,,
B019MEOV1S,2018Q4,Crest,4,0.00103044979133392,3.92823338819173,0.652335625953733,-1.21670248055631,3.92823338819173,3.92823338819173,,
B019MEOV1S,2019Q1,Crest,5,0.000999690096070218,4.71978892228016,1.45205855259143,-1.46191815610708,4.71978892228016,4.71978892228016,,
B019MEOV1S,2019Q2,Crest,6,0.00155765666131871,3.84616373721073,0.556855537092622,-1.19065412256626,3.84616373721073,3.84616373721073,,
B01B4OB2FC,2018Q3,hello,3,0.000999690096070218,3.91587813862189,0.677666265512737,-1.21291300145441,3.91587813862189,3.91587813862189,,
B01B4OB2FC,2018Q4,hello,4,0.00103044979133392,4.4204932112734,1.17852675321727,-1.36917146308216,4.4204932112734,4.4204932112734,,
B01B4OB2FC,2019Q3,hello,7,0.000650283848900045,3.8489963911325,0.621634650162733,-1.19261387475454,3.8489963911325,3.8489963911325,,
B01B4OB2FC,2019Q4,hello,8,0.000728035178659833,3.83224763275068,0.592834151158681,-1.18733187788353,3.83224763275068,3.83224763275068,,
B01B4OB2FC,2020Q1,hello,9,0.00112255703525203,3.81280736189558,0.571778617125309,-1.18084237509405,4.00743794715193,4.06278719555184,1.38116295572961,6.55631952861062
B01B4OB2FC,2020Q2,hello,10,0.00151365506071649,3.72891404070668,0.490169560526445,-1.15440809174459,4.00248276803474,4.04994875766011,1.18591365350644,8.60933541103
B01B4OB2FC,2020Q4,hello,12,0.000752575690300052,3.75323449375458,0.510890690116031,-1.16282295567416,4.00978229498368,4.06106642049641,1.27897530937999,8.20177708731129
B01B4OB2FC,2021Q1,hello,13,0.000701353261117326,3.74558065843433,0.513517163863107,-1.16051113880901,3.99882636340616,4.07695669640889,1.9538315971333,8.84712059873447
B01B4OB2FC,2021Q3,hello,15,0.000816819956545178,3.10799930397972,-0.122541275807334,-0.962854995032947,3.99846158372069,4.08677615533938,2.2087137707725,31.4921837371829
B01B4OB2FC,2021Q4,hello,16,0.00163363991309036,3.40786700923338,0.177326429446325,-1.05489063674229,3.9973061908802,4.09794341223128,2.51762603477019,20.2495109441827
B01B4OB2FC,2022Q1,hello,17,0.000348850189774503,3.42815571874337,0.200640840632857,-1.06253653228562,3.99489566132203,4.08004163951288,2.13136926241211,19.0156449780079
B01B4OB2FC,2022Q3,hello,19,0.000769876280881662,4.19191734666136,0.962925420463598,-1.29871270569078,3.99633104433731,4.07686301987704,2.01514776043983,-2.74467069051246
B01BI9K02Y,2019Q2,Sensodyne,6,0.000778828330659356,5.77261064287478,2.51179296245092,-1.78841685129728,5.77261064287478,5.77261064287478,,
B01BI9K02Y,2020Q1,Sensodyne,9,0.000374185678417344,5.74304036244776,2.47992599209557,-1.77997618433923,5.76870839457204,5.7687132057016,8.34004638570603e-05,0.447025297292081
B01BI9K02Y,2020Q2,Sensodyne,10,0.000378413765179122,5.9291022215973,2.65678415421404,-1.83763571983004,5.98984665772001,5.98986841988933,0.000363317636630154,1.02488026046641
B01BI9K02Y,2020Q3,Sensodyne,11,0.000334896182183523,5.73885460210708,2.44857942728351,-1.77874877518406,5.83054057161399,5.83054588299408,9.10958431813163e-05,1.59772789596968
B01BI9K02Y,2020Q4,Sensodyne,12,0.000752575690300052,5.71674299609326,2.43341252091546,-1.77115498608155,5.79546384476275,5.79547340470161,0.000164955543096559,1.37718992549001
B01BI9K02Y,2021Q2,Sensodyne,14,0.001248060306274,5.18517486957787,1.89139795950304,-1.60566855937287,5.79630997959386,5.79631216283177,3.76659964534748e-05,11.786242675045
B01BI9K02Y,2021Q3,Sensodyne,15,0.00122522993481777,4.83807030062356,1.55242214371159,-1.49821657722263,5.79084547216331,5.79085041983548,8.54395474561414e-05,19.693391373191
B01BNEUV9Q,2020Q3,Colgate,11,0.00100468854655057,7.66104281836744,4.37973602562175,-2.37293695492645,7.65586286475379,7.66174832378125,0.0768751887466155,0.00920899974763412
B01BNEUV9Q,2020Q4,Colgate,12,0.000376287845150026,10.682649639149,7.40559574638856,-3.31093301734137,10.6821401076022,10.6989967125215,0.157801758351148,0.153024520364364
B01BNEUV9Q,2021Q1,Colgate,13,0.000701353261117326,9.45469973536329,6.15302045920073,-2.92939476080331,9.45641198776508,9.46231170131808,0.0623884995771191,0.0805098645948688
B01BNEUV9Q,2022Q1,Colgate,17,0.000348850189774503,8.67427280348701,5.36591298325046,-2.68853940744997,8.67632130549915,8.67828916919389,0.0226808531570489,0.0463020451150875
B01BNEUV9Q,2022Q2,Colgate,18,0.000372106869092803,10.0979178781939,6.81524408140639,-3.1297169406544,10.0995995830635,10.1017586918535,0.0213781622941899,0.0380356991003916
B01BNEUV9Q,2022Q3,Colgate,19,0.000384938140440831,9.97326025632332,6.67304486888487,-3.09104127172934,9.97883878781082,9.98224243358325,0.0341086357321547,0.0900625976770098
B01BNEWDFQ,2018Q2,Colgate,2,0.00142509013695116,5.93848014883395,2.63314018355446,-1.83861508542129,5.93848014883395,5.93848014883395,,
B01BNEWDFQ,2018Q3,Colgate,3,0.00299907028821066,8.29874350768194,5.00767958780213,-2.56532719676313,8.29874350768194,8.29874350768194,,
B01BNEWDFQ,2018Q4,Colgate,4,0.00103044979133392,8.74270739455704,5.47365259594584,-2.7079026937939,8.74270739455704,8.74270739455704,,
B01BNEWDFQ,2019Q1,Colgate,5,0.000999690096070218,8.72365641740256,5.42586443807353,-2.70208518097873,8.72365641740256,8.72365641740256,,
B01BNEWDFQ,2019Q2,Colgate,6,0.00233648499197807,9.66281986745954,6.37351166734143,-2.9889787949175,9.66281986745954,9.66281986745954,,
B01BNEWDFQ,2019Q3,Colgate,7,0.00390170309340027,7.69442616744553,4.40499113345212,-2.37636580539122,7.69442616744553,7.69442616744553,,
B01BNEWDFQ,2019Q4,Colgate,8,0.0065523166079385,7.65724750904755,4.3673144196301,-2.35859051037296,7.65724750904755,7.65724750904755,,
B01BNEWDFQ,2020Q1,Colgate,9,0.00261929974892141,7.50759154457135,4.21581477575055,-2.32164844219724,8.09291733666436,8.10742945773091,0.179318785338438,7.98975156810835
B01BNEWDFQ,2020Q2,Colgate,10,0.0034057238866121,7.68697655002757,4.40962532801154,-2.37524714603033,8.08503548597015,8.09459102054919,0.118187911427423,5.30266311948298
B01BNEWDFQ,2020Q3,Colgate,11,0.00301406563965171,7.59713865146609,4.3158318587204,-2.3484101245498,8.08843455643975,8.09432001546721,0.0727638826325551,6.54432394629485
B01BNEWDFQ,2020Q4,Colgate,12,0.00451545414180031,7.54497205582764,4.2679181630672,-2.32877225451937,8.08885207797215,8.10570868289148,0.208393042137984,7.43192450435559
B01BNEWDFQ,2021Q1,Colgate,13,0.00245473641391064,7.47384570176,4.17216642559744,-2.31159421376377,8.11569924510955,8.12159895866255,0.0726950737677049,8.66693376811361
B01BNEWDFQ,2021Q2,Colgate,14,0.00166408040836533,7.25006930812063,3.96744956473319,-2.24415947493554,8.0968397638996,8.10011965035639,0.0405082297838839,11.7247202214142
B01BNEWDFQ,2021Q3,Colgate,15,0.00204204989136295,7.22829642546347,3.92616177549146,-2.23657289176667,8.12588314533258,8.13141841846645,0.0681190343852326,12.4942578422975
B01BNEWDFQ,2021Q4,Colgate,16,0.00490091973927107,7.04463008626893,3.74938487316783,-2.1734986676174,8.13820577738569,8.14258567464457,0.0538189544316608,15.5857096104411
B01BNEWDFQ,2022Q1,Colgate,17,0.00627930341594106,6.92394491680221,3.61558509656566,-2.13330425488548,8.12271603755387,8.12468390124861,0.0242266710499235,17.341833288312
B01BNEWDFQ,2022Q2,Colgate,18,0.00260474808364962,7.02672168440931,3.7440478876218,-2.17297589628527,8.09666321724851,8.09882232603844,0.026666649359097,15.2574798004008
B01BNEWDFQ,2022Q3,Colgate,19,0.00461925768528997,8.37144382551469,5.07122843807624,-2.58359515691457,8.11810163724343,8.12150528301586,0.0419266218202842,-2.98560854863599
B01BNHREXE,2018Q1,Colgate,1,0.00163363991309036,2.98139816569636,-0.29199275255553,-0.922879032800413,2.98139816569636,2.98139816569636,,
B01BNHREXE,2018Q4,Colgate,4,0.00103044979133392,2.94578814223616,-0.323266656375042,-0.912407025159463,2.94578814223616,2.94578814223616,,
B01BNHREXE,2019Q1,Colgate,5,0.000999690096070218,2.91661277869505,-0.381179200633977,-0.903398276007714,2.91661277869505,2.91661277869505,,
B01BNHREXE,2019Q2,Colgate,6,0.000778828330659356,2.89582941860966,-0.393478781508448,-0.897159093367294,2.89582941860966,2.89582941860966,,
B01BNHREXE,2019Q3,Colgate,7,0.000650283848900045,2.90618666906216,-0.383248364931252,-0.900483708463651,2.90618666906216,2.90618666906216,,
B01BNHREXE,2019Q4,Colgate,8,0.00145607035731967,2.88528939460449,-0.404643694812955,-0.893287826367031,2.88528939460449,2.88528939460449,,
B01BNHREXE,2020Q1,Colgate,9,0.000374185678417344,2.88321428571429,-0.408562483106507,-0.893612518636512,2.91764137811748,2.93215349918402,0.497392214663177,1.69738384386535
B01BNHREXE,2021Q3,Colgate,15,0.000816819956545178,2.89215611115258,-0.409978538819424,-0.895986995387208,2.95060718742786,2.95614246056173,0.187597764875566,2.21240994434611
B01BNHREXE,2021Q4,Colgate,16,0.000408409978272589,3.35881573043311,0.06357051733201,-1.04098298811269,2.96292981960248,2.96730971686137,0.147823186020422,-11.6560730028872
B01BNHREXE,2022Q1,Colgate,17,0.00104655056932351,2.79222733096231,-0.516132489274242,-0.864830275694737,2.94744008010459,2.94940794379932,0.0667651806738213,5.62921976638782
B01BNHREXE,2022Q2,Colgate,18,0.00111632060727841,3.3516260544729,0.068952257685392,-1.03801907750589,2.92138726081655,2.92354636960648,0.0739069694350941,-12.7722985174652
B01BNHREXE,2022Q3,Colgate,19,0.000769876280881662,3.23930591437799,-0.0609094730604562,-1.00358079626083,2.94282567752686,2.94622932329929,0.115659102692499,-9.04751199254915
B01CWYES90,2018Q2,Other,2,0.00142509013695116,5.94383158154965,2.68607031767477,-1.84027194452886,5.94383158154965,5.94383158154965,,
B01CWYES90,2022Q2,Other,18,0.000372106869092803,4.30313190011851,1.04268505500952,-1.33369918117021,5.93929865855992,5.93929933515703,1.13918688292214e-05,38.0227116671339
B01CWYES90,2022Q3,Other,19,0.000384938140440831,4.18933344803506,0.930197129686643,-1.29841217977865,5.93935445886567,5.93935590767625,2.4393401564737e-05,41.7732911774309
B01CWYEUWK,2018Q1,Other,1,0.00326727982618071,5.98195824934176,2.71938613339104,-1.84865961142985,5.98195824934176,5.98195824934176,,
B01CWYEUWK,2018Q2,Other,2,0.00142509013695116,5.93848014883395,2.68071888495907,-1.83861508542129,5.93848014883395,5.93848014883395,,
B01CWYEUWK,2020Q4,Other,12,0.000376287845150026,5.71330994093772,2.46359030117087,-1.77075792623882,5.94759299579766,5.94759664307423,6.13235736093648e-05,4.10071752729124
B01CWYEUWK,2022Q3,Other,19,0.000384938140440831,4.20720285809149,0.948066539743073,-1.30395049749686,5.95333665037115,5.95333809918173,2.43361105083554e-05,41.5034715459939
B01FA7PEQ2,2018Q1,Other,1,0.00163363991309036,15.9470659121785,12.6844937962278,-4.93634595149697,15.9470659121785,15.9470659121785,,
B01FA7PEQ2,2018Q2,Other,2,0.00142509013695116,15.9025820954573,12.6448208315824,-4.92360445855821,15.9025820954573,15.9025820954573,,
B01FA7PEQ2,2021Q4,Other,16,0.000408409978272589,13.3551306196841,10.1099873465238,-4.13909690047846,15.9054273107985,15.905428593975,8.06753853260261e-06,19.0960167063583
B01FA7PEQ2,2022Q2,Other,18,0.000744213738185607,13.6817710767484,10.4213242316394,-4.23890663993368,15.9178856534536,15.9178863300507,4.25054636974162e-06,16.3437557956404
B01J37CQQ6,2018Q2,Colgate,2,0.00142509013695116,2.96695432868672,-0.338385636592771,-0.918599852110397,2.96695432868672,2.96695432868672,,
B01J37CQQ6,2019Q2,Colgate,6,0.00155765666131871,2.91508447321643,-0.37422372690168,-0.90242058914037,2.91508447321643,2.91508447321643,,
B01J37CQQ6,2019Q3,Colgate,7,0.000650283848900045,2.83378809031705,-0.455646943676362,-0.878050964768996,2.83378809031705,2.83378809031705,,
B01J37CQQ6,2020Q1,Colgate,9,0.00187092839208672,2.82007802213917,-0.471698746681628,-0.872735595020933,2.89119085078167,2.90570297184822,0.501942687824422,3.0362617288191
B01J37CQQ6,2020Q3,Colgate,11,0.000669792364367046,3.06306448094593,-0.218242311799758,-0.949073866538805,2.88670807030392,2.89259352933138,0.203881337638693,-5.5653726088686
B01J37CQQ6,2020Q4,Colgate,12,0.000752575690300052,2.57635825660056,-0.700695636159885,-0.798204462790934,2.88712559146319,2.90398219638252,0.583854230975242,12.7165520921866
B01KZOTRG8,2018Q1,Crest,1,0.00326727982618071,7.84,4.55024567256217,-2.42286735371395,7.84,7.84,,
B01KZOTRG8,2018Q3,Crest,3,0.000999690096070218,9.87653645895531,6.59217320163595,-3.05918086731405,9.87653645895531,9.87653645895531,,
B01KZOTRG8,2018Q4,Crest,4,0.00103044979133392,9.82257785220552,6.54668008996752,-3.04237392670229,9.82257785220552,9.82257785220552,,
B01KZOTRG8,2019Q2,Crest,6,0.00623062664527485,9.7277135907498,6.43840539063169,-2.99730710955837,9.7277135907498,9.7277135907498,,
B01KZOTRG8,2019Q3,Crest,7,0.00325141924450022,9.69410978882557,6.41120663888089,-2.99590763748488,9.69410978882557,9.69410978882557,,
B01KZOTRG8,2019Q4,Crest,8,0.00509624625061883,9.4934941106291,6.21815527103163,-2.92847833198121,9.4934941106291,9.4934941106291,,
B01KZOTRG8,2020Q1,Crest,9,0.00224511407050407,9.61392857142857,6.33592246531053,-2.97412771823055,9.39470902497324,9.39471560622798,7.00527788202724e-05,-2.28016011947568
B01KZOTRG8,2020Q2,Crest,10,0.00491937894732859,9.6817693422123,6.41070714891127,-2.98708692320146,9.39324518827503,9.39324880991167,3.85557553586733e-05,-2.98003930999148
B01KZOTRG8,2020Q3,Crest,11,0.00234427327528466,9.55363602838537,6.29343445874807,-2.95518212848961,9.38453561323875,9.38453749677659,2.0070655742045e-05,-1.76999135309701
B01KZOTRG8,2020Q4,Crest,12,0.00301030276120021,8.47210492902045,5.20130366719249,-2.61888758344526,9.40724147683623,9.40725061576157,9.71477702375202e-05,11.0379379690856
B01KZOTRG8,2021Q1,Crest,13,0.00175338315279331,8.57362960611864,5.28963391869949,-2.65361201331938,9.40052569507845,9.4005299652513,4.54248304360896e-05,9.64469422078298
B01KZOTRG8,2021Q2,Crest,14,0.002496120612548,8.52783020019408,5.25214538335802,-2.63747285185679,9.39123871868212,9.39124018654863,1.56301692233779e-05,10.124615125837
B01KZOTRG8,2021Q3,Crest,15,0.00122522993481777,8.08452208899151,4.82733260072124,-2.50355291676694,9.38368587993292,9.38368884949394,3.16459977450957e-05,16.0698028430335
B01KZOTRG8,2021Q4,Crest,16,0.00163363991309036,10.2444141586841,6.97779338280591,-3.17111452577989,9.39292439699212,9.39292783197355,3.65698825994233e-05,-8.31171322753244
B01KZOTRG8,2022Q1,Crest,17,0.000348850189774503,12.4919916720876,9.23835281904904,-3.87181872749533,9.38773898180544,9.38774012923823,1.22226746457321e-05,-24.8499328556677
B01KZOTRG8,2022Q2,Crest,18,0.00260474808364962,8.54771378718155,5.28358337630645,-2.64333452527403,9.38939396633119,9.38939488532647,9.78758880567661e-06,9.84685635365017
B01KZOTRG8,2022Q3,Crest,19,0.00192469070220416,8.41230158676341,5.14426684565972,-2.60323279206178,9.3932487603166,9.39325092349506,2.30290766202056e-05,11.6608912152549
B01KZOTTZW,2018Q2,Crest,2,0.00427527041085349,15.8369869852308,12.5650965577012,-4.88930031101382,15.8369869852308,15.8369869852308,,
B01KZOTTZW,2018Q3,Crest,3,0.000999690096070218,14.605434370567,11.3210711132476,-4.52392046249538,14.605434370567,14.605434370567,,
B01KZOTTZW,2019Q2,Crest,6,0.000778828330659356,9.73811344478566,6.44880524466755,-3.01697226124127,9.73811344478566,9.73811344478566,,
B01KZOTTZW,2019Q3,Crest,7,0.000650283848900045,13.3086962572615,10.0257931073168,-4.12370763658569,13.3086962572615,13.3086962572615,,
B01KZOTTZW,2020Q1,Crest,9,0.000748371356834689,14.9650751548193,11.6870690487013,-4.63648252464898,13.3587561563452,13.3587627376,4.92654754591281e-05,-10.7337410644546
B01KZOTTZW,2020Q2,Crest,10,0.000378413765179122,14.6386508041487,11.3675886108477,-4.53702881185532,13.357292317353,13.3572959389896,2.7113553772621e-05,-8.7532306242043
B01KZOTTZW,2020Q3,Crest,11,0.000334896182183523,15.7002778077712,12.4400762381339,-4.86627591337981,13.348582744438,13.3485846279758,1.41103956409451e-05,-14.9786724068752
B01KZOTTZW,2022Q3,Crest,19,0.000384938140440831,13.3989317149251,10.1308969738214,-4.15276949196803,13.3572958899652,13.3572980531436,1.61947333648941e-05,-0.310723740274599
B01LTHYW9W,2018Q1,Colgate,1,0.00163363991309036,10.44,7.16660908174811,-3.23165728526096,10.44,10.44,,
B01LTHYW9W,2018Q2,Colgate,2,0.00570036054780465,9.76651203860563,6.46117207332614,-3.01086741732191,9.76651203860563,9.76651203860563,,
B01LTHYW9W,2018Q3,Colgate,3,0.000999690096070218,12.4043652203567,9.11330130047689,-3.84215629750279,12.4043652203567,12.4043652203567,,
B01LTHYW9W,2018Q4,Colgate,4,0.00103044979133392,8.47671415346637,5.20765935485517,-2.62551587909519,8.47671415346637,8.47671415346637,,
B01LTHYW9W,2019Q1,Colgate,5,0.00399876038428087,8.66545096384555,5.36765898451653,-2.67599876209628,8.66545096384555,8.66545096384555,,
B01LTHYWAQ,2018Q2,Colgate,2,0.00142509013695116,10.359532839963,7.05419287468351,-3.20741888161624,10.359532839963,10.359532839963,,
B01LTHYWAQ,2018Q3,Colgate,3,0.00199938019214044,10.3962930587433,7.10522913886349,-3.21694906382517,10.3962930587433,10.3962930587433,,
B01LTHYWAQ,2018Q4,Colgate,4,0.00309134937400175,11.2950440128134,8.0259892142022,-3.49122752060254,11.2950440128134,11.2950440128134,,
B01LTHYWAQ,2019Q2,Colgate,6,0.00155765666131871,11.2016749432158,7.91236674309769,-3.46769439942237,11.2016749432158,11.2016749432158,,
B01LTHYWAQ,2019Q3,Colgate,7,0.00195085154670013,12.3992502364841,9.10981520249069,-3.8369153112306,12.3992502364841,12.3992502364841,,
B01LTHYWAQ,2020Q2,Colgate,10,0.000378413765179122,12.6732763906288,9.39592516861277,-3.92789068433773,11.114246404236,11.123801938815,0.0859755509414836,-12.2263131021078
B01LTHYWAQ,2020Q4,Colgate,12,0.000752575690300052,12.5065379412486,9.22948404848816,-3.87476173905286,11.1180629989734,11.1349196038927,0.151614583591458,-10.9672104606346
B01LTHYWAQ,2021Q1,Colgate,13,0.00105202989167599,12.064888633815,8.76320935765244,-3.73681025757446,11.1449101652853,11.1508098788383,0.0529363939726708,-7.57635468275056
B01LTHYWAQ,2021Q3,Colgate,15,0.000408409978272589,11.7491205118306,8.4469858618586,-3.64135325057691,11.1550940653519,11.1606293384858,0.0496210350306741,-5.00881042757412
B01LTHYWAQ,2022Q2,Colgate,18,0.00111632060727841,12.6579176879586,9.37524389117109,-3.92023448560603,11.1258741397417,11.1280332485316,0.0194061946307668,-12.0863832199065
B01LTHYWB0,2018Q1,Colgate,1,0.00163363991309036,8.96586132273203,5.69247040448014,-2.77534397147954,8.96586132273203,8.96586132273203,,
B01LTHYWB0,2019Q1,Colgate,5,0.000999690096070218,12.8202383161153,9.52244633678627,-3.97096977610052,12.8202383161153,12.8202383161153,,
B01LTHYWB0,2020Q1,Colgate,9,0.000748371356834689,11.4902303953713,8.1984536265505,-3.55990543857531,10.8880679919718,10.9025801130384,0.133284629350671,-5.11434725077109
B01LTHYWB0,2020Q2,Colgate,10,0.000756827530358244,12.2923124610231,9.01496123900707,-3.80837443307374,10.8801861400838,10.8897416746629,0.0878251020341341,-11.4101459005988
B01LTHYWB0,2020Q4,Colgate,12,0.000752575690300052,11.8927558027503,8.61570190998986,-3.68460043641743,10.8840027340931,10.9008593390124,0.154875052231729,-8.34034163476617
B01LTHYWB0,2021Q1,Colgate,13,0.000350676630558663,12.1663178735831,8.86463859742054,-3.77087117556419,10.9108499019985,10.9167496155515,0.05407198894668,-10.2707184788
B01LTHYWB0,2021Q3,Colgate,15,0.000408409978272589,11.2824498372952,7.9803151873232,-3.49672006071753,10.9210338007994,10.9265690739332,0.0506845160892144,-3.15428624540005
B01LTHYWB0,2021Q4,Colgate,16,0.000816819956545178,10.699104602594,7.4038593894929,-3.31457162676856,10.9333564311962,10.9377363284551,0.040059951273415,2.2303896889021
B01LTHYWB0,2022Q1,Colgate,17,0.000697700379549007,9.51399781540142,6.20563799516487,-2.94777814346474,10.9178666897588,10.9198345534535,0.0180242509883519,14.7765089432361
B01LTHYWB0,2022Q2,Colgate,18,0.000744213738185607,8.28153036819034,4.99885657140284,-2.56579604128834,10.8918138664786,10.8939729752685,0.0198232251891252,31.5454087702519
B01LTHYWB0,2022Q3,Colgate,19,0.000769876280881662,8.57321692980256,5.27300154236411,-2.65609859036119,10.9132522864386,10.916655932211,0.0311881892134292,27.3344185921866
B01LWQDM4I,2019Q1,Colgate,5,0.000999690096070218,14.7064342982564,11.4086423189274,-4.55520440982566,14.7064342982564,14.7064342982564,,
B01LWQDM4I,2019Q3,Colgate,7,0.00130056769780009,10.18582235479,6.89638732079659,-3.15402957150199,10.18582235479,10.18582235479,,
B01LWQDM4I,2019Q4,Colgate,8,0.000728035178659833,11.7153713951117,8.42543830569425,-3.62973253601482,11.7153713951117,11.7153713951117,,
B01LWQDM4I,2020Q3,Colgate,11,0.000334896182183523,10.4898530299746,7.20854623722891,-3.25131311430636,12.1862828186635,12.1921682776909,0.0482957692270768,16.2282087542314
B01LX217F9,2018Q2,SENSODYNE PRONAMEL,2,0.00427527041085349,9.93538431104557,6.67762304717069,-3.06731814879552,9.93538431104557,9.93538431104557,,
B01LX217F9,2018Q4,SENSODYNE PRONAMEL,4,0.00309134937400175,9.70301571553508,6.43054301238249,-2.99914152264355,9.70301571553508,9.70301571553508,,
B01LX217F9,2019Q1,SENSODYNE PRONAMEL,5,0.00199938019214044,9.04311896081832,5.7885740946338,-2.79823326551942,9.04311896081832,9.04311896081832,,
B01LX217F9,2019Q2,SENSODYNE PRONAMEL,6,0.000778828330659356,9.00924708011895,5.74842939969509,-2.79116162380936,9.00924708011895,9.00924708011895,,
B01LX217F9,2019Q3,SENSODYNE PRONAMEL,7,0.00260113539560018,9.59403476575302,6.33913924215402,-2.9669144080304,9.59403476575302,9.59403476575302,,
B01LX217F9,2019Q4,SENSODYNE PRONAMEL,8,0.000728035178659833,9.52477064824976,6.26389714918755,-2.95102636989013,9.52477064824976,9.52477064824976,,
B01LX217F9,2020Q1,SENSODYNE PRONAMEL,9,0.000748371356834689,9.85192812233089,6.5888137519787,-3.05232630646528,9.4649497572444,9.46495456837396,5.08310100121099e-05,-3.92789664268659
B01LX217F9,2020Q2,SENSODYNE PRONAMEL,10,0.000378413765179122,9.95311586051744,6.68079779313418,-3.08481799525567,9.68608801973592,9.68610978190524,0.000224674494700616,-2.68263810402708
B01LX217F9,2020Q3,SENSODYNE PRONAMEL,11,0.00100468854655057,9.80990897820464,6.51963380338106,-3.03852831667206,9.52678193386804,9.52678724524814,5.57520906167332e-05,-2.88607910211536
B01LX217F9,2020Q4,SENSODYNE PRONAMEL,12,0.0015051513806001,9.62902489153454,6.34569441635674,-2.98100701645575,9.49170520699709,9.49171476693596,0.000100718876694552,-1.42600238492789
B01LX217F9,2021Q1,SENSODYNE PRONAMEL,13,0.00105202989167599,10.0012600734154,6.74286033910495,-3.09765074219264,9.47349319888141,9.47349669363,3.68897566977786e-05,-5.27696886103645
B01LX217F9,2021Q2,SENSODYNE PRONAMEL,14,0.001248060306274,9.01503190039425,5.72125499031942,-2.79164225861199,9.49255134164456,9.49255352488247,2.29994848790547e-05,5.29694880466634
B01LX217F9,2022Q2,SENSODYNE PRONAMEL,18,0.000744213738185607,9.84229113572281,6.5596173389353,-3.04935326087118,9.48399458818092,9.48399581455085,1.29309429362585e-05,-3.64036499460494
B01LX217F9,2022Q3,SENSODYNE PRONAMEL,19,0.000384938140440831,8.43126825268836,5.15556752709529,-2.61312724949271,9.47930662754469,9.4793090061207,2.50922995419585e-05,12.4304045610003
B01M9BRYDL,2020Q3,Other,11,0.000669792364367046,11.4451411398915,8.19484230873774,-3.54621472133185,11.4427356678504,11.4427369545921,1.12450528954924e-05,-0.0210061655863791
B01M9BRYDL,2020Q4,Other,12,0.000376287845150026,7.71473511345695,4.4650154736901,-2.39107076146908,7.71255596083953,7.7125596081161,4.72901148112563e-05,-0.0281993523933211
B01M9BRYDL,2021Q1,Other,13,0.000350676630558663,7.99717467702816,4.75027803254699,-2.47867233035528,7.99761306520238,7.99761498441401,2.39973054483887e-05,0.00550578677638303
B01M9BRYDL,2021Q3,Other,15,0.000408409978272589,6.3499733885275,3.10616308583906,-1.96801932673247,6.34826025024888,6.34826179906981,2.4397565089768e-05,-0.0269542776475729
B01M9BRYDL,2021Q4,Other,16,0.000408409978272589,6.29059050078111,3.04544722762081,-1.94961504948412,6.28621722792915,6.28621851110562,2.04125379186128e-05,-0.0695004654165166
B01MR8EL31,2021Q3,Crest,15,0.000408409978272589,5.46527765149293,2.20808816322266,-1.69382946762101,5.46562966859758,5.4656326381586,5.43315445678166e-05,0.00649530889929029
B01MR8EL31,2022Q1,Crest,17,0.00139540075909801,5.19892298993404,1.94528413689548,-1.60968837110466,5.20687873431554,5.20687988174833,2.20368641346413e-05,0.15304884934233
B01MR8EL31,2022Q2,Crest,18,0.000744213738185607,5.10867653412586,1.84454612325076,-1.58277775299,5.10779571400747,5.10779663300274,1.79920130761941e-05,-0.0172236609079057
B01MTBFP2D,2020Q3,Crest,11,0.000334896182183523,3.75207129313031,0.491869723493005,-1.16294847661908,3.75026095905649,3.75026284259433,5.02241805818421e-05,-0.0481987253092564
B01MTBFP2D,2021Q1,Crest,13,0.000350676630558663,3.71432757511261,0.430331887693455,-1.15123169845885,3.70471320718393,3.70471747735679,0.000115263250305313,-0.258730485168057
B01MTBFP2D,2021Q3,Crest,15,0.000408409978272589,3.58695891015388,0.329769421883605,-1.11169040048765,3.58731092725853,3.58731389681955,8.27795828490294e-05,0.00989659136221288
B01MTBFP2D,2021Q4,Crest,16,0.000408409978272589,3.52777035236938,0.261149576491187,-1.09334635106978,3.52792959489323,3.52793302987465,9.73653621358291e-05,0.00461134056422008
B01MTBFP2D,2022Q2,Crest,18,0.000744213738185607,3.14614829372761,-0.117982117147489,-0.974744338118793,3.14526747360922,3.14526839260449,2.92183504135111e-05,-0.0279675667187784
B01MTBFP2D,2022Q3,Crest,19,0.00153975256176332,3.29803830861885,0.0300035675151547,-1.02098963870384,3.29710795169264,3.29711011487109,6.56083599880105e-05,-0.0281438134096979
B01MUA08C1,2018Q2,Crest,2,0.00142509013695116,3.89856921914901,0.62667879161938,-1.2070374907785,3.89856921914901,3.89856921914901,,
B01MUA08C1,2019Q4,Crest,8,0.000728035178659833,3.79353806070269,0.51819922110522,-1.17533862659177,3.79353806070269,3.79353806070269,,
B01MUA08C1,2020Q1,Crest,9,0.000374185678417344,3.7628824686596,0.484876362541565,-1.16625354446003,3.84100365322145,3.84101023447619,0.00017134205870898,2.07627441110101
B01MUA08C1,2020Q3,Crest,11,0.000334896182183523,3.5316028320659,0.271401262428596,-1.0946146308825,3.83083024152337,3.83083212506121,4.91678752951933e-05,8.4729033026703
B01MUA08C1,2020Q4,Crest,12,0.000376287845150026,3.51799568990354,0.247194428075577,-1.09035197053361,3.85353610708274,3.85354524600808,0.000237156862680799,9.53808889156815
B01MUA08C1,2021Q3,Crest,15,0.000408409978272589,4.53309974374138,1.2759102554711,-1.40492366815379,3.8299805133045,3.82998348286552,7.75346248046606e-05,-15.5107167418193
B01MUA08C1,2021Q4,Crest,16,0.000408409978272589,3.26133031345484,-0.00529046242335562,-1.01076976154477,3.83921902399206,3.83922245897349,8.94708378057876e-05,17.7195220960757
B01MUA08C1,2022Q3,Crest,19,0.000769876280881662,3.30630100581742,0.0382662647137235,-1.02433678195329,3.83954338982573,3.83954555300418,5.63394715424814e-05,16.1281306889035
B01MUBCKFE,2019Q1,Parodontax,5,0.000999690096070218,5.37302197996673,2.11847711378221,-1.66425204919566,5.37302197996673,5.37302197996673,,
B01MUBCKFE,2019Q2,Parodontax,6,0.000778828330659356,5.77073389320632,2.50991621278246,-1.7878354140689,5.77073389320632,5.77073389320632,,
B01MUBCKFE,2019Q4,Parodontax,8,0.000728035178659833,5.72901666310202,2.46814316403981,-1.77500119117941,5.72901666310202,5.72901666310202,,
B01MUBCKFE,2020Q2,Parodontax,10,0.000756827530358244,5.70396081234408,2.43164274496082,-1.76718730457472,5.84356585874067,5.84358762090998,0.000372412493341669,2.44789214301286
B01MUBCKFE,2020Q3,Parodontax,11,0.000334896182183523,5.68127412114949,2.39099894632592,-1.76090179750663,5.68425977281647,5.68426508419656,9.34401365724462e-05,0.0526459907283172
B01MUBCKFE,2021Q1,Parodontax,13,0.000350676630558663,4.85136662871851,1.59296689440806,-1.50364956533401,5.63097103529958,5.63097453004817,6.20629829354148e-05,16.0698615667313
B01MUBCKFE,2021Q2,Parodontax,14,0.000416020102091333,4.74716501989538,1.45338810982055,-1.47125677668124,5.65002918002782,5.65003136326572,3.86411793639466e-05,19.0190637904187
B01MUBCKFE,2021Q4,Parodontax,16,0.000408409978272589,5.77467409548676,2.48217661449805,-1.78971934686086,5.64555941349043,5.64556394561563,8.02776991509649e-05,-2.235799765255
B01MY9A3HH,2020Q2,Other,10,0.000378413765179122,2.71427357878359,-0.549273567033399,-0.841248117395403,2.71130877299107,2.7113118305093,0.00011276908987656,-0.109117529545999
B01MY9A3HH,2020Q3,Other,11,0.000334896182183523,2.68748300767945,-0.562815823474312,-0.832981045814027,2.68507753563833,2.68507882238001,4.79219560584827e-05,-0.0894586232757511
B01MY9A3HH,2021Q2,Other,14,0.000416020102091333,2.79076759493671,-0.45882960447413,-0.864923742693808,2.79023679469576,2.79023767198387,3.14413496312572e-05,-0.0189884300579091
B01MY9A3HH,2022Q2,Other,18,0.000744213738185607,2.5380491823209,-0.722397662788089,-0.786342168062,2.53083068175839,2.5308313583555,2.67341911663866e-05,-0.284384716248975
B01MY9A3HH,2022Q3,Other,19,0.000384938140440831,2.52094920755382,-0.738187110794598,-0.781325047598319,2.51509703274346,2.51509848155405,5.76045602207291e-05,-0.23208424756197
B01MZC708J,2018Q3,Crest,3,0.000999690096070218,6.89234106722085,3.60797780990149,-2.13484939902456,6.89234106722085,6.89234106722085,,
B01MZC708J,2018Q4,Crest,4,0.00103044979133392,6.86693757571439,3.59103981347639,-2.12691537303059,6.86693757571439,6.86693757571439,,
B01MZC708J,2019Q4,Crest,8,0.000728035178659833,6.72620581745702,3.45086697785955,-2.08395681845331,6.72620581745702,6.72620581745702,,
B01MZC708J,2020Q1,Crest,9,0.000374185678417344,6.69063540983607,3.41262930371803,-2.07367020532816,6.81852618049408,6.81853276174882,9.6520194551544e-05,1.91158752612224
B01MZC708J,2020Q2,Crest,10,0.000756827530358244,5.4236705568054,2.15260836350437,-1.68034845741574,6.81706234322022,6.81706596485686,5.31260600635919e-05,25.691003785307
B01MZC708J,2020Q4,Crest,12,0.000376287845150026,12.8287176470137,9.55791638518574,-3.97607581100368,6.83105864857609,6.83106778750142,0.000133784905151329,-46.751748885115
B01N4IEXJK,2020Q1,hello,9,0.000374185678417344,4.81178571428571,1.57075696951544,-1.49134664481478,4.81052946209093,4.86587871049085,1.15058537394045,1.12417716450965
B01N4IEXJK,2020Q2,hello,10,0.000756827530358244,4.21278655276857,0.974042072588335,-1.30519531214596,4.20885938583279,4.25632537545815,1.12776373059977,1.03349225374287
B01N4IEXJK,2020Q3,hello,11,0.000669792364367046,5.74092300174353,2.50916614378763,-1.77879376182237,5.74031382939397,5.79117844188089,0.886094628249486,0.875389551855954
B01N4IEXJK,2020Q4,hello,12,0.00112886353545008,5.55006991651623,2.30772611287768,-1.71886899661657,5.54984295342057,5.60112707893331,0.924064445483513,0.919937283404981
B01N4IEXJK,2021Q2,hello,14,0.000416020102091333,5.59086886075949,2.36157546810375,-1.73274020693509,5.5901178132126,5.64938740225223,1.06025652803854,1.04668063140356
B01NBG33XR,2020Q1,SENSODYNE PRONAMEL,9,0.000374185678417344,4.02396975228363,0.760855381931443,-1.24717394855876,4.01777081412356,4.01777562525312,0.000119746241983196,-0.153930755244747
B01NBG33XR,2020Q2,SENSODYNE PRONAMEL,10,0.00302731012143298,2.91550288476235,-0.356815182620906,-0.901221611242905,3.1212385125319,3.12126027470121,0.0006972286554449,7.05735504547902
B01NBG33XR,2020Q3,SENSODYNE PRONAMEL,11,0.00200937709310114,2.87883446587019,-0.411440708953383,-0.890795499909935,2.90730690029419,2.90731221167428,0.000182690726416223,0.989210951227282
B01NBG33XR,2020Q4,SENSODYNE PRONAMEL,12,0.000752575690300052,6.6746989005353,3.3913684253575,-2.06794782384919,6.67503930784396,6.67504886778282,0.000143219214424264,0.00524319153172304
B01NBHM35Y,2019Q4,SENSODYNE PRONAMEL,8,0.000728035178659833,5.787081021174,2.52620752211179,-1.79299106811704,5.787081021174,5.787081021174,,
B01NBHM35Y,2020Q2,SENSODYNE PRONAMEL,10,0.000756827530358244,2.91022305971667,-0.362095007666588,-0.901638249947652,6.00426121494803,6.00428297711735,0.000362445412275205,106.316933579033
B01NBHM35Y,2020Q3,SENSODYNE PRONAMEL,11,0.000669792364367046,2.87902404787981,-0.411251126943763,-0.892049939521898,5.84495512743272,5.84496043881281,9.08711868449407e-05,103.018812681235
B01NBHM35Y,2021Q1,SENSODYNE PRONAMEL,13,0.000350676630558663,6.59034051287499,3.33194077856454,-2.04263322193096,5.79166639739282,5.79166989214141,6.0340985716952e-05,-12.1188065953995
B01NBHM35Y,2021Q2,SENSODYNE PRONAMEL,14,0.000416020102091333,2.75784788149681,-0.535929028578017,-0.854721158355183,5.81072453381474,5.81072671705265,3.75725591146678e-05,110.697869017304
B06WRS71N8,2018Q1,Other,1,0.00163363991309036,10.960491205431,7.69791908948027,-3.39277310862737,10.960491205431,10.960491205431,,
B06WRS71N8,2018Q2,Other,2,0.00142509013695116,9.93538431104557,6.67762304717069,-3.07609809512174,9.93538431104557,9.93538431104557,,
B06WRS71N8,2018Q3,Other,3,0.00299907028821066,10.8804998921755,7.62266863600584,-3.36340582907987,10.8804998921755,10.8804998921755,,
B06WRS71N8,2018Q4,Other,4,0.00206089958266784,9.83535126517178,6.5832794516435,-3.04318794246295,9.83535126517178,9.83535126517178,,
B06WRS71N8,2019Q1,Other,5,0.00599814057642131,9.96186306959349,6.70073877963647,-3.07017142243723,9.96186306959349,9.96186306959349,,
B06WRS71N8,2019Q2,Other,6,0.00155765666131871,9.74128045985118,6.48302837265493,-3.01560113688953,9.74128045985118,9.74128045985118,,
B06WRS71N8,2019Q3,Other,7,0.00130056769780009,9.71440936241422,6.45737638353668,-3.00805701606622,9.71440936241422,9.71440936241422,,
B06WRS71N8,2019Q4,Other,8,0.0021841055359795,9.65866818962419,6.40258811900183,-2.98815089503304,9.65866818962419,9.65866818962419,,
B06WRS71N8,2020Q2,Other,10,0.000378413765179122,8.70380097415987,5.44025382834288,-2.69761170757801,10.0887350738026,10.0887381313208,3.03062594447211e-05,15.9118661062286
B06WRS71N8,2020Q3,Other,11,0.000334896182183523,8.62747539681316,5.3771765656594,-2.67407215533524,10.0760460920643,10.076047378806,1.27703035993275e-05,16.7902186371685
B06WRS71N8,2020Q4,Other,12,0.000376287845150026,8.57473395142405,5.3250143116572,-2.65761498445525,10.0756932186918,10.0756968659684,3.61987655708791e-05,17.5044837897866
B06WRS71N8,2021Q1,Other,13,0.000350676630558663,8.48813197861693,5.24123533413576,-2.63084135604002,10.0754877640111,10.0754896832228,1.90483248311659e-05,18.7009074388179
B06WRS71N8,2021Q3,Other,15,0.000408409978272589,8.20247847861794,4.9586681759295,-2.54215808245624,10.070249895136,10.070251443957,1.53801637857925e-05,22.7708365246907
B06X3Q9B5X,2018Q4,APAGARD,4,0.00103044979133392,27.3692289603079,24.1272625022518,-8.47714620699998,27.3692289603079,27.3692289603079,,
B06X3Q9B5X,2019Q1,APAGARD,5,0.00199938019214044,27.6341342331748,24.3959223600657,-8.5508942224621,27.6341342331748,27.6341342331748,,
B06X3Q9B5X,2019Q3,APAGARD,7,0.000650283848900045,27.2121294700308,23.974233120071,-8.43169488086391,27.2121294700308,27.2121294700308,,
B06X3Q9B5X,2019Q4,APAGARD,8,0.000728035178659833,26.9806532884816,23.7506871908366,-8.35932142322008,26.9806532884816,26.9806532884816,,
B06X3Q9B5X,2020Q1,APAGARD,9,0.000374185678417344,26.9289049770962,23.6988073121968,-8.346242844293,27.2923488144996,27.292349583607,2.81803274751542e-06,1.34964495147458
B06X3Q9B5X,2020Q2,APAGARD,10,0.000756827530358244,28.9327943487541,25.7038656958519,-8.96388817194161,27.2944419570933,27.2944425763513,2.26880646421703e-06,-5.66261161177233
B06X3Q9B5X,2020Q3,APAGARD,11,0.000669792364367046,28.7806437319718,25.5488868740159,-8.91752589542057,27.2958757920532,27.2958762802926,1.78869303571696e-06,-5.15890980586305
B06X3Q9B5X,2020Q4,APAGARD,12,0.000376287845150026,28.6047020248284,25.3757939885318,-8.86561439197031,27.2918163749663,27.2918171161694,2.71584379825283e-06,-4.58975208872814
B06X3Q9B5X,2021Q1,APAGARD,13,0.000350676630558663,29.2222118729916,25.9935521867366,-9.05723470182854,27.2918463374246,27.2918467336841,1.45193365357852e-06,-6.60581460327994
B06X3Q9B5X,2021Q2,APAGARD,14,0.000416020102091333,27.0829473107703,23.8523082278108,-8.39363485290214,27.2921759108059,27.2921760909132,6.59922843390228e-07,0.772548045609756
B06X3Q9B5X,2021Q3,APAGARD,15,0.000408409978272589,26.3683679679709,23.1391483917249,-8.17223232291273,27.2905282996057,27.2905285976143,1.09198530348418e-06,3.49722300130038
B06X3Q9B5X,2021Q4,APAGARD,16,0.000816819956545178,24.8004341398144,21.5712145635684,-7.68314904701849,27.2898167973518,27.2898170065005,7.66398075926003e-07,10.0376584242516
B06X3Q9B5X,2022Q1,APAGARD,17,0.000348850189774503,24.5034627772154,21.2748208003613,-7.59470295527763,27.2894941126147,27.2894941822555,2.55192808454105e-07,11.3699497510643
B06X3Q9B5X,2022Q2,APAGARD,18,0.000744213738185607,23.6148923920293,20.3812064149223,-7.31640104196819,27.2931469486909,27.2931470904213,5.19289316744937e-07,15.5759960169604
B06X3Q9B5X,2022Q3,APAGARD,19,0.000384938140440831,23.3477681743196,20.1150387293981,-7.23624102598082,27.2919466485737,27.2919468893946,8.82388018519499e-07,16.8931723393297
B06XKVPDZR,2018Q1,Parodontax,1,0.00163363991309036,5.4154201315278,2.17427248730528,-1.67632010735639,5.4154201315278,5.4154201315278,,
B06XKVPDZR,2018Q2,Parodontax,2,0.00142509013695116,5.42295265678159,2.16519139290671,-1.67900242358171,5.42295265678159,5.42295265678159,,
B06XKVPDZR,2019Q1,Parodontax,5,0.00199938019214044,5.37163485852912,2.1170899923446,-1.66215742781733,5.37163485852912,5.37163485852912,,
B06XKVPDZR,2019Q2,Parodontax,6,0.000778828330659356,5.35157585704437,2.09075817662051,-1.65797574716862,5.35157585704437,5.35157585704437,,
B07172V55N,2019Q4,Crest,8,0.000728035178659833,6.69675596430169,3.42141712470422,-2.07483247347323,6.69675596430169,6.69675596430169,,
B07172V55N,2020Q1,Crest,9,0.000374185678417344,6.67285714285714,3.3948510367391,-2.06816007657681,6.68998177169927,6.689988352954,9.83747782811851e-05,0.256729759533347
B07172V55N,2020Q4,Crest,12,0.000376287845150026,6.61536146036209,3.34456019853413,-2.05033577067733,6.70251422597805,6.70252336490338,0.000136350703988536,1.3175682850219
B07172V55N,2021Q1,Crest,13,0.000701353261117326,6.31652980388735,3.0325341164682,-1.95708058763164,6.6957984433283,6.69580271350116,6.37739157093186e-05,6.00445056683485
B07172V55N,2021Q4,Crest,16,0.000408409978272589,5.52564029682347,2.25901952094528,-1.71253739682869,6.68819714155242,6.68820057653385,5.13588543176773e-05,21.0393767465954
B07172V55N,2022Q3,Crest,19,0.000384938140440831,7.80479334779955,4.53675860669585,-2.41896207812999,6.68852151037264,6.68852367355109,3.23416535445859e-05,-14.3023604150029
B071CDW6DH,2018Q2,Other,2,0.00142509013695116,11.8769602976679,8.61919903379302,-3.67723017084258,11.8769602976679,11.8769602976679,,
B071CDW6DH,2018Q3,Other,3,0.000999690096070218,12.7201485831661,9.46231732699644,-3.93996775455934,12.7201485831661,12.7201485831661,,
B071CDW6DH,2018Q4,Other,4,0.00103044979133392,13.7732836884487,10.5212118749204,-4.26603686011014,13.7732836884487,13.7732836884487,,
B071CDW6DH,2020Q1,Other,9,0.000374185678417344,6.50173633006209,3.2594884522022,-2.01512353979542,12.7753040905578,12.7753064920571,1.87979813915234e-05,96.4906886947706
B071CDW6DH,2021Q4,Other,16,0.000408409978272589,10.7542999262281,7.5091566530678,-3.33303288144997,12.7750127428379,12.7750140260144,1.00444242297668e-05,18.7898246622087
B071RC4QPM,2018Q3,Crest,3,0.000999690096070218,11.628971441968,8.34460818464864,-3.60198406492522,11.628971441968,11.628971441968,,
B071RC4QPM,2018Q4,Crest,4,0.00206089958266784,12.1736999369002,8.8978021746622,-3.76670399097227,12.1736999369002,12.1736999369002,,
B071RC4QPM,2019Q1,Crest,5,0.000999690096070218,11.7149495628783,8.44721919318957,-3.62861512365613,11.7149495628783,11.7149495628783,,
B071RC4QPM,2019Q2,Crest,6,0.000778828330659356,11.4672130338188,8.17790483370069,-3.55266590730676,11.4672130338188,11.4672130338188,,
B071RC4QPM,2019Q3,Crest,7,0.000650283848900045,10.2052795130609,6.92237636311622,-3.16211206928244,10.2052795130609,10.2052795130609,,
B0744Q3XKP,2019Q4,hello,8,0.00145607035731967,5.60804925045206,2.36863576886006,-1.73625638192951,5.60804925045206,5.60804925045206,,
B0744Q3XKP,2020Q1,hello,9,0.000374185678417344,3.72625361309319,0.485224868322918,-1.15490093565823,5.60840825723948,5.66375750563939,0.986897634074114,51.9960285509891
B0744Q3XKP,2020Q2,hello,10,0.000756827530358244,4.30121991889379,1.06247543871356,-1.33259352315384,5.60345308105691,5.65091907068228,0.847084626903209,31.3794499523198
B074F55XJP,2019Q2,Crest,6,0.000778828330659356,6.52131921377538,3.23201101365727,-2.02037481758799,6.52131921377538,6.52131921377538,,
B074F55XJP,2019Q3,Crest,7,0.000650283848900045,4.55853360464935,1.27563045470467,-1.41246441227242,4.55853360464935,4.55853360464935,,
B074F55XJP,2020Q1,Crest,9,0.000748371356834689,4.70468051935528,1.42667441323724,-1.45760504283352,5.52238537939239,5.52239196064713,0.000119174130085306,17.3808070054436
B074F55XJP,2020Q2,Crest,10,0.000378413765179122,4.85991985376828,1.58885766046725,-1.50625878674593,5.5209215442428,5.52092516587943,6.55984078786984e-05,13.6011566445611
B074F55XJP,2020Q3,Crest,11,0.000334896182183523,4.78580522082947,1.52560365119217,-1.48335264874882,5.51221196877101,5.51221385230885,3.41702722193127e-05,15.1783994116141
B075S725W7,2018Q1,Crest,1,0.00163363991309036,4.36,1.07024567256217,-1.34961932602852,4.36,4.36,,
B075S725W7,2018Q2,Crest,2,0.00142509013695116,5.66598970461578,2.39409927708615,-1.75424921590313,5.66598970461578,5.66598970461578,,
B075S725W7,2018Q3,Crest,3,0.000999690096070218,5.65647173326327,2.37210847594391,-1.75204842049781,5.65647173326327,5.65647173326327,,
B075S725W7,2019Q1,Crest,5,0.000999690096070218,4.89346264113545,1.62573227144672,-1.51571224881208,4.89346264113545,4.89346264113545,,
B075S725W7,2019Q2,Crest,6,0.00311531332263742,4.87502396143787,1.58571576131976,-1.50680322021478,4.87502396143787,4.87502396143787,,
B075S725W7,2019Q3,Crest,7,0.000650283848900045,4.36713918028312,1.08423603033844,-1.35316073337688,4.36713918028312,4.36713918028312,,
B075S725W7,2020Q1,Crest,9,0.000374185678417344,6.70341500499755,3.42540889887951,-2.07763106466352,4.95725423237302,4.95726081362776,0.000132760081013848,-26.0487257624359
B0762LYF5D,2018Q3,Sensodyne,3,0.000999690096070218,14.5655076095836,11.3175156722253,-4.51155345673361,14.5655076095836,14.5655076095836,,
B0762LYF5D,2018Q4,Sensodyne,4,0.00103044979133392,16.1559673935404,12.8834946903878,-5.0040320064985,16.1559673935404,16.1559673935404,,
B0762LYF5D,2019Q3,Sensodyne,7,0.000650283848900045,14.3948577153213,11.1399621917223,-4.46025542553401,14.3948577153213,14.3948577153213,,
B0762LYF5D,2020Q3,Sensodyne,11,0.000334896182183523,14.8726658202762,11.5823906454526,-4.60975890586686,15.0990717937615,15.0990771051415,3.51768649583271e-05,1.52233155509132
B0762LYF5D,2020Q4,Sensodyne,12,0.000376287845150026,14.65049093369,11.3671604585122,-4.54070813806814,15.0639950663444,15.0640046262833,6.34621746620965e-05,2.82252447692646
B0762LYF5D,2021Q2,Sensodyne,14,0.000416020102091333,13.8044992405063,10.5107223304315,-4.2783351687095,15.064841200475,15.0648433837129,1.44922729778871e-05,9.12995191820094
B0762LYF5D,2021Q3,Sensodyne,15,0.00122522993481777,12.6733114555182,9.38766329860623,-3.92457408246334,15.0593766912976,15.0593816389698,3.28544286058237e-05,18.8275194831784
B0762LYF5D,2021Q4,Sensodyne,16,0.00408409978272589,12.2161835291885,8.92368604819979,-3.77218579282612,15.0603714307595,15.0603759628847,3.00930506407986e-05,23.2821685013203
B0762LYF5D,2022Q1,Sensodyne,17,0.00244195132842152,13.659006621123,10.3741556962039,-4.2246637944899,15.05693413034,15.0569357517905,1.07687959067237e-05,10.234486075332
B0762LYF5D,2022Q2,Sensodyne,18,0.000744213738185607,13.5560687095869,10.2733949127994,-4.19996134580273,15.0562844446148,15.0562856709848,8.14523618218538e-06,11.0667553664501
B0762LYF5D,2022Q3,Sensodyne,19,0.000769876280881662,13.4412081850351,10.165507459442,-4.16426813940951,15.0515964873675,15.0515988659435,1.58028154623547e-05,11.9809964903405
B0762LYFKP,2018Q3,SENSODYNE PRONAMEL,3,0.00299907028821066,14.3685827752972,11.1205908379389,-4.44165024961811,14.3685827752972,14.3685827752972,,
B0762LYFKP,2018Q4,SENSODYNE PRONAMEL,4,0.00412179916533567,14.5342137474709,11.2617410443183,-4.48779106043922,14.5342137474709,14.5342137474709,,
B0762LYFKP,2019Q1,SENSODYNE PRONAMEL,5,0.00199938019214044,15.1902577213088,11.9357128551243,-4.70035666364088,15.1902577213088,15.1902577213088,,
B0762LYFKP,2019Q2,SENSODYNE PRONAMEL,6,0.00155765666131871,16.4177864903682,13.1569688099443,-5.08244227333541,16.4177864903682,16.4177864903682,,
B0762LYFKP,2019Q3,SENSODYNE PRONAMEL,7,0.000650283848900045,14.3727402799984,11.1178447563994,-4.45340232473588,14.3727402799984,14.3727402799984,,
B0762LYFKP,2019Q4,SENSODYNE PRONAMEL,8,0.0021841055359795,14.7797016587403,11.5188281596781,-4.57247084927601,14.7797016587403,14.7797016587403,,
B0762LYFKP,2020Q1,SENSODYNE PRONAMEL,9,0.00187092839208672,14.6775210181786,11.4144066478264,-4.54228391507964,14.9421965088225,14.9422013199521,3.21982752514447e-05,1.80330385114531
B0762LYFKP,2020Q2,SENSODYNE PRONAMEL,10,0.00264889635625386,14.9088454655949,11.6365273982116,-4.61027621495777,15.1633347723476,15.1633565345169,0.000143518359525274,1.70711454156083
B0762LYFKP,2020Q3,SENSODYNE PRONAMEL,11,0.00368385800401875,14.685491943483,11.3952167686594,-4.53649593726012,15.0040286860937,15.0040339974738,3.53996930274564e-05,2.16909351907801
B0762LYFKP,2020Q4,SENSODYNE PRONAMEL,12,0.00338659060635023,14.299593741792,11.0162632666142,-4.41860607841577,14.9689519582298,14.9689615181687,6.38651182029712e-05,4.68102652749074
B0762LYFKP,2021Q1,SENSODYNE PRONAMEL,13,0.00175338315279331,13.6927909656996,10.4343912313892,-4.23803642934615,14.9507399479329,14.9507434426815,2.33750878270576e-05,9.18696911486554
B0762LYFKP,2021Q2,SENSODYNE PRONAMEL,14,0.00208010051045667,13.4229873788734,10.1292104687986,-4.15317016034514,14.9697980922922,14.9698002755301,1.45842842954477e-05,11.5236113466908
B0762LYFKP,2021Q3,SENSODYNE PRONAMEL,15,0.00326727982618071,13.8273672778444,10.5417191209324,-4.27319856700277,14.9643335865359,14.9643385342081,3.30630972536511e-05,8.22261558196589
B0762LYFKP,2021Q4,SENSODYNE PRONAMEL,16,0.00449250976099848,14.3656598826833,11.0731624016946,-4.43409478208738,14.9653283262153,14.9653328583405,3.0284168195707e-05,4.17435036437168
B0762LYFKP,2022Q1,SENSODYNE PRONAMEL,17,0.00209310113864702,14.0492678468887,10.7644169219696,-4.34688927245635,14.9618910238766,14.9618926453271,1.08372030109176e-05,6.49588867109927
B0762LYFKP,2022Q2,SENSODYNE PRONAMEL,18,0.00260474808364962,12.5913616604281,9.30868786364059,-3.89381088626692,14.9612413351327,14.9612425615027,8.19697981175137e-06,18.8214822589249
B0762LYFKP,2022Q3,SENSODYNE PRONAMEL,19,0.00230962884264499,12.8255888864577,9.54988816086462,-3.9674179683073,14.956553379127,14.9565557577031,1.59032362148603e-05,16.614963181109
B0762PS6DN,2018Q2,SENSODYNE PRONAMEL,2,0.00142509013695116,16.3430561182175,13.0852948543426,-5.05997978737734,16.3430561182175,16.3430561182175,,
B0762PS6DN,2018Q3,SENSODYNE PRONAMEL,3,0.000999690096070218,15.5726332131171,12.3246412757588,-4.82350283191343,15.5726332131171,15.5726332131171,,
B0762PS6DN,2018Q4,SENSODYNE PRONAMEL,4,0.00206089958266784,15.482255015535,12.2097823123824,-4.79041475135253,15.482255015535,15.482255015535,,
B0762PS6DN,2019Q1,SENSODYNE PRONAMEL,5,0.000999690096070218,16.0603443882066,12.8057995220221,-4.97456760060126,16.0603443882066,16.0603443882066,,
B0762PS6DN,2020Q1,SENSODYNE PRONAMEL,9,0.00224511407050407,11.7318119482972,8.46869757794501,-3.62930791936541,15.8632949141002,15.8632997252297,3.0328690140193e-05,35.2161097973635
B0762PS6DN,2020Q2,SENSODYNE PRONAMEL,10,0.000378413765179122,16.6792449381327,13.4069268707494,-5.16948015611203,16.0844331869214,16.0844549490907,0.000135299572336152,-3.56604865057288
B0762PS6DN,2020Q3,SENSODYNE PRONAMEL,11,0.000669792364367046,16.4464505358796,13.156175361056,-5.0958432308634,15.925127101109,15.9251324124891,3.3352199093336e-05,-3.16979108807223
B0762PS6DN,2020Q4,SENSODYNE PRONAMEL,12,0.000752575690300052,14.6659233779373,11.3825929027595,-4.54378014440653,15.8900503708864,15.8900599308253,6.01630494251443e-05,8.34680859392414
B0762PS6DN,2021Q1,SENSODYNE PRONAMEL,13,0.000350676630558663,13.9643461583698,10.7059464240594,-4.3281583599368,15.8718383603784,15.871841855127,2.20185495260316e-05,13.6597566053165
B0762PS6DN,2021Q3,SENSODYNE PRONAMEL,15,0.00122522993481777,12.4188779039733,9.13322974706133,-3.84578304780701,15.8854319952384,15.8854369429106,3.11459717844639e-05,27.9136252545663
B0762PS6DN,2021Q4,SENSODYNE PRONAMEL,16,0.000408409978272589,17.467862892727,14.1753654117383,-5.41373792710829,15.8864267430235,15.8864312751487,2.85282856644743e-05,-9.05337777889695
B0762PS6DN,2022Q1,SENSODYNE PRONAMEL,17,0.000348850189774503,15.0176927510764,11.7328418261573,-4.65464479673892,15.8829894378747,15.8829910593252,1.02087236619987e-05,5.76185917897902
B0762PS6DN,2022Q2,SENSODYNE PRONAMEL,18,0.000372106869092803,12.6423259746774,9.35965217788989,-3.91832279183675,15.8823397470867,15.8823409734567,7.72159486310463e-06,25.6283140085852
B076B2HSC6,2018Q3,hello,3,0.000999690096070218,19.0992600730851,15.861048199976,-5.91584825695235,19.0992600730851,19.0992600730851,,
B076B2HSC6,2020Q1,hello,9,0.000374185678417344,18.51602310836,15.2749943635897,-5.73878609265224,19.1008206912458,19.1561699396457,0.289774189782752,3.45725876198897
B076B2HSC6,2020Q3,hello,11,0.000334896182183523,16.2525945299369,13.020837671981,-5.03746559515101,19.0921958817856,19.1430604942726,0.266415727147737,17.7846433011757
B076B2HSC6,2021Q2,hello,14,0.000416020102091333,16.5470872889808,13.3177938963251,-5.12832695013108,19.0895905394186,19.1488601284583,0.310481196111808,15.7234490520279
B076B2HSC6,2021Q3,hello,15,0.000408409978272589,20.8574703026926,17.6269297229056,-6.46426404504448,19.0918443346013,19.18015890622,0.462577475862984,-8.04177770425042
B076B8PX14,2018Q2,hello,2,0.00142509013695116,4.79364888681078,1.56378299703253,-1.48416344529397,4.79364888681078,4.79364888681078,,
B076B8PX14,2018Q3,hello,3,0.000999690096070218,4.76629611822159,1.52808424511244,-1.47632340076017,4.76629611822159,4.76629611822159,,
B076B8PX14,2018Q4,hello,4,0.00412179916533567,4.91131434894106,1.66934789088493,-1.51648744219273,4.91131434894106,4.91131434894106,,
B076B8PX14,2019Q1,hello,5,0.000999690096070218,3.69503308111704,0.463308595438864,-1.14450795102329,3.69503308111704,3.69503308111704,,
B076B8PX14,2019Q2,hello,6,0.000778828330659356,4.67037808590582,1.44008335604678,-1.44693335260247,4.67037808590582,4.67037808590582,,
B076B8PX14,2019Q4,hello,8,0.0021841055359795,4.58450202412801,1.34508854253601,-1.41833051490424,4.58450202412801,4.58450202412801,,
B076B8PX14,2020Q1,hello,9,0.00149674271366938,4.64259524865684,1.40156650388657,-1.43729253115366,4.57472176389917,4.63007101229908,1.20989321878972,-0.269768000158543
B076B8PX14,2020Q2,hello,10,0.000378413765179122,4.66655402619027,1.42780954601004,-1.44632796780044,4.56976658449419,4.61723257411956,1.03869615105559,-1.0569137696447
B076B8PX14,2020Q3,hello,11,0.00100468854655057,4.63138524385507,1.39962838589917,-1.43452862204296,4.56609695686806,4.61696156935498,1.11396260235814,-0.311433269759343
B076B8PX14,2020Q4,hello,12,0.00112886353545008,4.59072289133583,1.34837908769728,-1.42175708931036,4.57706611174807,4.6283502372608,1.12045848280625,0.819638797976396
B076B8PX14,2021Q1,hello,13,0.000701353261117326,4.55901484183169,1.32695134726047,-1.41254133562107,4.56611018011697,4.64424051311969,1.71109171528411,1.86938788849744
B076B8PX14,2021Q2,hello,14,0.000416020102091333,4.46901081951089,1.23971742685515,-1.38505032492257,4.56349161607194,4.62276120511158,1.29877720890063,3.44036727164407
B076B8PX14,2021Q3,hello,15,0.000408409978272589,4.39776932891418,1.16722874912713,-1.36298130783527,4.56574540149273,4.65405997311142,1.93428594572557,5.82774186249819
B076B8PX14,2022Q1,hello,17,0.000348850189774503,4.24538787153768,1.01787299342717,-1.31583279095752,4.5621794780413,4.64732545623215,1.86634433390174,9.46762926867473
B076B8PX14,2022Q2,hello,18,0.000744213738185607,4.19964977025594,0.971984657781919,-1.30114173060441,4.56237104532493,4.62146388069111,1.29522204088901,10.0440306575724
B076B8PX14,2022Q3,hello,19,0.000384938140440831,2.9447274360887,-0.284264490109063,-0.912667854343099,4.56361485807422,4.64414683361395,1.76465319805075,57.7105838964329
B077H52NGB,2020Q2,Other,10,0.00113524129553737,41.7530948869574,38.4895477411404,-12.930943782059,41.7501300811649,41.7501331386831,7.32337413557643e-06,-0.00709348200966797
B077H52NGB,2020Q4,Other,12,0.000376287845150026,40.8362571314087,37.5865374916419,-12.6566082955234,40.8340779787913,40.8340816260678,8.93194296957417e-06,-0.00532738672366362
B077H52NGB,2021Q3,Other,15,0.000408409978272589,39.3467431470961,36.1029328444077,-12.1945630665737,39.3450300088175,39.3450315576384,3.93650970754645e-06,-0.00435001558144466
B0788C493C,2018Q4,Parodontax,4,0.00103044979133392,17.1131572008836,13.840684497731,-5.30050502575914,17.1131572008836,17.1131572008836,,
B0788C493C,2019Q4,Parodontax,8,0.000728035178659833,15.4741514261827,12.2132779271205,-4.79430220387819,15.4741514261827,15.4741514261827,,
B0788C493C,2020Q1,Parodontax,9,0.000748371356834689,14.6723955531458,11.4092811827936,-4.54580447295584,16.2838966410138,16.2839014521433,2.95453211635155e-05,10.9832500981888
B0788C493C,2020Q3,Parodontax,11,0.000334896182183523,15.4024563773456,12.112181202522,-4.77396663891263,16.3457288204505,16.3457341318306,3.2493993721366e-05,6.12420338273032
B0788C493C,2020Q4,Parodontax,12,0.000376287845150026,15.2860736634667,12.0027431882889,-4.73769782848705,16.3106520926303,16.3106616525692,5.8611628804299e-05,6.70275449183
B0788C493C,2021Q1,Parodontax,13,0.000350676630558663,15.1510453892986,11.8926456549882,-4.69596807611149,16.2924400833845,16.2924435781331,2.14501239795325e-05,7.53346161605881
B0788C493C,2021Q2,Parodontax,14,0.000832040204182666,14.8256188804936,11.5318419704188,-4.592891552392,16.3114982276198,16.3115004108577,1.33846559034119e-05,10.0223912562541
B0788C493C,2021Q3,Parodontax,15,0.000816819956545178,14.0316582905682,10.7460101336562,-4.34699333953172,16.3060337191937,16.3060386668659,3.03425851576234e-05,16.2089207789965
B0788C493C,2021Q4,Parodontax,16,0.000816819956545178,15.3069027415144,12.0144052605257,-4.74206276181548,16.3070284608718,16.307032992997,2.77924651569835e-05,6.53385121975167
B0788C493C,2022Q1,Parodontax,17,0.000348850189774503,14.3618947914021,11.077043866483,-4.45138410874201,16.3035911567758,16.3035927782263,9.94535798240928e-06,13.5197897981165
B0788C493C,2022Q3,Parodontax,19,0.000384938140440831,13.5761216179562,10.3004208923631,-4.20768646887692,16.2982535135287,16.2982558921047,1.45940546026148e-05,20.0508978245163
B0788C5QSZ,2020Q2,Parodontax,10,0.000378413765179122,17.8908570300467,14.6185389626634,-5.54500103186433,18.0965926578162,18.0966144199856,0.000120255617892531,1.15007005865233
B0788C5QSZ,2020Q3,Parodontax,11,0.000334896182183523,15.6495830721124,12.3593078972888,-4.85056316140866,15.6780555065364,15.6780608179165,3.38777987541987e-05,0.181971274716197
B0788C5QSZ,2021Q3,Parodontax,15,0.00122522993481777,13.255326536201,9.96967837928903,-4.10480805755878,13.2487308911388,13.248735838811,3.7344498912221e-05,-0.0497211243495999
B0788C5QSZ,2021Q4,Parodontax,16,0.00285886984790812,12.9178986262911,9.62540114530239,-3.99377287267345,12.905448395102,12.9054529272272,3.51179212267501e-05,-0.09634461009419
B0788C5QSZ,2022Q1,Parodontax,17,0.00139540075909801,13.1222033314647,9.83735240654562,-4.06289113087971,13.11396235524,13.1139639766905,1.23643065353309e-05,-0.0627894155127873
B0788C5QSZ,2022Q2,Parodontax,18,0.000372106869092803,12.3874627101363,9.10478891334879,-3.83933127237636,12.3807491765425,12.3807504029124,9.90545817818364e-06,-0.0541862961040307
B0788C5QSZ,2022Q3,Parodontax,19,0.000769876280881662,11.3773277420398,8.10162701644672,-3.52485005630263,11.3728993211944,11.3729016997704,2.09144207322011e-05,-0.0389023008722234
B078HQ48JX,2019Q3,Sensodyne,7,0.000650283848900045,5.74521421050579,2.49031868690679,-1.78015812035358,5.74521421050579,5.74521421050579,,
B078HQ48JX,2020Q1,Sensodyne,9,0.000748371356834689,5.50452862054955,2.24141425019736,-1.70541413869139,5.74723411854436,5.74723892967392,8.37120858709855e-05,4.40928417046076
B078HQ48JX,2020Q2,Sensodyne,10,0.000378413765179122,5.50885734627026,2.236539278887,-1.70738716530799,5.96837238185605,5.96839414402536,0.000364624857871737,8.34178067918616
B078HQ48JX,2020Q3,Sensodyne,11,0.000669792364367046,5.49239148307547,2.2021163082519,-1.70178762275924,5.8090662957691,5.8090716071492,9.14325956698663e-05,5.76579664886532
B078HQ48JX,2020Q4,Sensodyne,12,0.000376287845150026,5.46818895278485,2.18485847760705,-1.69478621506854,5.77398956871271,5.77399912865157,0.00016556903586898,5.59253124768067
B078HQ48JX,2021Q1,Sensodyne,13,0.000350676630558663,4.67133544523091,1.41293571092046,-1.44785006974545,5.75577755799239,5.75578105274098,6.07172281835588e-05,23.2148947602812
B078HQ48JX,2021Q2,Sensodyne,14,0.001248060306274,4.57835428186577,1.28457737179094,-1.41775730018156,5.77483570274562,5.77483788598353,3.78060610043621e-05,26.1334866298326
B078HQ48JX,2021Q3,Sensodyne,15,0.000816819956545178,4.85853146814689,1.57288331123492,-1.50516806314591,5.76937119671261,5.76937614438477,8.57575634606415e-05,18.7473248286955
B078HQ48JX,2022Q3,Sensodyne,19,0.000384938140440831,5.45503055948937,2.1793298338963,-1.69069333042178,5.76159099123871,5.76159336981472,4.12833194355724e-05,5.61981838565622
B0791V11PS,2018Q4,Crest,4,0.00103044979133392,19.4776694220765,16.2017716598385,-6.0328718686965,19.4776694220765,19.4776694220765,,
B0791V11PS,2019Q2,Crest,6,0.000778828330659356,11.6914867581197,8.40217855800159,-3.6221483187592,11.6914867581197,11.6914867581197,,
B0791V11PS,2019Q4,Crest,8,0.000728035178659833,14.0225424743832,10.7472036347857,-4.34455528043746,14.0225424743832,14.0225424743832,,
B0791V11PS,2020Q1,Crest,9,0.000748371356834689,13.9408631340405,10.6628570279225,-4.31916095514473,15.0522825954323,15.0522891766871,4.37226360226151e-05,7.97243349970707
B0791V11PS,2020Q2,Crest,10,0.000378413765179122,14.0287070206425,10.7576448273415,-4.34798594469468,15.0508187606475,15.0508223822841,2.40627217205018e-05,7.2858842952356
B0791V11PS,2020Q3,Crest,11,0.00133958472873409,14.250276299006,10.9900747293687,-4.41241122695419,15.0421091853779,15.0421110689157,1.25217668128198e-05,5.55662748774159
B0791V11PS,2020Q4,Crest,12,0.000376287845150026,14.2975819723967,11.0267807105687,-4.43132910088812,15.0648150506339,15.0648241895593,6.06640393850769e-05,5.36623758229773
B0791V11PS,2021Q1,Crest,13,0.00210405978335198,14.1443062907281,10.8603106033089,-4.37624641795737,15.0580992683085,15.0581035384813,2.83579805311408e-05,6.46053068259875
B0791V11PS,2021Q2,Crest,14,0.00166408040836533,13.0085451657269,9.73286034889083,-4.02661666366337,15.0488122894838,15.0488137573503,9.75403557214384e-06,15.6840643256467
B0791V11PS,2021Q4,Crest,16,0.00245045986963554,15.3401997679795,12.0735789921013,-4.74460812511529,15.0504979696648,15.0505014046462,2.28230416915931e-05,-1.88849146500684
B0791V11PS,2022Q1,Crest,17,0.000697700379549007,18.3792923151606,15.125653462122,-5.69456470667624,15.0453125557409,15.0453137031737,7.62651349438942e-06,-18.1398639012712
B0791V11PS,2022Q2,Crest,18,0.00111632060727841,15.3305805068404,12.0664500959653,-4.74797449855813,15.0469675422619,15.0469684612572,6.10751150997511e-06,-1.84997590571796
B0791V11PS,2022Q3,Crest,19,0.000384938140440831,15.1034286032366,11.8353938621329,-4.68104912108576,15.0508223351218,15.0508244983003,1.43724934608277e-05,-0.348292472644507
B0795VHRJZ,2019Q4,Colgate,8,0.000728035178659833,11.458033326204,8.16810023678655,-3.55000238235881,11.458033326204,11.458033326204,,
B0795VHRJZ,2020Q3,Colgate,11,0.000334896182183523,12.5415873691707,9.26028057642501,-3.88724488046544,11.4442270773786,11.450112536406,0.0514273177879721,-8.70284438991911
B0795VHRJZ,2021Q1,Colgate,13,0.000701353261117326,12.2248834538984,8.92320417773584,-3.78769400865642,11.4714917670332,11.4773914805862,0.0514293491448974,-6.11451206165747
B0795VHRJZ,2021Q3,Colgate,15,0.000408409978272589,12.7739659147317,9.4718312647597,-3.95897907928767,11.4816756690266,11.4872109421605,0.0482096280493715,-10.0732613595536
B0795VHRJZ,2022Q1,Colgate,17,0.000348850189774503,12.9854383285734,9.67707850833685,-4.02475959199099,11.4785085623971,11.4804764260919,0.0171438970841458,-11.5896118744794
B0795Z8SWZ,2018Q2,Colgate,2,0.00142509013695116,13.8524021499888,10.5470621847093,-4.28884747005388,13.8524021499888,13.8524021499888,,
B0795Z8SWZ,2018Q3,Colgate,3,0.000999690096070218,7.9051916692541,4.61412774937429,-2.4485720482614,7.9051916692541,7.9051916692541,,
B0795Z8SWZ,2019Q3,Colgate,7,0.000650283848900045,4.51406071883723,1.22462568484382,-1.39868446153199,4.51406071883723,4.51406071883723,,
B0795Z8SWZ,2019Q4,Colgate,8,0.00145607035731967,7.68969763692484,4.39976454750739,-2.38073633111243,7.68969763692484,7.68969763692484,,
B0795Z8SWZ,2020Q1,Colgate,9,0.00112255703525203,7.92456871063719,4.63279194181639,-2.45427204935226,8.47700466037497,8.49151678144152,0.171193972965289,7.15430822176237
B0795Z8SWZ,2020Q2,Colgate,10,0.00189206882589561,7.76061652468719,4.48326530267116,-2.4016437755971,8.46912280935849,8.47867834393752,0.112827913753655,9.2526388459746
B0795Z8SWZ,2020Q3,Colgate,11,0.00100468854655057,7.84294989788798,4.56164310514229,-2.42928098557488,8.47252187989224,8.4784073389197,0.069465256164502,8.10227592047783
B0795Z8SWZ,2020Q4,Colgate,12,0.000376287845150026,9.423623074535,6.14656918177456,-2.92071591172613,8.47293940493924,8.48979600985857,0.198946364581591,-9.90942716289097
B0795Z8SWZ,2021Q1,Colgate,13,0.000701353261117326,8.41335975534159,5.11168047917903,-2.6067514228789,8.49978656998432,8.50568628353732,0.0694101375889581,1.09738001084656
B0795Z8SWZ,2021Q2,Colgate,14,0.000832040204182666,10.1823889095599,6.89976916617246,-3.1544455838818,8.48092709321417,8.48420697967097,0.0386736782517496,-16.6776376837715
B0795Z8SWZ,2021Q3,Colgate,15,0.000408409978272589,13.7347584799515,10.4326238299795,-4.256753293704,8.50997048261004,8.51550575574392,0.0650445632588546,-38.0003240087991
B0795Z8SWZ,2021Q4,Colgate,16,0.000816819956545178,16.5560373332796,13.2607921201785,-5.12904337651815,8.52229311322396,8.52667301048284,0.0513934125557093,-48.4981047164999
B0795Z8SWZ,2022Q1,Colgate,17,0.00104655056932351,11.9671881355374,8.65882831530085,-3.70657019927555,8.5068033715714,8.50877123526614,0.0231328221516453,-28.8991604468994
B0795Z8SWZ,2022Q2,Colgate,18,0.000372106869092803,10.2361073455725,6.95343354878499,-3.17254694999808,8.48075054718037,8.4829096559703,0.0254589352430846,-17.1275821014179
B0795Z8SWZ,2022Q3,Colgate,19,0.000384938140440831,9.26450064419882,5.96428525676038,-2.87137336409376,8.50218896156112,8.50559260733356,0.0400325820541207,-8.19156979972224
B07961C65H,2018Q3,Colgate,3,0.00299907028821066,11.1061373699479,7.81507345006809,-3.43315541921996,11.1061373699479,11.1061373699479,,
B07961C65H,2018Q4,Colgate,4,0.00309134937400175,11.3148079287856,8.0457531301744,-3.49733642352304,11.3148079287856,11.3148079287856,,
B07961C65H,2019Q1,Colgate,5,0.00299907028821066,11.4073287229447,8.10953674361567,-3.52626040174621,11.4073287229447,11.4073287229447,,
B07961C65H,2019Q2,Colgate,6,0.00311531332263742,10.8225394244335,7.53323122431539,-3.34509889277098,10.8225394244335,10.8225394244335,,
B07961C65H,2019Q3,Colgate,7,0.00260113539560018,10.6511221515168,7.36168711752339,-3.29381418189458,10.6511221515168,10.6511221515168,,
B07961C65H,2019Q4,Colgate,8,0.00145607035731967,12.4623830252778,9.17244993586035,-3.85836341575359,12.4623830252778,12.4623830252778,,
B07961C65H,2020Q1,Colgate,9,0.00149674271366938,10.6014254818759,7.3096487130551,-3.28207583228167,11.2868982187294,11.301410339796,0.128574926302283,6.60274280205764
B07961C65H,2020Q2,Colgate,10,0.000378413765179122,10.6529443194601,7.37559309744407,-3.30171926054709,11.2790163680755,11.2885719026545,0.0847195736507546,5.96668455342682
B0799HHLC2,2019Q3,Other,7,0.000650283848900045,9.69504898022852,6.43801600135098,-3.00401682809666,9.69504898022852,9.69504898022852,,
B0799HHLC2,2019Q4,Other,8,0.00145607035731967,9.62657636502244,6.37049629440008,-2.9803954821821,9.62657636502244,9.62657636502244,,
B0799HHLC2,2020Q1,Other,9,0.000748371356834689,9.6114025334068,6.36915465554691,-2.97780662124885,9.64531750709815,9.64531990859743,2.48980843363906e-05,0.352886845314671
B0799HHLC2,2020Q2,Other,10,0.000378413765179122,8.70380097415987,5.44025382834288,-2.69761170757801,9.66483848712683,9.66484154464506,3.16354818759365e-05,11.0416193262961
B0799HHLC2,2021Q1,Other,13,0.000350676630558663,8.44730130981284,5.20040466533167,-2.6181861555371,9.65159117784884,9.65159309706048,1.98849246952975e-05,14.256526943684
B0799HHLC2,2021Q3,Other,15,0.000408409978272589,8.16684703331362,4.92303673062518,-2.53111498531114,9.64635330898532,9.64635485780625,1.60560253152265e-05,18.1160222354787
B0799HHLC2,2022Q1,Other,17,0.000348850189774503,8.64830192682986,5.38547706367529,-2.68048988826599,9.66386499411888,9.66386607885162,1.12246264139662e-05,11.7429312784646
B079Z4VJS7,2018Q3,hello,3,0.000999690096070218,15.8202895937328,12.5820777206236,-4.90021248254817,15.8202895937328,15.8202895937328,,
B079Z4VJS7,2019Q1,hello,5,0.000999690096070218,15.7359142147838,12.5041897291056,-4.87407786075785,15.7359142147838,15.7359142147838,,
B079Z4VJS7,2019Q2,hello,6,0.000778828330659356,13.5300314928554,10.2997367629964,-4.19174924785074,13.5300314928554,13.5300314928554,,
B079Z4VJS7,2020Q1,hello,9,0.000748371356834689,14.237626101294,10.9965973565237,-4.41110411596412,15.0351072283712,15.0904564767711,0.368133379823632,5.98997592301984
B079Z4VJS7,2020Q2,hello,10,0.000756827530358244,8.26557800825869,5.02683352807846,-2.56082133130294,15.030152045391,15.0776180350164,0.315805119482614,82.4145633850567
B079Z4VJS7,2021Q1,hello,13,0.000350676630558663,11.8393766967343,8.60731320216308,-3.66953788206534,15.0264956394321,15.1046259724348,0.519950458693099,27.5795707775831
B07C1ZQ5ZY,2019Q2,Sensodyne,6,0.000778828330659356,10.517942349273,7.25712466884914,-3.25857164152085,10.517942349273,10.517942349273,,
B07C1ZQ5ZY,2019Q3,Sensodyne,7,0.000650283848900045,9.7099681685388,6.4550726449398,-3.00863954767622,9.7099681685388,9.7099681685388,,
B07C1ZQ5ZY,2020Q1,Sensodyne,9,0.00112255703525203,10.1177275525372,6.85461318218501,-3.13350250870077,10.1130140890833,10.1130189002128,4.75736463567233e-05,-0.0465386352806796
B07C1ZQ5ZY,2020Q2,Sensodyne,10,0.00113524129553737,10.4939936062264,7.22167553884314,-3.24999240747991,10.3341523523405,10.3341741145098,0.000210584947602851,-1.52296158844405
B07C1ZQ5ZY,2020Q3,Sensodyne,11,0.00133958472873409,9.90666988570685,6.61639471088328,-3.06747044816745,10.1748462658216,10.1748515772017,5.22010844966785e-05,2.70708214353432
B07C1ZQ5ZY,2020Q4,Sensodyne,12,0.00188143922575013,10.0225206218021,6.7391901466243,-3.10165829424042,10.1397695391205,10.1397790990593,9.42816187607587e-05,1.16994997248647
B07C1ZQ5ZY,2021Q1,Sensodyne,13,0.000350676630558663,9.66835055183953,6.40995081752908,-2.99664243446605,10.1215575293864,10.121561024135,3.45277748182676e-05,4.68756764523024
B07C1ZQ5ZY,2021Q2,Sensodyne,14,0.00166408040836533,9.27583213020086,5.98205522012603,-2.87120656068567,10.1406156734723,10.1406178567102,2.15296386233531e-05,9.32299888970309
B07C1ZQ5ZY,2021Q4,Sensodyne,16,0.000816819956545178,9.56243317450482,6.26993569351611,-2.96243198476624,10.1361459059106,10.1361504380358,4.47125095023352e-05,5.999699585463
B07C1ZQ5ZY,2022Q1,Sensodyne,17,0.00104655056932351,9.41120407697039,6.12635315205131,-2.91491101969147,10.132708603963,10.1327102254135,1.60021428240742e-05,7.66645949383542
B07C1ZQ5ZY,2022Q2,Sensodyne,18,0.00223264121455682,9.97421089517955,6.69153709839204,-3.08562183554743,10.1320589197215,10.1320601460915,1.2103857054053e-05,1.58257382534586
B07C1ZQ5ZY,2022Q3,Sensodyne,19,0.00115481442132249,9.84422737687745,6.56852665128438,-3.04869990445264,10.1273709612577,10.1273733398337,2.34866089391165e-05,2.87626394755285
B07CHP3FPQ,2019Q2,Crest,6,0.000778828330659356,13.4423007411005,10.1529925409824,-4.16456931756927,13.4423007411005,13.4423007411005,,
B07CHP3FPQ,2019Q3,Crest,7,0.00260113539560018,11.6523734570666,8.36947030712192,-3.60344688565535,11.6523734570666,11.6523734570666,,
B07CHP3FPQ,2020Q1,Crest,9,0.000374185678417344,11.2790482160077,8.00104210988966,-3.49578549678707,12.5297960682988,12.5298026495535,5.25248352006306e-05,11.0891842076773
B07CHP3FPQ,2020Q3,Crest,11,0.000334896182183523,12.376092301065,9.1158907314277,-3.83594994966445,12.5196226594214,12.5196245429592,1.50446853484466e-05,1.15975413242386
B07CHP3FPQ,2020Q4,Crest,12,0.000376287845150026,12.3607837691448,9.08998250731684,-3.83104646168467,12.5423285251157,12.542337664041,7.28646623753217e-05,1.46878950628857
B07CHP3FPQ,2021Q1,Crest,13,0.000701353261117326,12.2005257064119,8.91653001899275,-3.78014713145576,12.5356127427747,12.5356170129475,3.40643329106643e-05,2.74653170362584
B07CHP3FPQ,2021Q4,Crest,16,0.000408409978272589,13.4901218321472,10.223501056269,-4.1809341333,12.5280114437405,12.5280148787219,2.74184090734146e-05,-7.13193672671323
B07CHP3FPQ,2022Q1,Crest,17,0.000348850189774503,12.9767813696877,9.72314251664914,-4.02207641892967,12.5228260225013,12.5228271699341,9.16273042920626e-06,-3.49820334350385
B07CHP3FPQ,2022Q2,Crest,18,0.000372106869092803,12.9266427219993,9.6625123111242,-4.00644303121072,12.5244810157029,12.5244819346982,7.33759164645061e-06,-3.11110004314364
B07CKG4T6Q,2019Q1,Crest,5,0.000999690096070218,10.3066789409291,7.03894857124037,-3.19241417805428,10.3066789409291,10.3066789409291,,
B07CKG4T6Q,2019Q2,Crest,6,0.000778828330659356,9.71861772217348,6.42930952205537,-3.01093227673428,9.71861772217348,9.71861772217348,,
B07CKG4T6Q,2019Q3,Crest,7,0.000650283848900045,9.69052879282601,6.40762564288133,-3.00261624527847,9.69052879282601,9.69052879282601,,
B07CKG4T6Q,2020Q1,Crest,9,0.000748371356834689,9.50764616453928,6.22964005842124,-2.94566080266134,9.89385922489844,9.89386580615317,6.65185807122724e-05,4.06220041143703
B07CKG4T6Q,2020Q2,Crest,10,0.000378413765179122,9.52427897358113,6.2532167802801,-2.95190647645197,9.89239538902243,9.89239901065906,3.66103101507067e-05,3.86506987142059
B07F2PGS2H,2018Q3,Other,3,0.00299907028821066,10.8740252924836,7.61619403631394,-3.36140438552851,10.8740252924836,10.8740252924836,,
B07F2PGS2H,2019Q1,Other,5,0.000999690096070218,10.7965072102764,7.53538292031938,-3.34413470033293,10.7965072102764,10.7965072102764,,
B07F2PGS2H,2019Q2,Other,6,0.000778828330659356,9.72101660051796,6.46276451332171,-3.01167547504106,9.72101660051796,9.72101660051796,,
B07F2PGS2H,2021Q1,Other,13,0.000350676630558663,14.0944960675409,10.8475994230597,-4.36849747864923,10.4521155307563,10.4521174499679,1.83619443373871e-05,-25.8425601037361
B07F2Q38TL,2020Q1,Tom's of Maine,9,0.000374185678417344,9.65176515762541,6.35998838880461,-2.99143154725908,9.64059800882654,9.65511012989308,0.150531336886554,0.0346565857440861
B07F2Q38TL,2021Q1,Tom's of Maine,13,0.000701353261117326,10.8485691250621,7.54688984889954,-3.36126396889201,10.8502813774639,10.8561810910169,0.0543738300211384,0.070165621539986
B07F2Q38TL,2021Q4,Tom's of Maine,16,0.000408409978272589,9.36264779932861,6.06740258622751,-2.90172425789342,9.39330064706268,9.39768054432157,0.0466278832484066,0.374175615101868
B07GT4XWXZ,2019Q2,Other,6,0.000778828330659356,9.04895722396586,5.79070513676961,-2.80346425338493,9.04895722396586,9.04895722396586,,
B07GT4XWXZ,2019Q3,Other,7,0.00130056769780009,9.11147307491215,5.85444009603461,-2.82135840555895,9.11147307491215,9.11147307491215,,
B07GT4XWXZ,2019Q4,Other,8,0.000728035178659833,9.62220160074237,6.36612153012001,-2.9812130610628,9.62220160074237,9.62220160074237,,
B07GT4XWXZ,2021Q1,Other,13,0.000350676630558663,7.50766823864344,4.26077159416227,-2.32695299029382,9.25109061641358,9.25109253562522,2.07457878988677e-05,23.2219144688364
B07H944RLG,2019Q4,Other,8,0.000728035178659833,7.73223701658533,4.47615694596297,-2.39565194552762,7.73223701658533,7.73223701658533,,
B07H944RLG,2020Q1,Other,9,0.000374185678417344,7.66975278688525,4.42750490902536,-2.37713413781521,7.71721830515539,7.71722070665468,3.11187165291648e-05,0.618897650138073
B07H944RLG,2020Q2,Other,10,0.000756827530358244,7.75089408237873,4.48734693656174,-2.40136320569391,7.73673928599642,7.73674234351465,3.95194682786802e-05,-0.182582018457145
B07H944RLG,2020Q3,Other,11,0.000334896182183523,7.66780071418655,4.41750188303279,-2.37662252737804,7.72405030499721,7.72405159173889,1.66588982055242e-05,0.73359858516231
B07H944RLG,2020Q4,Other,12,0.000752575690300052,7.61310166476996,4.36338202500311,-2.35868272936493,7.72369743286114,7.72370108013771,4.72218985850708e-05,1.4527510630727
B07H944RLG,2021Q1,Other,13,0.000350676630558663,7.57078503192595,4.32388838744478,-2.3465156302771,7.72349197827912,7.72349389749076,2.48490144255252e-05,2.01708098857429
B07JHV6LS2,2019Q2,Colgate,6,0.000778828330659356,9.6535211764291,6.36421297631099,-2.99076466686539,9.6535211764291,9.6535211764291,,
B07JHV6LS2,2020Q2,Colgate,10,0.000756827530358244,9.69990108278408,6.42254986076805,-3.00519982746554,9.63694074467953,9.64649627925857,0.0991552696254553,-0.550570599326017
B07JHV6LS2,2020Q3,Colgate,11,0.000334896182183523,9.60365791633121,6.32235112358552,-2.97663836084797,9.64033981538707,9.64622527441453,0.0610503274798316,0.443241090573787
B07JHV6LS2,2020Q4,Colgate,12,0.000752575690300052,9.54065135468406,6.26359746192362,-2.9558740403167,9.64075733730046,9.65761394221979,0.174847310533485,1.22593922770589
B07JHV6LS2,2021Q1,Colgate,13,0.000701353261117326,10.8217473618122,7.52006808564964,-3.35295365392284,9.66760450745049,9.67350422100349,0.06102559893147,-10.6105151267958
B07JHV6LS2,2021Q3,Colgate,15,0.00122522993481777,11.5303053887325,8.2281707387605,-3.57061671295103,9.6777884097992,9.68332368293307,0.0571956411887266,-16.0184977199677
B07JHV6LS2,2021Q4,Colgate,16,0.00122522993481777,12.0834423645446,8.7881971514435,-3.74190793758033,9.69011104038642,9.69449093764531,0.0451996601548885,-19.770454104279
B07JHV6LS2,2022Q1,Colgate,17,0.000697700379549007,10.1169558196896,6.80859599945305,-3.13459618367813,9.67462129954973,9.67658916324446,0.0203404726014838,-4.3527585203851
B07JHV6LS2,2022Q3,Colgate,19,0.000384938140440831,14.2554873642556,10.9552719768172,-4.41824425103038,9.67000690137403,9.67341054714646,0.0351979663215103,-32.1425476381698
B07JW8WKH7,2019Q3,Other,7,0.000650283848900045,14.5474258472098,11.2903928683323,-4.50752875407098,14.5474258472098,14.5474258472098,,
B07JW8WKH7,2019Q4,Other,8,0.000728035178659833,14.4236801995128,11.1676001288904,-4.46883837853313,14.4236801995128,14.4236801995128,,
B07JW8WKH7,2020Q1,Other,9,0.000748371356834689,12.0159996211599,8.77375174330001,-3.72279936340683,14.4700578524421,14.4700602539414,1.65963350797844e-05,20.4232748847623
B07JW8WKH7,2020Q3,Other,11,0.000334896182183523,12.433521963715,9.18322313256124,-3.85375018144945,14.4768898549893,14.476891141731,8.88824664450513e-06,16.4343553176581
B07JWVR1PK,2019Q3,Colgate,7,0.00130056769780009,11.6018188500317,8.31238381603829,-3.59249145151261,11.6018188500317,11.6018188500317,,
B07JWVR1PK,2020Q1,Colgate,9,0.00112255703525203,9.99920235609789,6.70742558727709,-3.09679476000342,11.5929934324845,11.607505553551,0.125180102542666,16.0843149301039
B07JWVR1PK,2020Q2,Colgate,10,0.000756827530358244,9.67599790659414,6.39864668457811,-2.9977942033928,11.5851115828251,11.5946671174042,0.0824811613657514,19.8291610780781
B07JWVR1PK,2020Q3,Colgate,11,0.00133958472873409,9.57650282677982,6.29519603403413,-2.96523854704412,11.5885106524739,11.5943961115013,0.0507870183146098,21.0712962886477
B07JWVR1PK,2020Q4,Colgate,12,0.000376287845150026,9.4832927293052,6.20623883654475,-2.93920965969929,11.5889281725596,11.6057847774789,0.145454391194168,22.3813828040425
B07JWVR1PK,2021Q1,Colgate,13,0.00175338315279331,10.2248417929186,6.92316251675604,-3.16467636957576,11.6157753415076,11.6216750550606,0.0507905273607999,13.6611723724603
B07JWVR1PK,2021Q2,Colgate,14,0.001248060306274,11.9821419204289,8.69952217704146,-3.71045317457975,11.5969158647113,11.6001957511681,0.0282824027961784,-3.18762848743772
B07JWVR1PK,2021Q3,Colgate,15,0.00122522993481777,12.7415488523118,9.4394142023398,-3.94570531717267,11.6259592478847,11.6314945210186,0.0476113240710013,-8.71208315535235
B07JWVR1PK,2022Q1,Colgate,17,0.00209310113864702,12.6681655588755,9.35980573863895,-3.91957172215006,11.6227921406205,11.6247600043153,0.0169310753468462,-8.23643762556601
B07JWVR1PK,2022Q2,Colgate,18,0.00297685495274243,11.6877574884108,8.40508369162329,-3.61302770844079,11.5967393179019,11.5988984266919,0.0186182402720838,-0.760274687484119
B07JWVR1PK,2022Q3,Colgate,19,0.00230962884264499,11.556001067423,8.25578567998456,-3.57468859188851,11.6181777348886,11.621581380661,0.0292958659275455,0.567500062135529
B07JWVT19F,2020Q1,Colgate,9,0.000374185678417344,10.5495097782064,7.2577330093856,-3.2696751157183,10.5383426294075,10.5528547504741,0.137707812099904,0.0317073716030514
B07JWVT19F,2020Q2,Colgate,10,0.00151365506071649,9.30245937192429,6.02510814990826,-2.87988252205447,9.29783591823001,9.30739145280904,0.102771598284468,0.0530191069647579
B07JWVT19F,2020Q3,Colgate,11,0.000334896182183523,9.22798824859107,5.94668145584538,-2.86020015014278,9.22280829497742,9.22869375400488,0.063814175023737,0.00764527863283959
B07JWVT19F,2020Q4,Colgate,12,0.000376287845150026,9.23089347249518,5.95383957973474,-2.86098215424389,9.23038394094836,9.24724054586769,0.18262084250417,0.177090911310152
B07JWVT19F,2021Q1,Colgate,13,0.000350676630558663,11.2380115311859,7.93633225502334,-3.48314865630964,11.2397237835877,11.2456234971407,0.0524898446491385,0.0677340998776366
B07JWVT19F,2021Q2,Colgate,14,0.000832040204182666,11.9139028480662,8.63128310467876,-3.6908586540625,11.9158151524893,11.9190950389461,0.0275254895684426,0.0435809402348442
B07JWVT19F,2021Q3,Colgate,15,0.000408409978272589,12.699946777055,9.397812127083,-3.93603865346494,12.7113875564185,12.7169228295523,0.0435457821524602,0.133670264886465
B07JWVT19F,2021Q4,Colgate,16,0.000408409978272589,15.0482034571911,11.75295824409,-4.6638235193017,15.0788563049252,15.0832362021841,0.0290466144799962,0.232803504369272
B07JWVT19F,2022Q1,Colgate,17,0.000348850189774503,14.6995161879451,11.3911563677086,-4.5560278581338,14.7015646899572,14.703532553652,0.0133854030930466,0.0273231149618969
B07JWVT19F,2022Q2,Colgate,18,0.000372106869092803,11.3182131140874,8.03553931729989,-3.50793141203796,11.319894818957,11.322053927747,0.0190735764285977,0.0339348059701816
B07JWVT19F,2022Q3,Colgate,19,0.000384938140440831,11.3232785651319,8.02306317769345,-3.50945633389237,11.3288570966194,11.3322607423918,0.0300440348342888,0.0793248811133962
B07JYNPTMG,2019Q4,SENSODYNE PRONAMEL,8,0.000728035178659833,5.51992787314981,2.2590543740876,-1.710219942834,5.51992787314981,5.51992787314981,,
B07JYNPTMG,2020Q3,SENSODYNE PRONAMEL,11,0.000669792364367046,5.45159675494177,2.1613215801182,-1.68914759816782,5.57780198320453,5.57780729458462,9.52235326898582e-05,2.31511143094811
B07JYNPTMG,2021Q2,SENSODYNE PRONAMEL,14,0.000416020102091333,4.5710006929852,1.27722378291037,-1.41665935723408,5.54357139042529,5.5435735736632,3.93832379130302e-05,21.2770232603671
B07JYNPTMG,2022Q1,SENSODYNE PRONAMEL,17,0.00244195132842152,5.4402089472792,2.15535802236012,-1.68262996069482,5.53566432255093,5.53566594400143,2.92909831603117e-05,1.75465680909139
B07JYNPTMG,2022Q2,SENSODYNE PRONAMEL,18,0.00148842747637121,5.51882256741462,2.23614877062711,-1.70857636488668,5.53501463723026,5.53501586360019,2.21565797419808e-05,0.293419402196005
B07JYNPTMG,2022Q3,SENSODYNE PRONAMEL,19,0.000769876280881662,5.44344588182754,2.16774515623447,-1.68645317758949,5.53032667871318,5.53032905728919,4.30096837573084e-05,1.5961061678174
B07K15VPD4,2019Q2,SENSODYNE PRONAMEL,6,0.00233648499197807,5.64584723348732,2.38502955306346,-1.74641749424166,5.64584723348732,5.64584723348732,,
B07K15VPD4,2019Q3,SENSODYNE PRONAMEL,7,0.00130056769780009,5.68903076495845,2.43413524135945,-1.7616026120292,5.68903076495845,5.68903076495845,,
B07K15VPD4,2019Q4,SENSODYNE PRONAMEL,8,0.00145607035731967,5.61645798936333,2.35558449030112,-1.73885973399485,5.61645798936333,5.61645798936333,,
B07K15VPD4,2020Q1,SENSODYNE PRONAMEL,9,0.00112255703525203,5.50825717560446,2.24514280525227,-1.7059302683039,5.64849852677387,5.64850333790343,8.51753707240551e-05,2.54610774021418
B07K15VPD4,2020Q2,SENSODYNE PRONAMEL,10,0.00113524129553737,5.50885734627026,2.236539278887,-1.70609447852583,5.86963678993646,5.86965855210577,0.000370758363650542,6.54947447640466
B07K15VPD4,2020Q3,SENSODYNE PRONAMEL,11,0.00301406563965171,5.47884372887605,2.18856855405248,-1.69360764282428,5.7103307038842,5.7103360152643,9.3013528817858e-05,4.22520330645997
B07K15VPD4,2020Q4,SENSODYNE PRONAMEL,12,0.00301030276120021,5.44862951923145,2.16529904405365,-1.68427425229711,5.67525397689033,5.67526353682919,0.000168449533695254,4.15946829928167
B07K15VPD4,2021Q1,SENSODYNE PRONAMEL,13,0.00210405978335198,4.66484471116994,1.40644497685949,-1.44330231104844,5.65704196619912,5.65704546094772,6.17769607401473e-05,21.2697487528783
B07K15VPD4,2021Q2,SENSODYNE PRONAMEL,14,0.00208010051045667,4.5832003145253,1.28942340445047,-1.41807559285424,5.67610011097762,5.67610229421553,3.84636963367797e-05,23.8458261627044
B07K15VPD4,2021Q3,SENSODYNE PRONAMEL,15,0.00122522993481777,4.51114985384149,1.22550169692952,-1.39697835570717,5.67063560415987,5.67064055183203,8.72507512503761e-05,25.702775025378
B07K15VPD4,2021Q4,SENSODYNE PRONAMEL,16,0.00163363991309036,5.21749726458389,1.92499978359518,-1.61505393160169,5.67163034408395,5.67163487620915,7.99086845494097e-05,8.70412745029931
B07K15VPD4,2022Q1,SENSODYNE PRONAMEL,17,0.00104655056932351,5.16518153876433,1.88033061384525,-1.59980003227152,5.66819304246334,5.66819466391384,2.86061270740545e-05,9.73853719127644
B07K15VPD4,2022Q2,SENSODYNE PRONAMEL,18,0.00148842747637121,5.522712121462,2.24003832467449,-1.70978053480411,5.66754335776407,5.667544584134,2.16384746024368e-05,2.62248800021927
B07K15VPD4,2022Q3,SENSODYNE PRONAMEL,19,0.00192469070220416,5.45286027447781,2.17715954888473,-1.68741747197786,5.66285539936901,5.66285777794503,4.20031211418407e-05,3.85114403994746
B07L3MX468,2020Q2,Colgate,10,0.000378413765179122,7.73563623843574,4.45828501641971,-2.39754366446588,7.73101278474146,7.7405683193205,0.12360003592145,0.0637579215559514
B07L3MX468,2021Q1,Colgate,13,0.000350676630558663,6.59034051287499,3.28866123671243,-2.04263322193096,6.59205276527679,6.59795247882978,0.0894973654348298,0.115501861245604
B07L3MX468,2021Q3,Colgate,15,0.000816819956545178,6.441087081579,3.13895243160699,-1.99544216821388,6.45252786094246,6.45806313407633,0.085784567740908,0.263558810528708
B07L3MX468,2022Q1,Colgate,17,0.000348850189774503,7.91826493052361,4.60990511028706,-2.45421925118426,7.92031343253575,7.92228129623049,0.0248457805552495,0.05072280028664
B07L5D13LL,2019Q2,Colgate,6,0.000778828330659356,4.83651161970589,1.54720341958778,-1.49840330784367,4.83651161970589,4.83651161970589,,
B07L5D13LL,2019Q3,Colgate,7,0.000650283848900045,4.82096517677202,1.53153014277861,-1.49377899464205,4.82096517677202,4.82096517677202,,
B07L5D13LL,2019Q4,Colgate,8,0.00145607035731967,4.78629946395928,1.49636637454184,-1.48184201297006,4.78629946395928,4.78629946395928,,
B07L5D13LL,2020Q1,Colgate,9,0.00149674271366938,4.62141285129016,1.32963608246936,-1.43073471168063,4.80564293188934,4.82015505295588,0.301980843608835,4.30046412343879
B07L5D13LL,2020Q2,Colgate,10,0.00264889635625386,4.80026948532178,1.52291826330575,-1.48439181857758,4.7977610806228,4.80731661520183,0.199166536608631,0.146806963683988
B07L5D13LL,2020Q3,Colgate,11,0.00167448091091762,4.75250583776889,1.4711990450232,-1.47105764676634,4.80116015136282,4.80704561039028,0.122584101382001,1.1476003288192
B07L5D13LL,2020Q4,Colgate,12,0.00112886353545008,4.6860761743181,1.40902228155766,-1.45128821311767,4.80157767325791,4.81843427817723,0.351063880799194,2.82449748863491
B07L5D13LL,2021Q1,Colgate,13,0.00175338315279331,4.85932776360261,1.55764848744005,-1.50400368601762,4.82842484093976,4.83432455449276,0.122187126181904,-0.514540494615967
B07L5D13LL,2021Q2,Colgate,14,0.00208010051045667,5.77738906268854,2.4947693193011,-1.78756629821672,4.80956536227373,4.81284524873052,0.0681950698189883,-16.6951507591417
B07L5D13LL,2021Q3,Colgate,15,0.00163363991309036,5.62620991655512,2.32407526658311,-1.74156918249452,4.8386087434184,4.84414401655228,0.114398031074576,-13.9004038527182
B07L5D13LL,2021Q4,Colgate,16,0.00285886984790812,5.73236398965672,2.43711877655562,-1.77225108049592,4.85093137435715,4.85531127161603,0.0902898210854515,-15.3000179266916
B07L5D13LL,2022Q1,Colgate,17,0.000697700379549007,6.15669319959511,2.84833337935856,-1.907564622351,4.83544163749964,4.83740950119437,0.0406966693481088,-21.4284463368664
B07L5D13LL,2022Q2,Colgate,18,0.000372106869092803,6.71771493024513,3.43504113345762,-2.08206745918155,4.80938881821521,4.81154792700514,0.0448936210305294,-28.3752291222996
B07L5D13LL,2022Q3,Colgate,19,0.00115481442132249,5.88659133520346,2.58637594776501,-1.82304306413522,4.83082723264744,4.83423087841987,0.0704567894589775,-17.8772467266444
B07L5H35RR,2020Q4,Colgate,12,0.000376287845150026,4.7416463646526,1.46459247189216,-1.46960482984965,4.74113683310578,4.75799343802511,0.355539304447483,0.344755220346538
B07L5H35RR,2021Q2,Colgate,14,0.000416020102091333,4.14414987341772,0.86153013003028,-1.28436836707709,4.14606217784078,4.14934206429757,0.0791084724760023,0.125289650192384
B07L5H35RR,2021Q3,Colgate,15,0.000408409978272589,4.49676227084565,1.19462762087365,-1.39366175498222,4.50820305020911,4.51373832334298,0.122782249872622,0.377517232952096
B07L5H35RR,2022Q1,Colgate,17,0.000348850189774503,6.05121426111519,2.74285444087864,-1.8755379698678,6.05326276312733,6.05523062682207,0.0325091404708382,0.0663728887057458
B07L5H35RR,2022Q2,Colgate,18,0.000372106869092803,6.02783406449467,2.74516026770716,-1.86824795117831,6.02951576936429,6.03167487815423,0.0358089915098375,0.0637179726326931
B07L5H35RR,2022Q3,Colgate,19,0.000769876280881662,5.88094075950146,2.58072537206301,-1.82199500948231,5.88651929098896,5.88992293676139,0.0578210246867555,0.152733680328598
B07L5PDS11,2019Q3,Colgate,7,0.000650283848900045,6.77109107825584,3.48165604426243,-2.09802669229798,6.77109107825584,6.77109107825584,,
B07L5PDS11,2020Q2,Colgate,10,0.000378413765179122,6.76500843644545,3.48765721442942,-2.09671223115034,6.75438381258899,6.76393934716803,0.1414715959911,-0.0158032216436621
B07L5PDS11,2020Q4,Colgate,12,0.000376287845150026,6.653600543948,3.37654665118756,-2.06218742253095,6.75820040524188,6.77505701016121,0.249424460781796,1.8254246766239
B07L5PDS11,2021Q1,Colgate,13,0.000350676630558663,5.47673810820175,2.17505883203919,-1.69747939211535,6.7850475699158,6.79094728346879,0.0869516903485731,23.9962026538924
B07L5PDS11,2021Q2,Colgate,14,0.001248060306274,5.44669814534953,2.16407840196209,-1.68665323433812,6.76618808913748,6.76946797559427,0.0484746568316627,24.2857194385582
B07L5PDS11,2021Q3,Colgate,15,0.000408409978272589,8.20247847861794,4.90034382864593,-2.54215808245624,6.79523147675861,6.80076674989248,0.0814581983381278,-17.0888802985514
B07L5PDS11,2022Q1,Colgate,17,0.000348850189774503,7.86307849925314,4.55471867901659,-2.43711454412829,6.79206436890181,6.79403223259655,0.0289729835857019,-13.5957725305443
B07L5QNJW3,2020Q2,Colgate,10,0.000756827530358244,4.81156879206489,1.53421757004886,-1.49070857324678,4.80694533837061,4.81650087294965,0.198786004549663,0.102504632021239
B07L5QNJW3,2020Q3,Colgate,11,0.000334896182183523,4.7777475692079,1.49644077646221,-1.48085519255827,4.77256761559425,4.77845307462171,0.12331850487,0.0147664857465202
B07L5QNJW3,2021Q1,Colgate,13,0.000350676630558663,4.84850664723406,1.5468273710715,-1.50276313265533,4.85021889963586,4.85611861318885,0.121638088405425,0.156996091964445
B07L5QNJW3,2021Q2,Colgate,14,0.000416020102091333,5.91098729267482,2.62836754928738,-1.83195234940794,5.91289959709788,5.91617948355467,0.0554700177626036,0.087839655589983
B07L5QNJW3,2022Q2,Colgate,18,0.000372106869092803,5.6338050374146,2.35113124062709,-1.74612383251964,5.63548674228422,5.63764585107416,0.038312729470785,0.0681744155867969
B07L61QFSR,2020Q1,Other,9,0.000374185678417344,2.85231268837288,-0.389935189487014,-0.884034994563129,2.8511261698138,2.85112857131309,8.42298497099084e-05,-0.041514279434296
B07L61QFSR,2020Q2,Other,10,0.00151365506071649,2.88525441617037,-0.378292729646619,-0.893225482917719,2.88228961037785,2.88229266789608,0.000106079493779,-0.10265119975863
B07L61QFSR,2021Q1,Other,13,0.000701353261117326,2.58231823821105,-0.664578406270124,-0.800091989113984,2.58275662638527,2.5827585455969,7.43086521245751e-05,0.0170508568362315
B07L61QFSR,2021Q2,Other,14,0.000832040204182666,2.76046262619531,-0.48913457321553,-0.855175462066388,2.75993182595436,2.75993270324247,3.17865861000722e-05,-0.0191968892392924
B07L61QFSR,2021Q3,Other,15,0.000408409978272589,2.72807682436792,-0.515733478320516,-0.845500852785779,2.7263636860893,2.72636523491023,5.6809035952352e-05,-0.062739782193888
B07L625K8T,2019Q3,Crest,7,0.000650283848900045,20.2926400577156,17.0097369077709,-6.28768687442456,20.2926400577156,20.2926400577156,,
B07L625K8T,2020Q1,Crest,9,0.000748371356834689,13.5606072447996,10.2826011386816,-4.20135000083138,20.2783015398377,20.2783081210924,3.24546644973731e-05,49.5383485047765
B07L625K8T,2020Q2,Crest,10,0.000756827530358244,15.3538901033208,12.0828279100198,-4.75690499270338,20.2768377144145,20.2768413360511,1.78609538837546e-05,32.0632178529501
B07L625K8T,2020Q3,Crest,11,0.000334896182183523,14.3478440520468,11.0876424824095,-4.44709124094898,20.268128135418,20.2681300189559,9.2931020642946e-06,41.2625474979603
B07L625K8T,2020Q4,Crest,12,0.000376287845150026,14.2357091720888,10.9649079102608,-4.41215251976502,20.2908339957486,20.2908431346739,4.50396732532909e-05,42.5348248505745
B07L625K8T,2021Q1,Crest,13,0.00105202989167599,15.8940914955863,12.6100958081671,-4.92281412105778,20.2841182174594,20.2841224876322,2.10518042220763e-05,27.6205217093724
B07L625K8T,2021Q2,Crest,14,0.00166408040836533,14.6578470220192,11.3821622051831,-4.53713542293666,20.2748312384108,20.2748327062773,7.23984571357519e-06,38.3206733964424
B07L625K8T,2021Q4,Crest,16,0.000408409978272589,11.5121415140702,8.24552073819201,-3.56790739197461,20.2765169144574,20.2765203494388,1.69406877786148e-05,76.1316113483903
B07L625K8T,2022Q2,Crest,18,0.000372106869092803,14.3290939499512,11.0649635390761,-4.44111435845939,20.2729864852832,20.2729874042784,4.53310259437774e-06,41.4812930607346
B07L625K8T,2022Q3,Crest,19,0.000384938140440831,14.2825684200541,11.0145336789504,-4.42663756064065,20.2768412839343,20.2768434471128,1.06682220736543e-05,41.9691672447522
B07MGC24KH,2021Q1,Crest,13,0.000350676630558663,7.85504479532743,4.57104910790828,-2.43462009699589,7.84543042739876,7.84543469757161,5.44287900658402e-05,-0.122343003843017
B07MGC24KH,2021Q2,Crest,14,0.000416020102091333,6.43089924050633,3.15521442367027,-1.99308514620747,6.42030876684794,6.42031023471444,2.28628646289499e-05,-0.164658244451854
B07MGC24KH,2021Q4,Crest,16,0.000408409978272589,6.19475513343732,2.92813435755913,-1.91991321554292,6.19491437596116,6.19491781094259,5.54484084659232e-05,0.0026260522291377
B07MGC24KH,2022Q1,Crest,17,0.000348850189774503,6.02631933924963,2.77268048621107,-1.86782193648987,6.03427508363112,6.03427623106392,1.90152549338175e-05,0.132035681588616
B07MGC24KH,2022Q2,Crest,18,0.000744213738185607,5.65639092821656,2.39226051734146,-1.75247144022352,5.65551010809817,5.65551102709344,1.62495558350005e-05,-0.0155558753679674
B07MH9C7L8,2019Q3,Crest,7,0.000650283848900045,5.80796174384876,2.52505859390408,-1.79960048175559,5.80796174384876,5.80796174384876,,
B07MH9C7L8,2019Q4,Crest,8,0.00145607035731967,5.62433642083822,2.34899758124075,-1.74129890246805,5.62433642083822,5.62433642083822,,
B07MH9C7L8,2020Q1,Crest,9,0.000374185678417344,4.00286221793635,0.724856111818313,-1.24063195928528,5.70559273081207,5.70559931206681,0.000115347432709455,42.5379891044137
B07MH9C7L8,2020Q2,Crest,10,0.000378413765179122,5.47226975534308,2.20120756204205,-1.69604739387592,5.70412889797844,5.70413251961507,6.34914935835136e-05,4.23704924351724
B07MH9C7L8,2020Q4,Crest,12,0.000752575690300052,7.13467413750385,3.86387287567589,-2.21045684253127,5.71812519219636,5.7181343311217,0.000159823806331017,-19.8543027905931
B07MH9C7L8,2021Q1,Crest,13,0.000350676630558663,8.42850864838945,5.1445129609703,-2.61236149223224,5.71140941309494,5.7114136832678,7.47656584957803e-05,-32.2369600420455
B07MH9C7L8,2021Q3,Crest,15,0.000408409978272589,6.51349201655825,3.25630252828797,-2.01869793600455,5.69456959477261,5.69457256433363,5.2147242575102e-05,-12.5726637899119
B07MH9C7L8,2021Q4,Crest,16,0.000408409978272589,6.45257995573685,3.18595917985866,-1.99981972886998,5.70380810697558,5.70381154195701,6.0222598005993e-05,-11.6041710279642
B07MH9C7L8,2022Q1,Crest,17,0.000697700379549007,6.23913004082075,2.98549118778219,-1.93310651583218,5.6986226862144,5.69862383364719,2.01352651990112e-05,-8.66316623691429
B07MH9C7L8,2022Q2,Crest,18,0.000372106869092803,6.18305725928852,2.91892684841342,-1.91635734047904,5.70027767940275,5.70027859839802,1.61219386612309e-05,-7.80808976279885
B07MHF9BXW,2020Q2,Other,10,0.000378413765179122,14.5797595613048,11.3162124154878,-4.51877636023778,14.5767947555123,14.5767978130305,2.09752437052365e-05,-0.0203141091719372
B07MHF9BXW,2020Q3,Other,11,0.000669792364367046,13.5646030100759,10.3143041789221,-4.20291845206634,13.5621975380348,13.5621988247765,9.48770780973957e-06,-0.0177239635959392
B07MHF9BXW,2020Q4,Other,12,0.000376287845150026,12.3553419832472,9.10562234348035,-3.82935985871534,12.3531628306298,12.3531664779063,2.95250424355435e-05,-0.0176078116154499
B07MHF9BXW,2021Q1,Other,13,0.000350676630558663,13.9287284066723,10.6818317621911,-4.31711886922071,13.9291667948465,13.9291687140582,1.37783663883394e-05,0.00316114560494629
B07MHF9BXW,2021Q3,Other,15,0.000408409978272589,13.2680878054161,10.0242775027277,-4.11212010384462,13.2663746671375,13.2663762159584,1.16747865933552e-05,-0.0129000462070317
B07MHF9BXW,2021Q4,Other,16,0.000408409978272589,12.2122050208297,8.9670617476694,-3.78487499592268,12.2078317479777,12.2078330311542,1.05110924018917e-05,-0.0358001660472729
B07MHF9BXW,2022Q1,Other,17,0.000348850189774503,13.3490306017734,10.0862057386188,-4.13745286056672,13.3458145871319,13.3458156718647,8.12788710391499e-06,-0.0240836207859085
B07MZ7M2VF,2019Q2,Parodontax,6,0.000778828330659356,5.77261064287478,2.51179296245092,-1.78841685129728,5.77261064287478,5.77261064287478,,
B07MZ7M2VF,2019Q4,Parodontax,8,0.0021841055359795,5.71276411832683,2.45189061926462,-1.76738664981048,5.71276411832683,5.71276411832683,,
B07MZ7M2VF,2020Q1,Parodontax,9,0.000374185678417344,5.67,2.40688562964781,-1.75733833096411,5.73875722288289,5.73876203401245,8.38357395957886e-05,1.21273428593387
B07MZ7M2VF,2020Q2,Parodontax,10,0.000378413765179122,5.73013311076536,2.4578150433821,-1.77596824783474,5.9598954859913,5.95991724816062,0.000365143472129236,4.0101012132433
B07MZ7M2VF,2020Q3,Parodontax,11,0.00133958472873409,5.65405538747822,2.36378021265465,-1.75070412292777,5.80058939994752,5.80059471132762,9.15662138711035e-05,2.59175607253392
B07MZ7M2VF,2020Q4,Parodontax,12,0.00112886353545008,5.33428037355322,2.05094989837542,-1.65203849524047,5.76551267238424,5.7655222323231,0.000165812468089498,8.08434931369428
B07MZ7M2VF,2021Q1,Parodontax,13,0.000701353261117326,6.11374311869912,2.85534338438867,-1.89425022074763,5.74730066517582,5.74730415992441,6.08067821264298e-05,-5.99369243457317
B07MZ7M2VF,2021Q2,Parodontax,14,0.00166408040836533,4.72475516173363,1.4309782516588,-1.46248313117211,5.76635880704166,5.76636099027957,3.78616381973248e-05,22.0457101562009
B07MZ7M2VF,2021Q4,Parodontax,16,0.000408409978272589,5.24648789555779,1.95399041456908,-1.62602092074594,5.76188903995181,5.76189357207702,7.86569329941266e-05,9.82382284643446
B07MZ7M2VF,2022Q1,Parodontax,17,0.000348850189774503,5.23913684210526,1.95428591718618,-1.62383939035912,5.75845173837678,5.75845335982728,2.81577510448466e-05,9.91225336105823
B07MZ7M2VF,2022Q2,Parodontax,18,0.00111632060727841,5.38420923979458,2.10153544300707,-1.66752251514802,5.75780205320417,5.7578032795741,2.12992721498863e-05,6.93869838895358
B07MZ7M2VF,2022Q3,Parodontax,19,0.000769876280881662,5.44344588182754,2.16774515623447,-1.68645317758949,5.75311409518554,5.75311647376155,4.13441481434014e-05,5.68887059147252
B07NX7Q9NB,2019Q3,Crest,7,0.000650283848900045,6.77462243590745,3.49171928596277,-2.09912088561594,6.77462243590745,6.77462243590745,,
B07NX7Q9NB,2020Q1,Crest,9,0.00187092839208672,4.70343643714093,1.42543033102289,-1.45558256381062,6.76028392841348,6.76029050966822,9.73517503667509e-05,43.7308784761123
B07NX7Q9NB,2020Q2,Crest,10,0.00113524129553737,6.65880338764159,3.38774119434056,-2.06223305109471,6.75882009647453,6.75882371811117,5.35838590267586e-05,1.5020766442092
B07NX7Q9NB,2020Q3,Crest,11,0.00100468854655057,6.68557206569321,3.42537049605591,-2.07079393701758,6.75011052143756,6.7501124049754,2.79038073516111e-05,0.965367490590263
B07NX7Q9NB,2020Q4,Crest,12,0.0015051513806001,6.39771216152794,3.12691089969998,-1.98063927112143,6.77281638659506,6.7728255255204,0.000134935377120647,5.86324227351407
B07NX7Q9NB,2021Q1,Crest,13,0.0028054130444693,5.99217470148777,2.70817901406862,-1.85267499201221,6.76610060370758,6.76610487388044,6.31112823647717e-05,12.9156810498284
B07NX7Q9NB,2021Q2,Crest,14,0.001248060306274,5.8913994037856,2.61571458694954,-1.82436176817634,6.75681362718878,6.75681509505528,2.17242413954807e-05,14.6894758266363
B07NX7Q9NB,2021Q3,Crest,15,0.000816819956545178,6.35481860203122,3.09762911376094,-1.96871628177622,6.74926079045969,6.74926376002071,4.39983149751723e-05,6.20702466414089
B07NX7Q9NB,2021Q4,Crest,16,0.000408409978272589,6.22093948153674,2.95431870565855,-1.92802841539725,6.75849930364644,6.75850273862786,5.08246175975143e-05,8.64119091154265
B07NX7Q9NB,2022Q1,Crest,17,0.000697700379549007,6.09081739225765,2.83717853921909,-1.88715393182739,6.75331388192456,6.75331502935735,1.69906628288018e-05,10.8769906308772
B07NX7Q9NB,2022Q2,Crest,18,0.000744213738185607,5.96306825632769,2.69893784545259,-1.84748666560298,6.75496887495322,6.7549697939485,1.36047299107579e-05,13.28010184657
B07NX7Q9NB,2022Q3,Crest,19,0.00153975256176332,5.8673858824659,2.5993511413622,-1.81639496928208,6.75882366894738,6.75882583212583,3.20052506320955e-05,15.1931365605919
B07P6LR9ZD,2020Q1,Tom's of Maine,9,0.000374185678417344,17.7681006364513,14.4763238676305,-5.50697783366202,17.7569334876524,17.771445608719,0.0817265046165563,0.0188257165811612
B07P6LR9ZD,2020Q3,Tom's of Maine,11,0.000669792364367046,16.2842686445678,13.0029618518221,-5.04559205409995,16.2790886909542,16.2849741499816,0.0361534919993861,0.00433243536572814
B07P6LR9ZD,2021Q1,Tom's of Maine,13,0.000701353261117326,14.1349099600164,10.8332306838538,-4.37948664053555,14.1366222124182,14.1425219259712,0.0417335447205817,0.0538522422592447
B07P6LR9ZD,2021Q2,Tom's of Maine,14,0.000416020102091333,13.9725053164557,10.6898855730683,-4.33040415656398,13.9744176208788,13.9776975073356,0.0234706486221863,0.0371600565700847
B07P6LR9ZD,2022Q1,Tom's of Maine,17,0.000348850189774503,13.4096293139734,10.1012694937369,-4.15623507199601,13.4116778159855,13.4136456796803,0.0146727629588003,0.0299513552003416
B07P6LR9ZD,2022Q3,Tom's of Maine,19,0.000384938140440831,20.2249617888384,16.9247464014,-6.26838065002981,20.2305403203259,20.2339439660983,0.0168242949448568,0.0444113435353222
B07P7QRCWB,2019Q4,Tom's of Maine,8,0.000728035178659833,14.3031868717311,11.0132537823137,-4.43150635230267,14.3031868717311,14.3031868717311,,
B07P7QRCWB,2020Q1,Tom's of Maine,9,0.000748371356834689,12.0029755197259,8.71119875090511,-3.7187642337417,14.2938633972068,14.3083755182733,0.101526932665276,19.2069041110573
B07P7QRCWB,2020Q3,Tom's of Maine,11,0.000334896182183523,13.3010911012047,10.019784308459,-4.1226518434868,14.2893806201177,14.2952660791451,0.0411876426552485,7.4743866527641
B07P7QRCWB,2020Q4,Tom's of Maine,12,0.00112886353545008,13.1910607338434,9.91400684108296,-4.08530084646607,14.2897981410783,14.3066547459976,0.117962512506533,8.45719714785314
B07P7QRCWB,2021Q4,Tom's of Maine,16,0.000408409978272589,12.9301112155723,9.6348660024712,-4.00737250568973,14.3391518413063,14.3435317385652,0.030545023215871,10.9312325271465
B07P7QRCWB,2022Q1,Tom's of Maine,17,0.000697700379549007,11.4373905060256,8.12903068578905,-3.54371426251067,14.3236620981365,14.3256299618313,0.0137385515048559,25.2526085760913
B07P7QRCWB,2022Q2,Tom's of Maine,18,0.000372106869092803,15.3689968383002,12.0863230415127,-4.76341859241731,14.2976092863615,14.2997683951514,0.01510118752505,-6.95704771364264
B07P7QRCWB,2022Q3,Tom's of Maine,19,0.000384938140440831,10.9604611446396,7.66024575720115,-3.39700728593606,14.3190476967575,14.3224513425299,0.0237700568118374,30.6738024388193
B07PQYJBM3,2019Q3,Other,7,0.000650283848900045,24.2133605662364,20.9563275873589,-7.50252451061179,24.2133605662364,24.2133605662364,,
B07PQYJBM3,2019Q4,Other,8,0.000728035178659833,24.077307768372,20.8212276977496,-7.45978803736158,24.077307768372,24.077307768372,,
B07PQYJBM3,2020Q1,Other,9,0.000374185678417344,23.9613473316173,20.7190994537574,-7.42648926409094,24.129839001477,24.1298414029763,9.95240493433438e-06,0.703191139576265
B07PQYJBM3,2020Q4,Other,12,0.000376287845150026,23.6945259402011,20.4448063004343,-7.34377620868158,24.1363181287146,24.1363217759911,1.51111554996593e-05,1.86454811083789
B07PQYJBM3,2022Q3,Other,19,0.000769876280881662,20.9992576215795,17.7401213032311,-6.50585410634107,24.1420617818834,24.1420632306939,6.0011882964195e-06,14.9662700736849
B07QQVJ629,2019Q4,Crest,8,0.000728035178659833,15.2377029924887,11.9623641528912,-4.72104421282321,15.2377029924887,15.2377029924887,,
B07QQVJ629,2020Q1,Crest,9,0.000748371356834689,14.0426837624995,10.7646776563815,-4.35070704225856,15.2309287972771,15.2309353785319,4.3209805675315e-05,8.46171313211181
B07QQVJ629,2020Q2,Crest,10,0.000756827530358244,16.2759676977716,13.0049055044706,-5.0425808366222,15.2294649643226,15.2294685859592,2.37804587588332e-05,-6.42971976379434
B07QQVJ629,2021Q1,Crest,13,0.000350676630558663,16.5439182299658,13.2599225425466,-5.12767996303355,15.2367454752726,15.2367497454454,2.80254918218618e-05,-7.90120252258456
B07R6T4RPG,2020Q1,Crest,9,0.000374185678417344,10.1153571428571,6.83735103673906,-3.135115491805,10.1059156837933,10.105922265048,6.51227948240582e-05,-0.0932728096084134
B07R6T4RPG,2020Q2,Crest,10,0.000756827530358244,10.2006956831334,6.92963348983237,-3.16035479592564,10.1967343004275,10.1967379220642,3.55176130567948e-05,-0.0387989328589189
B07R6T4RPG,2021Q2,Crest,14,0.000416020102091333,8.93232303797469,5.65663822113863,-2.76833452092968,8.9217325643163,8.9217340321828,1.6452706820601e-05,-0.118547053738083
B07R6T4RPG,2021Q3,Crest,15,0.000408409978272589,9.11380376151343,5.85661427324316,-2.82460111960638,9.11415577861808,9.1141587481791,3.25818549992387e-05,0.00389504398994323
B07RD76M8V,2020Q1,Crest,9,0.000374185678417344,4.81178571428571,1.53377960816767,-1.49134664481478,4.80234425522191,4.80235083647664,0.000137042543916018,-0.196078511581621
B07RD76M8V,2020Q2,Crest,10,0.000378413765179122,4.83114203126338,1.56007983796235,-1.49733953512951,4.82718064855751,4.82718427019414,7.50259188088547e-05,-0.0819218529206856
B07RD76M8V,2020Q4,Crest,12,0.0015051513806001,5.45902060916932,2.18821934734136,-1.69003392578382,5.46931644878642,5.46932558771175,0.000167094470020235,0.188769731426208
B07RD76M8V,2021Q1,Crest,13,0.00105202989167599,4.70387803791484,1.41988235049568,-1.45691354773005,4.69426366998616,4.69426794015902,9.09657649884669e-05,-0.204301592821055
B07RD76M8V,2021Q2,Crest,14,0.000832040204182666,4.642066652607,1.36638183577094,-1.43808557917614,4.63147617894861,4.63147764681512,3.16932754547049e-05,-0.22810973181393
B07RD76M8V,2022Q1,Crest,17,0.000348850189774503,6.63419915648889,3.38056030345033,-2.0562306804464,6.64215490087039,6.64215604830318,1.72750080009415e-05,0.119937487955935
B07RLL3KBF,2021Q1,Crest,13,0.000350676630558663,4.70923674701777,1.42524105959862,-1.45959733197462,4.69962237908909,4.69962664926195,9.08620419206937e-05,-0.204069115062144
B07RLL3KBF,2021Q2,Crest,14,0.000416020102091333,4.56883465701304,1.29314984017697,-1.41598805234175,4.55824418335465,4.55824565122116,3.22024543849936e-05,-0.231766010083812
B07RLL3KBF,2021Q3,Crest,15,0.000408409978272589,4.54775147537367,1.29056198710339,-1.40946461490399,4.54810349247832,4.54810646203934,6.52922921632095e-05,0.00780576220116291
B07RLL3KBF,2021Q4,Crest,16,0.000408409978272589,5.06667017444888,1.80004939857069,-1.57029080523542,5.06682941697273,5.06683285195415,6.77935083999979e-05,0.00321073801274885
B07RLL3KBF,2022Q1,Crest,17,0.000348850189774503,4.95882442256373,1.70518556952517,-1.53695821848358,4.96678016694522,4.96678131437802,2.31021457316152e-05,0.160459236630373
B07RXKQLBT,2020Q1,Parodontax,9,0.000748371356834689,15.3491047637416,12.0859903933894,-4.75546265353544,15.3429058255815,15.3429106367111,3.13573557396197e-05,-0.0403549726570751
B07RXKQLBT,2020Q2,Parodontax,10,0.000378413765179122,15.542023692351,12.2697056249677,-4.8170156000135,15.7477593201205,15.7477810822899,0.000138192163557961,1.32387772668321
B07RXKQLBT,2021Q2,Parodontax,14,0.000416020102091333,14.3365184810127,11.0427415709379,-4.44322029691536,14.327258589463,14.3272607727009,1.52383506938819e-05,-0.0645743129620402
B07RXKQLBT,2021Q3,Parodontax,15,0.000408409978272589,14.01446823488,10.728820077968,-4.34344250795637,14.0078725898178,14.00787753749,3.53206537047597e-05,-0.0470278092578935
B07RXKQLBT,2022Q1,Parodontax,17,0.000348850189774503,14.5103973640278,11.2255464391087,-4.49741160034354,14.5021563878031,14.5021580092536,1.11807545233055e-05,-0.0567824199952494
B07SG3Y66Y,2020Q1,SENSODYNE PRONAMEL,9,0.000748371356834689,15.9494787187915,12.6863643484393,-4.94147063024425,15.9432797806314,15.943284591761,3.01765359982176e-05,-0.0388359214725464
B07SG3Y66Y,2020Q2,SENSODYNE PRONAMEL,10,0.000756827530358244,15.5490108649479,12.2766927975646,-4.81735683382756,15.7547464927174,15.7547682548868,0.000138130875837542,1.32328282310679
B07SG3Y66Y,2020Q3,SENSODYNE PRONAMEL,11,0.000669792364367046,15.8218720600622,12.5315968852386,-4.90232098779986,15.8503444944862,15.8503498058663,3.35095562022411e-05,0.179989736334552
B07SG3Y66Y,2020Q4,SENSODYNE PRONAMEL,12,0.000376287845150026,16.0685923410101,12.7852618658323,-4.98022819442454,16.0689327483188,16.0689423082576,5.94933030701328e-05,0.00217795834316359
B07SG3Y66Y,2021Q2,SENSODYNE PRONAMEL,14,0.00332816081673066,13.6617093224613,10.3679324123865,-4.22174588210914,13.6524494309116,13.6524516141495,1.59915473024089e-05,-0.0677639092830695
B07SG3Y66Y,2021Q3,SENSODYNE PRONAMEL,15,0.00245045986963554,13.1086083232685,9.82296016635653,-4.05439371717684,13.1020126782063,13.1020176258785,3.7762687968778e-05,-0.0502776284673212
B07SG3Y66Y,2021Q4,SENSODYNE PRONAMEL,16,0.00163363991309036,14.2939480977237,11.001450616735,-4.42463041237077,14.2814978665346,14.2815023986598,3.17342427503407e-05,-0.0870697093537487
B07SG3Y66Y,2022Q1,SENSODYNE PRONAMEL,17,0.00209310113864702,14.3820142058432,11.0971632809241,-4.44984208067038,14.3737732296185,14.373774851069,1.1280618390201e-05,-0.0572892965915228
B07SG3Y66Y,2022Q2,SENSODYNE PRONAMEL,18,0.00372106869092803,13.6044863309113,10.3218125341238,-4.20240548932051,13.5977727973175,13.5977740236874,9.01890293602941e-06,-0.0493389243858666
B07SG3Y66Y,2022Q3,SENSODYNE PRONAMEL,19,0.00269456698308582,13.4985233609714,10.2228226353783,-4.17396984979709,13.494094940126,13.494097318702,1.76267917488213e-05,-0.0327890847840906
B07T9CHV4S,2020Q3,Orajel,11,0.000334896182183523,2.5622597850994,-0.673840832074188,-0.794168308912297,2.56229881280517,2.56229943126338,2.41368495005588e-05,0.00154731242372197
B07T9CHV4S,2021Q1,Orajel,13,0.000350676630558663,2.71553957567954,-0.516523918891683,-0.841663847553083,2.71701713981295,2.7170178596349,2.64930956472143e-05,0.0544379455412969
B07T9CHV4S,2021Q3,Orajel,15,0.000408409978272589,2.63683679679709,-0.592382779448883,-0.817223232291273,2.63678182423096,2.63678218320292,1.36140184544319e-05,-0.00207117839965409
B07T9CHV4S,2022Q3,Orajel,19,0.000384938140440831,2.76210562004716,-0.46439942455989,-0.856067348992337,2.76210895730846,2.76210902170277,2.33134568922856e-06,0.000123154436360018
B07XRY29X5,2020Q2,Crest,10,0.000378413765179122,14.0840477362205,10.8129855429195,-4.36513796398972,14.0800863535146,14.0800899751513,2.57216933483342e-05,-0.0281010199863374
B07XRY29X5,2020Q3,Crest,11,0.00133958472873409,13.9354956624037,10.6752940927664,-4.31494352977918,13.9336853283299,13.9336872118677,1.35178726341205e-05,-0.0129772961062424
B07XRY29X5,2020Q4,Crest,12,0.000376287845150026,13.8521080289952,10.5813067671672,-4.29326088397609,13.8624038686123,13.8624130075376,6.592597806591e-05,0.0743928542923378
B07XRY29X5,2021Q1,Crest,13,0.000350676630558663,18.2946558956681,15.0106602082489,-5.67030972728671,18.2850415277394,18.2850457979123,2.33533670262038e-05,-0.0525295354590005
B07XRY29X5,2021Q3,Crest,15,0.000816819956545178,14.4271533523352,11.1699638640649,-4.46951730382141,14.4275053694398,14.4275083390009,2.05826367478644e-05,0.00246054545203211
B07XRY29X5,2022Q2,Crest,18,0.000744213738185607,8.95563397028083,5.69150355940573,-2.77464782070166,8.95475315016244,8.95475406915771,1.02626533345907e-05,-0.00982511261669039
B07YXDVT9W,2020Q4,Sensodyne,12,0.000376287845150026,16.0685923410101,12.7852618658323,-4.98022819442454,16.0689327483188,16.0689423082576,5.94933030701328e-05,0.00217795834316359
B07YXDVT9W,2021Q4,Sensodyne,16,0.00122522993481777,16.0449293255587,12.75243184457,-4.9686708960842,16.0324790943696,16.0324836264948,2.82683992690737e-05,-0.0775678023338999
B07YXDVT9W,2022Q2,Sensodyne,18,0.000744213738185607,14.0610044701843,10.7783306733968,-4.35640129325761,14.0542909365905,14.0542921629604,8.72594664368767e-06,-0.0477370392572341
B07YXDVT9W,2022Q3,Sensodyne,19,0.000384938140440831,12.1663200886293,8.89061936303623,-3.77074262101797,12.1618916677839,12.1618940463599,1.95576155293748e-05,-0.0363794659123173
B07ZK1573S,2020Q2,Crest,10,0.000756827530358244,4.82126953559728,1.55020734229625,-1.49371403407994,4.81730815289141,4.81731177452804,7.51796754185545e-05,-0.0820896039936958
B07ZK1573S,2020Q3,Crest,11,0.00100468854655057,4.77135122898323,1.51114965934593,-1.47788178771735,4.76954089490941,4.76954277844725,3.94909672785641e-05,-0.037902272316459
B07ZK1573S,2020Q4,Crest,12,0.00188143922575013,4.73222009845226,1.4614188366243,-1.4644748833549,4.74251593806936,4.74252507699469,0.000192702047882829,0.217762029830348
B07ZK1573S,2021Q1,Crest,13,0.00105202989167599,4.69058738595423,1.40659169853507,-1.45279708664337,4.68097301802555,4.68097728819841,9.12240433721493e-05,-0.204880475835456
B07ZK1573S,2021Q2,Crest,14,0.001248060306274,4.60525233569864,1.32956751886257,-1.42608669319802,4.59466186204025,4.59466332990675,3.19472149874686e-05,-0.229933237529756
B07ZK1573S,2021Q3,Crest,15,0.000408409978272589,4.54775147537367,1.29056198710339,-1.40946461490399,4.54810349247832,4.54810646203934,6.52922921632095e-05,0.00780576220116291
B07ZK1573S,2021Q4,Crest,16,0.00122522993481777,4.42544141998818,1.15882064410999,-1.37043682397492,4.42560066251203,4.42560409749345,7.76161630356194e-05,0.00367596110388835
B07ZK1573S,2022Q1,Crest,17,0.00104655056932351,4.37750575135732,1.12386689831876,-1.3558349865793,4.38546149573881,4.38546264317161,2.61644708165775e-05,0.181767706685942
B07ZK1573S,2022Q2,Crest,18,0.00111632060727841,4.22781256109906,0.963682150223963,-1.3093793947219,4.22693174098067,4.22693265997594,2.17414267941729e-05,-0.0208122075045503
B07ZK1573S,2022Q3,Crest,19,0.000769876280881662,4.19191734666136,0.923882605557663,-1.29871270569078,4.19098698973515,4.1909891529136,5.16150123929764e-05,-0.0221424630068023
B0823YDCWF,2020Q4,Colgate,12,0.000376287845150026,17.0372663473831,13.7602124546227,-5.28045471678348,17.0367568158363,17.0536134207556,0.098942569302023,0.0959489218469667
B0823YDCWF,2021Q1,Colgate,13,0.000701353261117326,15.5229661432253,12.2212868670627,-4.80955471510212,15.5246783956271,15.5305781091801,0.038002162767256,0.0490368005995778
B0823YDCWF,2021Q2,Colgate,14,0.000416020102091333,16.6336211829928,13.3510014396054,-5.15514581516825,16.6355334874159,16.6388133738727,0.0197161483235643,0.0312150362373309
B0823YDCWF,2021Q3,Colgate,15,0.000816819956545178,15.5025538328801,12.2004191829081,-4.80267526914902,15.5139946122436,15.5195298853774,0.0356792255780759,0.109504876940503
B0823YDCWF,2021Q4,Colgate,16,0.000816819956545178,15.1445242633302,11.8492790502291,-4.69175807590216,15.1751771110643,15.1795570083232,0.028862248043819,0.231322848996873
B082F1LVBR,2020Q3,Colgate,11,0.00133958472873409,11.4551618672216,8.17385507447591,-3.546940688654,11.449981913608,11.4558673726354,0.0514014700797402,0.00615884281680579
B082F1LVBR,2020Q4,Colgate,12,0.000376287845150026,11.4075437218055,8.13048982904506,-3.53560347208952,11.4070341902587,11.423890795178,0.147773773955381,0.143300554187342
B082F1LVBR,2021Q1,Colgate,13,0.00245473641391064,11.6204280461295,8.31874876996694,-3.59409537001354,11.6221402985313,11.6280400120843,0.0507627115269208,0.0655050392685652
B082F1LVBR,2021Q3,Colgate,15,0.00245045986963554,10.5368078806578,7.2346732306858,-3.25895523131982,10.5482486600213,10.5537839331551,0.0524757550971835,0.161111910643208
B082F1LVBR,2022Q1,Colgate,17,0.000697700379549007,9.32591076701336,6.01755094677681,-2.88950202221005,9.3279592690255,9.32992713272024,0.0210964010238583,0.0430667396162932
B082F1LVBR,2022Q2,Colgate,18,0.000372106869092803,9.04107634746774,5.75840255068023,-2.80216279709739,9.04275805233736,9.0449171611273,0.0238766621581356,0.0424818186679055
B082F1LVBR,2022Q3,Colgate,19,0.000769876280881662,9.03831956688192,5.73810417944347,-2.80019367961822,9.04389809836942,9.04730174414185,0.0376347205089058,0.0993788413151675
B082F1MGLZ,2021Q2,Colgate,14,0.000416020102091333,10.9110612658228,7.62844152243536,-3.38159148899352,10.9129735702459,10.9162534567027,0.0300549289859541,0.0475864881825716
B082F1MGLZ,2022Q1,Colgate,17,0.00104655056932351,6.41925946204028,3.11089964180373,-1.98822275992802,6.42130796405242,6.42327582774716,0.0306458389124216,0.0625674305677393
B082F1MGLZ,2022Q3,Colgate,19,0.000384938140440831,11.4582803960127,8.15806500857426,-3.55129784010866,11.4638589275002,11.4672625732726,0.0296902272957168,0.0783902727939934
B082F1Q1T9,2020Q2,Colgate,10,0.000378413765179122,10.2835904105737,7.00623918855767,-3.1872435927544,10.2789669568794,10.2885224914585,0.0929620128084671,0.0479606896797824
B082F1Q1T9,2021Q2,Colgate,14,0.000416020102091333,9.72601019541207,6.44339045202463,-3.01431661846594,9.72792249983513,9.73120238629192,0.033716206691107,0.0533845921969478
B082F1Q1T9,2021Q4,Colgate,16,0.000816819956545178,8.46645755453439,5.17121234143329,-2.62289986235822,8.49711040226847,8.50149029952735,0.051545726153151,0.413782798381801
B082F1Q1T9,2022Q1,Colgate,17,0.000348850189774503,9.23063587006534,5.92227604982879,-2.86098084009021,9.23268437207748,9.23465223577222,0.0213141012454321,0.0435112571161245
B082F1Q1T9,2022Q2,Colgate,18,0.000372106869092803,9.03743934133106,5.75476554454355,-2.80103555484245,9.03912104620068,9.04128015499062,0.0238862692389954,0.0424989149525157
B082F1Q1T9,2022Q3,Colgate,19,0.000769876280881662,10.143844151788,6.84362876434955,-3.1427001524652,10.1494226832755,10.1528263290479,0.033535363327039,0.0885480605333111
B082F1QH7S,2020Q1,Colgate,9,0.00112255703525203,11.1231144629027,7.8313376940819,-3.44487503672019,11.1119473141038,11.1264594351704,0.130599260924583,0.0300722632930794
B082F1QH7S,2020Q2,Colgate,10,0.000378413765179122,10.2835904105737,7.00623918855767,-3.1872435927544,10.2789669568794,10.2885224914585,0.0929620128084671,0.0479606896797824
B082F1QH7S,2020Q3,Colgate,11,0.00167448091091762,10.1556164161486,6.87430962340291,-3.14349896592966,10.150436462535,10.1563219215624,0.0579823246929699,0.0069469482195883
B082F1QH7S,2020Q4,Colgate,12,0.0015051513806001,10.0751908789253,6.79813698616486,-3.11913356134453,10.0746813473785,10.0915379522978,0.167316506975337,0.162250756029914
B082F1QH7S,2021Q1,Colgate,13,0.00175338315279331,9.98435888699025,6.68267961082769,-3.09024484436572,9.98607113939205,9.99197085294504,0.059079426439542,0.0762389056818913
B082F1QH7S,2021Q2,Colgate,14,0.002496120612548,9.81746203183806,6.53484228845062,-3.03632799613182,9.81937433626112,9.82265422271791,0.0334021939124935,0.052887302879423
B082F1QH7S,2021Q3,Colgate,15,0.00490091973927107,9.13491582816254,5.83278117819054,-2.81842014955595,9.146356607526,9.15189188065987,0.0605188860591773,0.185836988721855
B082F1QH7S,2021Q4,Colgate,16,0.00408409978272589,8.45030063889146,5.15505542579036,-2.60933408040026,8.48095348662553,8.48533338388442,0.0516439250114163,0.41457394819453
B082F1QH7S,2022Q1,Colgate,17,0.00279080151819603,9.01365666143158,5.70529684119503,-2.78690488928897,9.01570516344372,9.01767302713846,0.0218270635414429,0.0445586719989288
B082F1QH7S,2022Q2,Colgate,18,0.00223264121455682,10.2042202583216,6.92154646153409,-3.15677753104556,10.2059019631912,10.2080610719812,0.0211554921624364,0.0376394625196674
B082F1QH7S,2022Q3,Colgate,19,0.00192469070220416,10.7219461970635,7.42173080962505,-3.31796496440836,10.727524728551,10.7309283743234,0.0317281559218677,0.0837737579991948
B082VK8TQ1,2020Q1,Tom's of Maine,9,0.000374185678417344,11.5425,8.2507232311792,-3.57743874517693,11.5313328512011,11.5458449722677,0.125849468173449,0.0289796167872947
B082VK8TQ1,2021Q1,Tom's of Maine,13,0.000701353261117326,10.1386965063089,6.83701723014634,-3.14132074611197,10.1404087587107,10.1463084722637,0.0581802340850368,0.0750783490762963
B082VK8TQ1,2021Q3,Tom's of Maine,15,0.000408409978272589,10.8739887640449,7.57185411407289,-3.37012751659335,10.8854295434084,10.8909648165422,0.0508502959097723,0.156116148965157
B082VK8TQ1,2021Q4,Tom's of Maine,16,0.000408409978272589,8.13095533383066,4.83571012072956,-2.51999122873299,8.16160818156473,8.16598807882362,0.0536646352220045,0.430856443734196
B082VK8TQ1,2022Q1,Tom's of Maine,17,0.00104655056932351,10.4827978018053,7.17443798156875,-3.24681332800472,10.4848463038174,10.4868141675122,0.0187686460794139,0.0383138717622078
B082VK8TQ1,2022Q3,Tom's of Maine,19,0.000384938140440831,8.58105387536448,5.28083848792603,-2.65955073887373,8.58663240685198,8.59003605262441,0.0396388899763981,0.104674523553761
B082VL6SH9,2020Q2,Tom's of Maine,10,0.000378413765179122,11.6451092251038,8.36775800308777,-3.60922579398673,11.6404857714095,11.6500413059886,0.0820887956626512,0.0423532385091185
B082VL6SH9,2020Q3,Tom's of Maine,11,0.000669792364367046,11.4572176986658,8.17591090592011,-3.54995657737233,11.4520377450522,11.4579232040796,0.0513922426600599,0.00615773770180628
B082VL6SH9,2020Q4,Tom's of Maine,12,0.000376287845150026,13.7062210102295,10.4291671174691,-4.24804530885671,13.7057114786827,13.722568083602,0.122989637900563,0.11926754544751
B082VL6SH9,2021Q1,Tom's of Maine,13,0.000350676630558663,11.3017730571796,8.00009378101704,-3.50291112700767,11.3034853095814,11.3093850231344,0.0521937560974648,0.0673519625308483
B082VL6SH9,2021Q3,Tom's of Maine,15,0.000408409978272589,10.3308076774585,7.0286730274865,-3.20178179120041,10.342248456822,10.3477837299558,0.0535209839231813,0.16432454293358
B082VL6SH9,2022Q1,Tom's of Maine,17,0.000697700379549007,10.4526932979044,7.14433347766785,-3.23861970979472,10.4547417999165,10.4567096636113,0.0188226905302747,0.0384242184517492
B082VL6SH9,2022Q2,Tom's of Maine,18,0.000372106869092803,10.3223424537913,7.03966865700379,-3.19927438849848,10.3240241586609,10.3261832674509,0.0209134418590514,0.0372087409108213
B082VL6SH9,2022Q3,Tom's of Maine,19,0.000769876280881662,10.0960262856211,6.79581089818265,-3.12788553060739,10.1016048171086,10.105008462881,0.0336941093425944,0.0889674512112082
B083JHCCV2,2020Q2,Other,10,0.000378413765179122,11.6179768286895,8.35442968287251,-3.60081651734551,11.615012022897,11.6150150804152,2.63238490145871e-05,-0.0254928058297854
B083JHCCV2,2020Q3,Other,11,0.000334896182183523,11.5590666996965,8.30876786854274,-3.58271417554419,11.5566612276554,11.5566625143971,1.11341991550776e-05,-0.0207991299116195
B083JHCCV2,2021Q1,Other,13,0.000350676630558663,11.3300983029369,8.08320165845573,-3.51169035288988,11.3305366911111,11.3305386103228,1.69384000633098e-05,0.00388617445390427
B083JHCCV2,2021Q2,Other,14,0.00208010051045667,11.1517549462481,7.90215774683726,-3.45043428641934,11.1512241460072,11.1512250232953,7.86719102571555e-06,-0.00475192429709725
B083JHCCV2,2021Q4,Other,16,0.000408409978272589,10.7902975828849,7.5451543097246,-3.34418947686904,10.7859243100329,10.7859255932094,1.18967687574764e-05,-0.0405177859267303
B083JHCCV2,2022Q1,Other,17,0.00383735208751954,10.4942707543288,7.23144589117423,-3.24128618772645,10.4910547396873,10.4910558244201,1.03395966001748e-05,-0.0306350958917623
B083JHCCV2,2022Q2,Other,18,0.00111632060727841,10.1558327410521,6.89538589594311,-3.14532348234444,10.1486142404896,10.1486149170867,6.66689160460054e-06,-0.0710707250644926
B083JHCCV2,2022Q3,Other,19,0.00115481442132249,10.0830025113584,6.82386619300998,-3.12264717342649,10.077150336548,10.0771517853586,1.43771853925228e-05,-0.0580256326741968
B083ZNZPGK,2020Q4,Other,12,0.000376287845150026,9.51197204199463,6.26225240222778,-2.94809839858951,9.50979288937721,9.50979653665377,3.83528496393372e-05,-0.022871233549171
B083ZNZPGK,2022Q1,Other,17,0.000348850189774503,8.70273982954046,5.43991496638589,-2.69736259333443,8.69952381489899,8.69952489963173,1.2468874874846e-05,-0.0369415835897668
B083ZNZPGK,2022Q2,Other,18,0.000372106869092803,8.50036234247285,5.23991549736386,-2.63457559725137,8.49314384191033,8.49314451850745,7.96639177615373e-06,-0.0849119563920087
B083ZNZPGK,2022Q3,Other,19,0.000384938140440831,8.38911191142491,5.12997559307649,-2.60006161324524,8.38325973661456,8.38326118542514,1.7282186523037e-05,-0.069741899518605
B084ZJ6541,2020Q4,Sensodyne,12,0.000376287845150026,16.9781531121432,13.6948226369654,-5.26213342301003,16.9784935194519,16.9785030793907,5.630616665482e-05,0.00206127984125892
B084ZJ6541,2021Q1,Sensodyne,13,0.000350676630558663,16.8281779933673,13.5697782590569,-5.21578442975235,16.8352371325428,16.8352406272914,2.07585350278293e-05,0.041969094496408
B084ZJ6541,2021Q3,Sensodyne,15,0.000408409978272589,14.6589494236391,11.3733012667271,-4.54318372852353,14.6523537785769,14.6523587262491,3.37670809881146e-05,-0.0449602300924723
B084ZJ6541,2021Q4,Sensodyne,16,0.000408409978272589,14.70257334245,11.4100758614613,-4.55670389783365,14.6901231112609,14.6901276433861,3.08515127274642e-05,-0.0846498009156704
B084ZJ6541,2022Q2,Sensodyne,18,0.000372106869092803,14.1729659559422,10.8902921591547,-4.39272453853269,14.1662524223484,14.1662536487183,8.65698205488121e-06,-0.0473599333037145
B084ZJ6541,2022Q3,Sensodyne,19,0.000769876280881662,10.7804249810602,7.50472425546713,-3.33992150556116,10.7759965602148,10.7759989387908,2.20729099343104e-05,-0.0410562874580744
B086Y299CH,2021Q1,Parodontax,13,0.000350676630558663,5.56118991702489,2.30279018271444,-1.72365468154346,5.56824905620036,5.56825255094895,6.2762073976495e-05,0.126998610539086
B086Y299CH,2021Q3,Parodontax,15,0.000408409978272589,5.38958877061387,2.1039406137019,-1.67037154563068,5.3829931255517,5.38299807322386,9.19130314824968e-05,-0.122285719198911
B086Y299CH,2022Q1,Parodontax,17,0.000697700379549007,5.3894819679149,2.10463104299582,-1.66985503443134,5.38124099169017,5.38124261314068,3.01315348454688e-05,-0.152878418060864
B086Y299CH,2022Q2,Parodontax,18,0.000372106869092803,5.57941150175687,2.29673770496936,-1.72926527097621,5.57269796816305,5.57269919453298,2.20067539467984e-05,-0.120304932191828
B08CYCJFVQ,2020Q4,Other,12,0.000376287845150026,11.4456960419453,8.19597640217845,-3.54742823286573,11.4435168893279,11.4435205366044,3.18719900964449e-05,-0.0190071912872902
B08CYCJFVQ,2021Q3,Other,15,0.000816819956545178,10.9250225886084,7.68121228591997,-3.38456078700525,10.9233094503298,10.9233109991507,1.41790446801245e-05,-0.0156666903322722
B08CYCJFVQ,2022Q1,Other,17,0.00139540075909801,10.3706928674035,7.10786800424893,-3.21096960683568,10.367476852762,10.3674779374948,1.04628421781772e-05,-0.0310001457938469
B08CYCJFVQ,2022Q3,Other,19,0.000384938140440831,10.1090906349733,6.84995431662488,-3.13313957214174,10.1032384601629,10.1032399089735,1.43400612771975e-05,-0.0578758882577302
B08L8R52HZ,2021Q3,Colgate,15,0.000408409978272589,6.36868214659975,3.06654749662775,-1.97381764984542,6.38012292596321,6.38565819909708,0.0867580953863263,0.266555185304607
B08L8R52HZ,2021Q4,Colgate,16,0.000408409978272589,6.01160866169068,2.71636344858958,-1.86315143498626,6.04226150942475,6.04664140668364,0.0724877142780762,0.582751588875152
B08L8R52HZ,2022Q3,Colgate,19,0.000769876280881662,5.87056556177307,2.57035017433462,-1.81878063286187,5.87614409326057,5.879547739033,0.0579231162206699,0.153003610391811
B08MMD7T1Q,2021Q1,Crest,13,0.000350676630558663,19.647727518152,16.3637318307328,-6.08968548523702,19.6381131502233,19.6381174203962,2.17443133291321e-05,-0.048912006474755
B08MMD7T1Q,2021Q2,Crest,14,0.001248060306274,15.8021055645193,12.5264207476832,-4.89336323557885,15.7915150908609,15.7915165587274,9.2952860789837e-06,-0.0670100939944462
B08MMD7T1Q,2021Q3,Crest,15,0.00122522993481777,13.6504645348431,10.3932750465728,-4.22717136835644,13.6508165519477,13.6508195215088,2.17537244669102e-05,0.00260054641190166
B08MMD7T1Q,2021Q4,Crest,16,0.000408409978272589,13.2491543984103,9.98253362253211,-4.10625215627564,13.2493136409341,13.2493170759156,2.59257310944507e-05,0.00122783311582442
B08MMD7T1Q,2022Q1,Crest,17,0.000348850189774503,18.1017010300313,14.8480621769927,-5.61051487123543,18.1096567744128,18.1096579218456,6.33602726353986e-06,0.0439565972340628
B08MMD7T1Q,2022Q2,Crest,18,0.000372106869092803,12.6423259746774,9.3781955638023,-3.91832279183675,12.641445154559,12.6414460735543,7.26970106292065e-06,-0.00695996231137031
B08MMD7T1Q,2022Q3,Crest,19,0.00153975256176332,12.6087135718771,9.3406788307734,-3.90334032222388,12.6077832149509,12.6077853781293,1.71574845257065e-05,-0.00736152615781194
B08MMFMSZW,2021Q1,Crest,13,0.000350676630558663,14.0850997368292,10.80110404941,-4.3655851469968,14.0754853689005,14.0754896390734,3.03376597463674e-05,-0.0682288229077233
B08MMFMSZW,2021Q2,Crest,14,0.001248060306274,13.3421407310348,10.0664559141987,-4.13159756910856,13.3315502573764,13.3315517252429,1.10104712172482e-05,-0.0793651184270217
B08MMFMSZW,2021Q4,Crest,16,0.00163363991309036,14.2956379763547,11.0290172004765,-4.42515350706321,14.2957972188785,14.29580065386,2.40279109698703e-05,0.0011379520490129
B08MMFMSZW,2022Q1,Crest,17,0.000697700379549007,13.0438715916183,9.79023273857974,-4.04145978693508,13.0518273359998,13.0518284834326,8.79135743063175e-06,0.0610009977359827
B08MMFMSZW,2022Q2,Crest,18,0.000744213738185607,11.0787492785133,7.8146188676382,-3.43243455948916,11.0778684583949,11.0778693773902,8.29577709825071e-06,-0.00794224240479036
B08MMFMSZW,2022Q3,Crest,19,0.00153975256176332,12.6432275707151,9.3751928296114,-3.91402498744191,12.6422972137889,12.6422993769673,1.71106438771306e-05,-0.00734143036313917
B09JHSVM58,2022Q1,Other,17,0.00139540075909801,8.67347684337094,5.41065198021637,-2.68547828826311,8.67026082872947,8.67026191346221,1.2510958578884e-05,-0.0370662188506898
B09JHSVM58,2022Q2,Other,18,0.00223264121455682,8.47269348482959,5.2122466397206,-2.62111241655474,8.46547498426708,8.46547566086419,7.99242943358349e-06,-0.0851892491841366
B09JHSVM58,2022Q3,Other,19,0.00192469070220416,8.37738513450032,5.1182488161519,-2.59242770470534,8.37153295968997,8.37153440850055,1.73063952727488e-05,-0.0698395251720774
